order_item_id,order_id,product_id,quantity,unit_price,discount_amount,net_amount
OI0000001,O000001,P004,21,1433.48,826.58,29276.5
OI0000002,O000002,P004,17,1550.99,839.15,25527.68
OI0000003,O000002,P005,113,1035.71,1724.71,115310.52
OI0000004,O000003,P005,81,1040.35,4679.39,79588.96
OI0000005,O000004,P003,80,875.98,6755.65,63322.75
OI0000006,O000005,P011,82,2262.44,14086.36,171433.72
OI0000007,O000005,P008,40,1526.62,4892.58,56172.22
OI0000008,O000005,P009,10,2215.53,2572.48,19582.82
OI0000009,O000006,P008,49,1512.43,1251.46,72857.61
OI0000010,O000006,P011,19,2146.78,93.6,40695.22
OI0000011,O000006,P010,105,1766.12,16210.03,169232.57
OI0000012,O000007,P014,8,193.68,97.78,1451.66
OI0000013,O000008,P015,64,253.07,1658.5,14537.98
OI0000014,O000008,P017,101,278.9,834.88,27334.02
OI0000015,O000009,P017,112,305.44,913.96,33295.32
OI0000016,O000009,P017,45,272.29,1240.7,11012.35
OI0000017,O000009,P018,96,262.6,1390.86,23818.74
OI0000018,O000010,P017,64,269.12,247.38,16976.3
OI0000019,O000010,P017,68,282.34,1135.76,18063.36
OI0000020,O000010,P017,103,278.84,2436.16,26284.36
OI0000021,O000011,P015,81,275.92,418.13,21931.39
OI0000022,O000012,P018,103,267.3,2939.62,24592.28
OI0000023,O000012,P018,49,273.22,861.08,12526.7
OI0000024,O000012,P017,96,309.82,1287.9,28454.82
OI0000025,O000013,P024,59,213.76,274.69,12337.15
OI0000026,O000013,P021,98,216.44,1452.02,19759.1
OI0000027,O000014,P021,46,237.84,412.14,10528.5
OI0000028,O000014,P021,89,217.7,2197.03,17178.27
OI0000029,O000015,P019,51,134.42,30.76,6824.66
OI0000030,O000015,P020,96,245.16,676.29,22859.07
OI0000031,O000016,P021,11,211.0,57.94,2263.06
OI0000032,O000016,P023,33,201.64,479.76,6174.36
OI0000033,O000017,P019,57,144.53,264.18,7974.03
OI0000034,O000017,P021,40,233.94,198.71,9158.89
OI0000035,O000017,P019,81,125.27,408.41,9738.46
OI0000036,O000018,P019,114,131.66,210.03,14799.21
OI0000037,O000018,P022,92,229.46,2330.56,18779.76
OI0000038,O000018,P021,102,229.44,2421.33,20981.55
OI0000039,O000019,P029,39,119.81,332.57,4340.02
OI0000040,O000019,P027,64,101.89,715.7,5805.26
OI0000041,O000019,P029,115,125.04,219.32,14160.28
OI0000042,O000020,P030,66,153.84,1165.25,8988.19
OI0000043,O000020,P029,31,117.01,371.11,3256.2
OI0000044,O000021,P001,118,1600.41,9028.44,179819.94
OI0000045,O000021,P006,115,1273.4,270.03,146170.97
OI0000046,O000022,P005,116,1016.22,2744.26,115137.26
OI0000047,O000022,P001,51,1528.16,3350.3,74585.86
OI0000048,O000023,P012,66,2133.51,6829.61,133982.05
OI0000049,O000023,P007,22,1607.2,362.24,34996.16
OI0000050,O000023,P008,13,1530.08,1953.18,17937.86
OI0000051,O000024,P014,52,190.78,479.3,9441.26
OI0000052,O000025,P015,51,273.58,435.95,13516.63
OI0000053,O000026,P013,101,200.88,401.94,19886.94
OI0000054,O000027,P015,23,263.66,332.65,5731.53
OI0000055,O000028,P021,53,238.72,8.63,12643.53
OI0000056,O000029,P020,23,241.1,246.22,5299.08
OI0000057,O000029,P021,24,207.29,455.79,4519.17
OI0000058,O000030,P022,21,233.17,362.62,4533.95
OI0000059,O000030,P022,116,228.79,453.64,26086.0
OI0000060,O000031,P030,51,151.05,114.35,7589.2
OI0000061,O000031,P027,22,96.29,29.65,2088.73
OI0000062,O000031,P026,22,165.5,238.8,3402.2
OI0000063,O000032,P028,49,114.88,42.86,5586.26
OI0000064,O000033,P005,12,926.92,1300.65,9822.39
OI0000065,O000034,P004,12,1564.29,755.22,18016.26
OI0000066,O000035,P004,20,1549.27,1540.36,29445.04
OI0000067,O000036,P007,72,1646.17,3340.49,115183.75
OI0000068,O000036,P011,91,2330.71,10120.31,201974.3
OI0000069,O000037,P017,36,277.52,1066.91,8923.81
OI0000070,O000038,P015,107,280.75,926.29,29113.96
OI0000071,O000038,P016,105,119.2,478.65,12037.35
OI0000072,O000038,P017,62,272.5,780.91,16114.09
OI0000073,O000039,P018,92,286.42,330.4,26020.24
OI0000074,O000039,P013,20,213.11,0.3,4261.9
OI0000075,O000039,P018,53,274.93,702.76,13868.53
OI0000076,O000040,P017,114,279.36,3766.68,28080.36
OI0000077,O000040,P015,67,264.47,1677.89,16041.6
OI0000078,O000041,P022,46,224.79,775.08,9565.26
OI0000079,O000041,P024,59,195.53,627.33,10908.94
OI0000080,O000041,P021,32,228.36,595.23,6712.29
OI0000081,O000042,P024,87,199.0,1503.23,15809.77
OI0000082,O000042,P019,67,129.7,371.25,8318.65
OI0000083,O000043,P021,116,224.84,902.32,25179.12
OI0000084,O000043,P021,47,212.36,498.32,9482.6
OI0000085,O000043,P022,59,231.79,1407.43,12268.18
OI0000086,O000044,P026,101,158.12,873.91,15096.21
OI0000087,O000045,P026,17,155.35,45.76,2595.19
OI0000088,O000045,P029,75,120.9,929.92,8137.58
OI0000089,O000046,P005,100,1017.24,1889.06,99834.94
OI0000090,O000047,P013,55,196.18,283.48,10506.42
OI0000091,O000047,P014,30,197.04,532.95,5378.25
OI0000092,O000048,P018,50,289.98,1424.98,13074.02
OI0000093,O000049,P023,25,232.9,257.86,5564.64
OI0000094,O000050,P029,37,132.33,551.6,4344.61
OI0000095,O000050,P026,62,167.03,1053.34,9302.52
OI0000096,O000051,P002,36,1979.12,895.58,70352.74
OI0000097,O000051,P001,27,1662.26,3213.52,41667.5
OI0000098,O000051,P003,68,818.09,997.97,54632.15
OI0000099,O000052,P006,8,1265.97,882.96,9244.8
OI0000100,O000052,P002,48,1970.11,3869.86,90695.42
OI0000101,O000053,P005,33,1018.48,1431.78,32178.06
OI0000102,O000053,P002,44,1964.23,9987.78,76438.34
OI0000103,O000054,P003,99,896.9,4007.42,84785.68
OI0000104,O000054,P002,72,1748.04,7829.81,118029.07
OI0000105,O000055,P011,54,2224.6,10850.76,109277.64
OI0000106,O000055,P007,59,1557.45,309.6,91579.95
OI0000107,O000056,P008,32,1397.75,2081.51,42646.49
OI0000108,O000057,P017,81,277.14,798.76,21649.58
OI0000109,O000057,P015,61,280.32,1796.12,15303.4
OI0000110,O000058,P016,25,117.38,20.85,2913.65
OI0000111,O000059,P017,34,292.48,1175.41,8768.91
OI0000112,O000059,P013,57,196.31,829.54,10360.13
OI0000113,O000060,P024,30,198.87,218.39,5747.71
OI0000114,O000060,P020,118,236.7,2215.15,25715.45
OI0000115,O000061,P020,84,241.56,886.81,19404.23
OI0000116,O000061,P020,96,219.14,1385.53,19651.91
OI0000117,O000061,P020,93,235.0,625.33,21229.67
OI0000118,O000062,P022,30,227.03,420.76,6390.14
OI0000119,O000063,P024,14,204.41,183.88,2677.86
OI0000120,O000063,P019,17,125.26,213.01,1916.41
OI0000121,O000064,P028,58,117.45,0.52,6811.58
OI0000122,O000065,P030,118,162.81,1050.59,18160.99
OI0000123,O000066,P027,93,101.17,743.03,8665.78
OI0000124,O000066,P025,51,213.78,1099.86,9802.92
OI0000125,O000066,P025,11,212.8,9.27,2331.53
OI0000126,O000067,P004,102,1610.59,5950.78,158329.4
OI0000127,O000067,P004,54,1464.32,8978.37,70094.91
OI0000128,O000067,P005,36,934.13,919.73,32708.95
OI0000129,O000068,P004,77,1494.08,1604.22,113439.94
OI0000130,O000068,P003,6,845.75,116.93,4957.57
OI0000131,O000068,P004,108,1626.41,8051.27,167601.01
OI0000132,O000069,P001,88,1592.94,13548.88,126629.84
OI0000133,O000069,P004,68,1543.21,11230.97,93707.31
OI0000134,O000069,P006,23,1279.62,889.0,28542.26
OI0000135,O000070,P009,94,2180.5,21556.36,183410.64
OI0000136,O000071,P018,12,287.35,372.52,3075.68
OI0000137,O000072,P015,22,249.76,472.54,5022.18
OI0000138,O000073,P018,65,288.14,2032.07,16697.03
OI0000139,O000073,P018,100,278.81,2934.29,24946.71
OI0000140,O000073,P014,52,187.11,169.85,9559.87
OI0000141,O000074,P024,113,209.17,2335.33,21300.88
OI0000142,O000074,P023,96,208.36,2367.21,17635.35
OI0000143,O000075,P022,46,217.28,164.05,9830.83
OI0000144,O000075,P024,40,222.14,119.77,8765.83
OI0000145,O000075,P021,76,229.08,423.29,16986.79
OI0000146,O000076,P021,17,223.66,291.31,3510.91
OI0000147,O000077,P030,57,163.19,554.98,8746.85
OI0000148,O000077,P029,46,127.82,28.75,5850.97
OI0000149,O000078,P029,50,117.22,455.39,5405.61
OI0000150,O000078,P026,28,173.2,284.8,4564.8
OI0000151,O000079,P004,30,1470.49,0.9,44113.8
OI0000152,O000079,P004,115,1435.88,2559.22,162566.98
OI0000153,O000080,P001,115,1644.57,3806.96,185318.59
OI0000154,O000080,P001,43,1602.33,8181.14,60719.05
OI0000155,O000081,P003,90,888.06,6779.61,73145.79
OI0000156,O000082,P011,108,2261.5,20632.43,223609.57
OI0000157,O000083,P016,56,127.11,326.87,6791.29
OI0000158,O000083,P013,42,206.62,190.32,8487.72
OI0000159,O000083,P015,28,249.38,492.82,6489.82
OI0000160,O000084,P017,74,295.35,2397.28,19458.62
OI0000161,O000084,P017,59,278.74,1751.06,14694.6
OI0000162,O000085,P013,116,211.81,2313.43,22256.53
OI0000163,O000085,P017,54,287.24,160.21,15350.75
OI0000164,O000085,P015,14,267.29,254.98,3487.08
OI0000165,O000086,P015,6,263.89,174.29,1409.05
OI0000166,O000087,P019,54,138.09,510.23,6946.63
OI0000167,O000087,P024,84,214.71,1985.38,16050.26
OI0000168,O000088,P022,119,217.57,2537.4,23353.43
OI0000169,O000089,P021,116,215.15,680.29,24277.11
OI0000170,O000090,P030,86,145.96,1002.4,11550.16
OI0000171,O000090,P030,111,158.05,664.05,16879.5
OI0000172,O000090,P028,35,121.8,105.23,4157.77
OI0000173,O000091,P028,84,110.87,710.23,8602.85
OI0000174,O000092,P006,10,1153.07,310.39,11220.31
OI0000175,O000093,P016,5,118.16,1.51,589.29
OI0000176,O000093,P018,64,269.56,1188.21,16063.63
OI0000177,O000093,P018,89,257.04,922.6,21953.96
OI0000178,O000094,P022,80,218.57,794.97,16690.63
OI0000179,O000095,P005,80,972.62,5981.35,71828.25
OI0000180,O000095,P002,91,1734.06,3322.55,154476.91
OI0000181,O000095,P001,11,1621.12,670.98,17161.34
OI0000182,O000096,P001,83,1572.06,14260.13,116220.85
OI0000183,O000096,P006,9,1209.09,170.2,10711.61
OI0000184,O000096,P001,35,1679.1,712.92,58055.58
OI0000185,O000097,P001,97,1686.07,4212.17,159336.62
OI0000186,O000097,P004,28,1616.54,2406.55,42856.57
OI0000187,O000098,P006,102,1144.48,10812.44,105924.52
OI0000188,O000099,P002,69,1958.4,5110.03,130019.57
OI0000189,O000100,P004,114,1499.87,19020.76,151964.42
OI0000190,O000101,P009,19,2069.88,683.91,38643.81
OI0000191,O000101,P009,45,2062.49,7979.47,84832.58
OI0000192,O000101,P007,48,1715.78,321.96,82035.48
OI0000193,O000102,P010,28,1776.21,4357.23,45376.65
OI0000194,O000103,P017,25,274.11,556.24,6296.51
OI0000195,O000104,P016,83,127.82,582.89,10026.17
OI0000196,O000105,P013,69,188.86,584.82,12446.52
OI0000197,O000105,P015,59,281.94,473.53,16160.93
OI0000198,O000105,P018,60,250.19,1081.82,13929.58
OI0000199,O000106,P013,96,190.19,322.98,17935.26
OI0000200,O000106,P014,31,190.94,312.4,5606.74
OI0000201,O000107,P013,49,205.98,652.37,9440.65
OI0000202,O000108,P016,5,129.91,18.92,630.63
OI0000203,O000109,P018,84,272.21,1248.27,21617.37
OI0000204,O000109,P015,88,280.31,2033.32,22633.96
OI0000205,O000109,P018,25,253.93,416.98,5931.27
OI0000206,O000110,P016,71,127.53,31.25,9023.38
OI0000207,O000111,P021,31,229.63,692.78,6425.75
OI0000208,O000112,P019,47,142.23,477.08,6207.73
OI0000209,O000113,P019,113,129.66,852.41,13799.17
OI0000210,O000113,P020,66,229.24,454.19,14675.65
OI0000211,O000114,P021,20,218.33,5.7,4360.9
OI0000212,O000114,P020,69,235.19,1279.01,14949.1
OI0000213,O000114,P024,46,199.53,998.04,8180.34
OI0000214,O000115,P021,46,217.23,1169.84,8822.74
OI0000215,O000115,P019,47,127.41,624.76,5363.51
OI0000216,O000116,P022,52,228.28,162.44,11708.12
OI0000217,O000116,P020,88,217.51,482.96,18657.92
OI0000218,O000116,P021,78,237.09,2110.5,16382.52
OI0000219,O000117,P028,91,121.83,294.9,10791.63
OI0000220,O000117,P027,43,90.0,250.9,3619.1
OI0000221,O000117,P026,94,156.69,886.24,13842.62
OI0000222,O000118,P030,90,148.8,1559.54,11832.46
OI0000223,O000119,P025,37,198.88,681.28,6677.28
OI0000224,O000120,P006,9,1226.65,1178.58,9861.27
OI0000225,O000120,P003,97,822.6,6125.87,73666.33
OI0000226,O000121,P001,22,1671.16,2450.36,34315.16
OI0000227,O000122,P001,18,1550.6,2528.06,25382.74
OI0000228,O000123,P004,12,1512.29,78.39,18069.09
OI0000229,O000123,P004,11,1493.96,133.47,16300.09
OI0000230,O000123,P004,73,1614.01,6674.15,111148.58
OI0000231,O000124,P009,115,2023.31,24202.22,208478.43
OI0000232,O000124,P012,82,2073.48,1002.87,169022.49
OI0000233,O000124,P009,94,2010.13,19932.89,169019.33
OI0000234,O000125,P010,71,1661.66,13284.22,104693.64
OI0000235,O000125,P011,25,2259.61,5611.76,50878.49
OI0000236,O000125,P011,78,2146.76,13599.02,153848.26
OI0000237,O000126,P017,44,294.82,1034.49,11937.59
OI0000238,O000126,P013,7,187.26,108.03,1202.79
OI0000239,O000126,P014,70,183.08,567.42,12248.18
OI0000240,O000127,P017,111,270.8,935.61,29123.19
OI0000241,O000127,P014,6,202.56,38.16,1177.2
OI0000242,O000128,P018,103,284.57,1319.02,27991.69
OI0000243,O000128,P016,56,116.04,100.57,6397.67
OI0000244,O000128,P013,43,202.63,661.03,8052.06
OI0000245,O000129,P022,40,229.63,46.54,9138.66
OI0000246,O000129,P021,60,223.25,71.83,13323.17
OI0000247,O000129,P019,16,143.82,103.45,2197.67
OI0000248,O000130,P021,53,233.83,645.91,11747.08
OI0000249,O000130,P019,21,139.75,143.99,2790.76
OI0000250,O000130,P022,91,216.91,1787.92,17950.89
OI0000251,O000131,P023,118,211.58,2633.73,22332.71
OI0000252,O000131,P021,79,214.02,114.19,16793.39
OI0000253,O000131,P021,108,206.82,133.45,22203.11
OI0000254,O000132,P021,15,234.45,283.67,3233.08
OI0000255,O000133,P026,16,161.36,249.48,2332.28
OI0000256,O000133,P029,31,121.79,36.39,3739.1
OI0000257,O000133,P030,77,163.27,707.71,11864.08
OI0000258,O000134,P028,93,115.09,782.74,9920.63
OI0000259,O000134,P028,41,109.83,331.35,4171.68
OI0000260,O000135,P005,24,1012.03,780.93,23507.79
OI0000261,O000135,P004,35,1639.36,3681.01,53696.59
OI0000262,O000135,P003,115,867.39,1900.48,97849.37
OI0000263,O000136,P004,25,1522.39,3363.13,34696.62
OI0000264,O000136,P001,39,1471.79,4076.64,53323.17
OI0000265,O000137,P005,10,1046.96,444.38,10025.22
OI0000266,O000137,P005,37,1027.9,1431.07,36601.23
OI0000267,O000137,P001,96,1599.27,10496.54,143033.38
OI0000268,O000138,P012,99,2169.89,23751.19,191067.92
OI0000269,O000138,P010,105,1777.9,8414.7,178264.8
OI0000270,O000138,P007,35,1618.44,1675.44,54969.96
OI0000271,O000139,P010,44,1775.68,683.28,77446.64
OI0000272,O000140,P015,16,258.9,242.57,3899.83
OI0000273,O000141,P018,69,267.79,821.76,17655.75
OI0000274,O000142,P016,83,118.88,1007.16,8859.88
OI0000275,O000142,P017,114,271.15,1154.0,29757.1
OI0000276,O000142,P017,19,272.02,122.17,5046.21
OI0000277,O000143,P019,16,129.49,115.41,1956.43
OI0000278,O000143,P019,49,124.36,298.86,5794.78
OI0000279,O000144,P019,81,134.21,111.5,10759.51
OI0000280,O000144,P022,57,234.61,940.94,12431.83
OI0000281,O000144,P019,40,138.73,399.72,5149.48
OI0000282,O000145,P020,102,223.15,936.51,21824.79
OI0000283,O000145,P022,34,223.85,306.54,7304.36
OI0000284,O000146,P020,42,226.41,767.9,8741.32
OI0000285,O000146,P020,53,245.88,743.19,12288.45
OI0000286,O000146,P021,88,218.95,1446.67,17820.93
OI0000287,O000147,P027,94,93.08,144.52,8605.0
OI0000288,O000147,P027,25,97.86,113.47,2333.03
OI0000289,O000148,P026,108,171.33,447.03,18056.61
OI0000290,O000148,P025,13,214.03,236.55,2545.84
OI0000291,O000148,P026,42,173.85,860.29,6441.41
OI0000292,O000149,P004,67,1505.25,750.21,100101.54
OI0000293,O000149,P004,78,1577.32,14069.38,108961.58
OI0000294,O000150,P003,83,917.13,4093.14,72028.65
OI0000295,O000150,P001,15,1501.48,55.46,22466.74
OI0000296,O000150,P004,101,1619.86,9589.49,154016.37
OI0000297,O000151,P017,69,290.9,2270.01,17802.09
OI0000298,O000152,P018,24,279.57,710.61,5999.07
OI0000299,O000153,P024,8,214.88,25.02,1694.02
OI0000300,O000154,P021,54,216.72,331.03,11371.85
OI0000301,O000155,P028,79,111.33,164.92,8630.15
OI0000302,O000156,P004,67,1534.59,8174.21,94643.32
OI0000303,O000156,P002,54,1994.73,8928.94,98786.48
OI0000304,O000156,P004,111,1503.47,13948.14,152937.03
OI0000305,O000157,P001,77,1582.49,14393.94,107457.79
OI0000306,O000157,P006,61,1149.28,5982.21,64123.87
OI0000307,O000158,P005,68,962.66,5659.18,59801.7
OI0000308,O000159,P003,92,798.7,2738.97,70741.43
OI0000309,O000160,P003,16,833.12,1277.49,12052.43
OI0000310,O000160,P002,16,1789.4,3307.48,25322.92
OI0000311,O000160,P002,56,1895.67,10447.2,95710.32
OI0000312,O000161,P007,100,1642.42,13761.29,150480.71
OI0000313,O000161,P010,86,1546.53,5468.84,127532.74
OI0000314,O000161,P011,14,2317.95,3746.95,28704.35
OI0000315,O000162,P011,59,2182.87,14250.22,114539.11
OI0000316,O000163,P007,15,1495.64,730.3,21704.3
OI0000317,O000164,P018,30,272.46,196.24,7977.56
OI0000318,O000164,P013,73,202.35,1358.69,13412.86
OI0000319,O000165,P018,39,270.48,874.21,9674.51
OI0000320,O000165,P016,109,122.83,1344.93,12043.54
OI0000321,O000165,P015,78,272.2,449.09,20782.51
OI0000322,O000166,P017,86,276.58,252.24,23533.64
OI0000323,O000166,P013,41,185.09,477.41,7111.28
OI0000324,O000166,P015,46,251.05,88.86,11459.44
OI0000325,O000167,P017,92,298.78,1329.53,26158.23
OI0000326,O000168,P017,25,278.94,793.76,6179.74
OI0000327,O000168,P013,27,191.28,328.02,4836.54
OI0000328,O000169,P017,78,280.79,1037.74,20863.88
OI0000329,O000169,P015,89,262.38,1701.45,21650.37
OI0000330,O000170,P020,110,225.39,952.6,23840.3
OI0000331,O000170,P022,13,234.59,361.05,2688.62
OI0000332,O000171,P021,92,213.45,197.19,19440.21
OI0000333,O000172,P020,22,232.03,8.25,5096.41
OI0000334,O000172,P022,95,209.04,500.91,19357.89
OI0000335,O000172,P022,53,212.22,1141.74,10105.92
OI0000336,O000173,P022,24,227.95,572.34,4898.46
OI0000337,O000173,P019,42,136.51,682.91,5050.51
OI0000338,O000174,P021,56,224.27,1186.68,11372.44
OI0000339,O000175,P023,20,217.24,334.55,4010.25
OI0000340,O000175,P024,90,199.01,17.73,17893.17
OI0000341,O000175,P019,14,137.14,163.7,1756.26
OI0000342,O000176,P023,103,218.44,698.42,21800.9
OI0000343,O000176,P019,11,127.39,102.41,1298.88
OI0000344,O000177,P020,54,244.04,1158.87,12019.29
OI0000345,O000177,P024,87,195.01,1421.85,15544.02
OI0000346,O000178,P028,42,115.12,338.69,4496.35
OI0000347,O000179,P029,29,133.99,29.04,3856.67
OI0000348,O000179,P028,17,120.98,49.94,2006.72
OI0000349,O000180,P005,38,1017.12,1832.02,36818.54
OI0000350,O000180,P004,120,1613.47,13364.71,180251.69
OI0000351,O000181,P001,50,1595.01,7289.19,72461.31
OI0000352,O000182,P005,72,960.45,7936.82,61215.58
OI0000353,O000182,P003,51,903.72,5250.45,40839.27
OI0000354,O000182,P005,20,973.92,2239.93,17238.47
OI0000355,O000183,P007,5,1603.7,446.65,7571.85
OI0000356,O000184,P008,69,1541.55,8399.45,97967.5
OI0000357,O000184,P007,15,1674.2,237.17,24875.83
OI0000358,O000185,P014,112,179.92,135.61,20015.43
OI0000359,O000185,P013,31,206.54,17.02,6385.72
OI0000360,O000185,P015,56,287.23,1004.27,15080.61
OI0000361,O000186,P013,20,187.69,107.28,3646.52
OI0000362,O000186,P016,88,117.62,787.14,9563.42
OI0000363,O000186,P017,82,294.84,2821.13,21355.75
OI0000364,O000187,P018,38,289.28,1255.24,9737.4
OI0000365,O000187,P018,9,258.1,130.11,2192.79
OI0000366,O000187,P017,13,269.1,121.23,3377.07
OI0000367,O000188,P015,55,262.26,97.52,14326.78
OI0000368,O000188,P013,61,187.0,5.99,11401.01
OI0000369,O000188,P018,90,284.2,1384.91,24193.09
OI0000370,O000189,P021,109,207.51,1419.51,21199.08
OI0000371,O000189,P023,109,202.33,306.67,21747.3
OI0000372,O000190,P024,91,196.27,1517.72,16342.85
OI0000373,O000191,P020,64,239.81,356.39,14991.45
OI0000374,O000192,P021,115,234.59,2415.43,24562.42
OI0000375,O000193,P029,52,118.15,675.21,5468.59
OI0000376,O000193,P026,47,174.73,944.96,7267.35
OI0000377,O000194,P026,69,158.12,1118.4,9791.88
OI0000378,O000195,P004,87,1421.3,5303.01,118350.09
OI0000379,O000195,P005,5,977.97,561.39,4328.46
OI0000380,O000196,P006,107,1295.83,10705.39,127948.42
OI0000381,O000197,P005,105,1003.63,7418.88,97962.27
OI0000382,O000197,P002,32,1858.64,2102.9,57373.58
OI0000383,O000197,P004,113,1522.29,1619.73,170399.04
OI0000384,O000198,P002,42,1824.09,4423.17,72188.61
OI0000385,O000199,P012,73,2166.81,10981.99,147195.14
OI0000386,O000200,P011,73,2074.22,7208.51,144209.55
OI0000387,O000200,P010,51,1601.45,9000.68,72673.27
OI0000388,O000201,P015,98,262.93,2672.29,23094.85
OI0000389,O000201,P018,62,256.07,670.87,15205.47
OI0000390,O000202,P017,73,301.77,1441.4,20587.81
OI0000391,O000202,P015,90,266.6,274.05,23719.95
OI0000392,O000203,P017,20,310.51,688.31,5521.89
OI0000393,O000203,P013,49,211.04,536.16,9804.8
OI0000394,O000203,P018,6,290.76,128.17,1616.39
OI0000395,O000204,P017,99,292.63,232.7,28737.67
OI0000396,O000204,P015,18,260.98,401.97,4295.67
OI0000397,O000205,P016,60,125.61,76.12,7460.48
OI0000398,O000205,P016,37,123.83,9.49,4572.22
OI0000399,O000205,P015,63,281.31,1463.93,16258.6
OI0000400,O000206,P023,92,224.1,866.86,19750.34
OI0000401,O000206,P022,39,241.46,1059.99,8356.95
OI0000402,O000206,P021,91,232.98,136.12,21065.06
OI0000403,O000207,P019,56,143.54,430.54,7607.7
OI0000404,O000208,P022,108,214.93,812.13,22400.31
OI0000405,O000208,P024,67,211.81,1327.44,12863.83
OI0000406,O000208,P022,34,236.96,825.29,7231.35
OI0000407,O000209,P020,98,252.91,2715.93,22069.25
OI0000408,O000210,P020,32,242.45,501.54,7256.86
OI0000409,O000211,P026,115,172.93,1189.2,18697.75
OI0000410,O000212,P026,111,163.44,2166.67,15975.17
OI0000411,O000213,P001,21,1607.97,2085.12,31682.25
OI0000412,O000213,P004,47,1626.08,8537.4,67888.36
OI0000413,O000214,P010,73,1734.41,1332.84,125279.09
OI0000414,O000214,P009,48,2093.95,4419.3,96090.3
OI0000415,O000215,P016,97,113.55,338.73,10675.62
OI0000416,O000215,P013,70,190.03,1444.22,11857.88
OI0000417,O000216,P018,98,263.55,2668.38,23159.52
OI0000418,O000216,P013,71,193.15,566.85,13146.8
OI0000419,O000216,P013,120,193.58,2447.2,20782.4
OI0000420,O000217,P020,96,252.31,244.66,23977.1
OI0000421,O000217,P019,85,131.63,1150.82,10037.73
OI0000422,O000217,P023,20,216.24,47.61,4277.19
OI0000423,O000218,P020,32,221.98,657.25,6446.11
OI0000424,O000219,P028,89,123.47,513.15,10475.68
OI0000425,O000219,P027,91,93.05,902.53,7565.02
OI0000426,O000219,P030,14,151.52,120.81,2000.47
OI0000427,O000220,P006,27,1213.74,1765.91,31005.07
OI0000428,O000220,P005,40,1022.44,3681.4,37216.2
OI0000429,O000221,P004,7,1496.72,629.46,9847.58
OI0000430,O000221,P005,117,941.06,2145.36,107958.66
OI0000431,O000222,P001,101,1675.05,9140.05,160040.0
OI0000432,O000222,P006,36,1186.58,3751.18,38965.7
OI0000433,O000223,P005,81,1011.95,5397.85,76570.1
OI0000434,O000223,P006,100,1276.88,11560.24,116127.76
OI0000435,O000224,P003,23,817.27,240.12,18557.09
OI0000436,O000225,P009,56,1918.93,9288.46,98171.62
OI0000437,O000225,P011,33,2179.66,4051.49,67877.29
OI0000438,O000225,P007,42,1694.44,3337.78,67828.7
OI0000439,O000226,P009,78,2092.57,2403.1,160817.36
OI0000440,O000227,P013,36,192.62,149.07,6785.25
OI0000441,O000227,P016,57,117.6,672.3,6030.9
OI0000442,O000228,P013,54,190.08,574.92,9689.4
OI0000443,O000228,P017,56,305.79,661.04,16463.2
OI0000444,O000228,P015,51,283.02,1709.09,12724.93
OI0000445,O000229,P016,36,114.75,139.59,3991.41
OI0000446,O000230,P014,27,174.92,31.39,4691.45
OI0000447,O000230,P018,83,272.87,158.2,22490.01
OI0000448,O000230,P017,73,294.86,643.97,20880.81
OI0000449,O000231,P014,96,199.1,540.14,18573.46
OI0000450,O000231,P017,77,279.47,2130.35,19388.84
OI0000451,O000231,P015,32,269.8,858.87,7774.73
OI0000452,O000232,P018,114,282.27,2353.84,29824.94
OI0000453,O000232,P013,105,192.53,97.97,20117.68
OI0000454,O000233,P014,68,186.53,710.61,11973.43
OI0000455,O000233,P013,116,213.73,800.13,23992.55
OI0000456,O000233,P018,117,283.16,2627.3,30502.42
OI0000457,O000234,P019,12,126.32,94.93,1420.91
OI0000458,O000235,P023,67,225.14,297.48,14786.9
OI0000459,O000235,P024,20,225.2,32.76,4471.24
OI0000460,O000236,P019,15,140.17,36.75,2065.8
OI0000461,O000236,P024,79,221.2,167.66,17307.14
OI0000462,O000236,P023,48,214.94,663.91,9653.21
OI0000463,O000237,P020,110,240.54,2979.0,23480.4
OI0000464,O000237,P020,81,228.27,1340.98,17148.89
OI0000465,O000238,P020,29,229.01,427.75,6213.54
OI0000466,O000238,P021,63,240.38,299.2,14844.74
OI0000467,O000238,P021,107,234.08,2227.85,22818.71
OI0000468,O000239,P022,94,216.22,1295.43,19029.25
OI0000469,O000240,P019,80,140.13,241.37,10969.03
OI0000470,O000240,P021,73,222.52,120.03,16123.93
OI0000471,O000241,P027,114,88.89,1004.07,9129.39
OI0000472,O000241,P025,86,203.85,2010.08,15521.02
OI0000473,O000242,P025,47,195.4,796.72,8387.08
OI0000474,O000243,P028,90,120.35,951.5,9880.0
OI0000475,O000243,P030,116,162.64,1919.46,16946.78
OI0000476,O000244,P025,64,215.08,315.77,13449.35
OI0000477,O000244,P025,5,213.04,81.13,984.07
OI0000478,O000245,P005,25,988.35,557.01,24151.74
OI0000479,O000246,P003,92,904.66,2983.42,80245.3
OI0000480,O000247,P003,105,838.45,8323.95,79713.3
OI0000481,O000248,P004,31,1503.0,4580.25,42012.75
OI0000482,O000248,P001,83,1504.46,6630.1,118240.08
OI0000483,O000249,P001,119,1555.63,16829.93,168290.04
OI0000484,O000249,P002,23,1802.69,1132.01,40329.86
OI0000485,O000250,P008,34,1540.35,3026.14,49345.76
OI0000486,O000251,P014,65,198.41,754.79,12141.86
OI0000487,O000251,P014,25,195.43,434.94,4450.81
OI0000488,O000251,P015,119,252.06,899.13,29096.01
OI0000489,O000252,P013,69,188.87,241.77,12790.26
OI0000490,O000252,P018,112,277.27,2199.27,28854.97
OI0000491,O000253,P014,120,179.16,1115.65,20383.55
OI0000492,O000253,P013,85,200.48,580.97,16459.83
OI0000493,O000253,P013,46,195.9,485.23,8526.17
OI0000494,O000254,P015,63,285.16,1142.08,16823.0
OI0000495,O000254,P018,74,274.76,1084.98,19247.26
OI0000496,O000254,P016,54,119.45,705.17,5745.13
OI0000497,O000255,P023,105,212.58,1483.51,20837.39
OI0000498,O000255,P021,24,206.96,573.04,4394.0
OI0000499,O000256,P023,41,209.76,400.62,8199.54
OI0000500,O000257,P020,34,237.52,850.35,7225.33
OI0000501,O000258,P024,37,222.82,852.99,7391.35
OI0000502,O000258,P022,90,224.1,1493.14,18675.86
OI0000503,O000258,P020,26,237.9,98.71,6086.69
OI0000504,O000259,P029,37,135.75,558.1,4464.65
OI0000505,O000259,P030,48,141.96,516.85,6297.23
OI0000506,O000259,P029,8,124.14,61.19,931.93
OI0000507,O000260,P027,65,92.34,466.38,5535.72
OI0000508,O000260,P026,76,175.77,391.64,12966.88
OI0000509,O000260,P030,47,160.34,498.26,7037.72
OI0000510,O000261,P002,72,1952.47,8894.46,131683.38
OI0000511,O000261,P006,84,1267.1,4615.07,101821.33
OI0000512,O000262,P003,24,929.46,2440.63,19866.41
OI0000513,O000262,P002,22,1847.7,4062.38,36587.02
OI0000514,O000262,P005,95,1026.57,8001.44,89522.71
OI0000515,O000263,P001,82,1514.77,12551.02,111660.12
OI0000516,O000263,P002,81,1757.56,8210.93,134151.43
OI0000517,O000263,P006,74,1265.4,296.57,93343.03
OI0000518,O000264,P007,7,1680.95,587.75,11178.9
OI0000519,O000264,P010,81,1764.03,2271.19,140615.24
OI0000520,O000265,P007,21,1680.86,1937.56,33360.5
OI0000521,O000265,P010,91,1649.49,17234.88,132868.71
OI0000522,O000265,P011,47,2154.3,7453.13,93798.97
OI0000523,O000266,P013,113,196.8,1780.02,20458.38
OI0000524,O000266,P018,43,260.02,543.45,10637.41
OI0000525,O000267,P014,53,182.98,1157.44,8540.5
OI0000526,O000268,P017,62,294.23,1718.92,16523.34
OI0000527,O000269,P017,80,298.78,2042.23,21860.17
OI0000528,O000269,P013,99,198.73,1545.14,18129.13
OI0000529,O000269,P018,28,290.48,404.85,7728.59
OI0000530,O000270,P015,120,260.97,3109.96,28206.44
OI0000531,O000270,P016,26,121.33,194.79,2959.79
OI0000532,O000270,P013,74,189.03,949.21,13039.01
OI0000533,O000271,P019,114,127.02,465.67,14014.61
OI0000534,O000271,P023,41,209.31,20.4,8561.31
OI0000535,O000272,P020,36,241.54,632.84,8062.6
OI0000536,O000272,P021,26,226.58,609.77,5281.31
OI0000537,O000273,P019,65,133.91,398.23,8305.92
OI0000538,O000273,P021,56,231.81,930.73,12050.63
OI0000539,O000274,P021,24,229.64,569.47,4941.89
OI0000540,O000274,P019,96,133.57,180.55,12642.17
OI0000541,O000275,P030,93,159.92,339.98,14532.58
OI0000542,O000275,P028,27,116.13,78.98,3056.53
OI0000543,O000275,P028,51,126.82,428.18,6039.64
OI0000544,O000276,P029,47,130.07,63.89,6049.4
OI0000545,O000276,P030,19,149.75,199.05,2646.2
OI0000546,O000276,P028,66,126.67,799.04,7561.18
OI0000547,O000277,P004,81,1531.19,4157.33,119869.06
OI0000548,O000277,P002,20,1796.05,3729.9,32191.1
OI0000549,O000277,P001,58,1679.09,7200.28,90186.94
OI0000550,O000278,P012,16,2043.86,2771.23,29930.53
OI0000551,O000278,P007,49,1494.95,4166.39,69086.16
OI0000552,O000279,P014,32,192.05,533.81,5611.79
OI0000553,O000279,P016,90,127.57,286.11,11195.19
OI0000554,O000279,P013,5,209.95,79.16,970.59
OI0000555,O000280,P017,103,282.76,2719.21,26405.07
OI0000556,O000280,P014,17,193.91,18.05,3278.42
OI0000557,O000280,P016,61,130.71,583.81,7389.5
OI0000558,O000281,P020,27,239.17,148.61,6308.98
OI0000559,O000281,P023,70,212.19,130.29,14723.01
OI0000560,O000281,P024,105,214.02,2372.34,20099.76
OI0000561,O000282,P027,19,93.8,135.39,1646.81
OI0000562,O000283,P004,82,1598.31,4552.88,126508.54
OI0000563,O000283,P001,60,1569.55,7377.25,86795.75
OI0000564,O000284,P001,25,1652.84,334.73,40986.27
OI0000565,O000284,P006,94,1180.04,9050.31,101873.45
OI0000566,O000285,P002,22,1876.1,813.34,40460.86
OI0000567,O000285,P004,5,1551.67,433.23,7325.12
OI0000568,O000285,P003,13,860.86,838.31,10352.87
OI0000569,O000286,P002,81,1730.19,12804.13,127341.26
OI0000570,O000286,P002,21,1848.42,457.25,38359.57
OI0000571,O000287,P002,106,1885.78,12217.85,187674.83
OI0000572,O000287,P003,116,904.73,11319.88,93628.8
OI0000573,O000287,P004,28,1430.47,4209.08,35844.08
OI0000574,O000288,P006,57,1139.35,2244.64,62698.31
OI0000575,O000288,P005,43,1024.09,889.6,43146.27
OI0000576,O000288,P001,103,1540.03,14107.73,144515.36
OI0000577,O000289,P006,103,1201.81,9433.21,114353.22
OI0000578,O000289,P006,15,1267.64,245.55,18769.05
OI0000579,O000289,P002,72,1951.14,5221.35,135260.73
OI0000580,O000290,P011,8,2327.9,894.93,17728.27
OI0000581,O000290,P009,100,2120.42,13544.67,198497.33
OI0000582,O000291,P009,45,2041.64,2223.02,89650.78
OI0000583,O000292,P012,52,1960.99,9305.93,92665.55
OI0000584,O000293,P014,102,199.57,1575.01,18781.13
OI0000585,O000293,P016,24,117.8,157.3,2669.9
OI0000586,O000293,P014,23,177.3,11.41,4066.49
OI0000587,O000294,P014,32,192.9,561.54,5611.26
OI0000588,O000294,P014,34,188.88,720.65,5701.27
OI0000589,O000294,P017,106,274.02,1515.72,27530.4
OI0000590,O000295,P015,95,282.1,2065.14,24734.36
OI0000591,O000296,P017,84,310.84,2696.65,23413.91
OI0000592,O000296,P014,108,176.0,831.06,18176.94
OI0000593,O000296,P016,47,116.12,315.12,5142.52
OI0000594,O000297,P015,20,252.18,268.5,4775.1
OI0000595,O000297,P017,56,310.5,1081.65,16306.35
OI0000596,O000297,P015,77,281.12,2003.45,19642.79
OI0000597,O000298,P018,95,278.6,2937.41,23529.59
OI0000598,O000298,P013,70,208.17,1429.07,13142.83
OI0000599,O000298,P013,40,200.27,851.82,7158.98
OI0000600,O000299,P024,22,201.63,531.48,3904.38
OI0000601,O000300,P021,81,230.91,230.03,18473.68
OI0000602,O000301,P019,36,127.32,388.42,4195.1
OI0000603,O000302,P021,64,231.29,563.19,14239.37
OI0000604,O000302,P019,51,142.94,789.71,6500.23
OI0000605,O000302,P024,76,215.72,625.84,15768.88
OI0000606,O000303,P023,28,202.13,631.15,5028.49
OI0000607,O000303,P023,89,209.82,1258.74,17415.24
OI0000608,O000303,P022,53,231.81,998.83,11287.1
OI0000609,O000304,P024,85,225.6,208.33,18967.67
OI0000610,O000305,P027,119,95.26,1117.88,10218.06
OI0000611,O000306,P027,69,88.88,717.87,5414.85
OI0000612,O000307,P027,27,89.22,184.32,2224.62
OI0000613,O000307,P027,62,102.01,336.48,5988.14
OI0000614,O000307,P027,61,100.55,420.19,5713.36
OI0000615,O000308,P003,119,814.51,3914.45,93012.24
OI0000616,O000309,P002,106,1716.95,10661.3,171335.4
OI0000617,O000309,P002,55,1804.63,4495.85,94758.8
OI0000618,O000310,P004,10,1586.85,1244.4,14624.1
OI0000619,O000310,P005,78,1018.8,4690.64,74775.76
OI0000620,O000311,P001,38,1692.76,4688.21,59636.67
OI0000621,O000311,P005,42,945.98,3415.8,36315.36
OI0000622,O000311,P005,90,1041.32,3001.22,90717.58
OI0000623,O000312,P011,60,2142.92,4849.55,123725.65
OI0000624,O000312,P012,7,1907.92,1527.68,11827.76
OI0000625,O000312,P008,100,1507.21,15919.79,134801.21
OI0000626,O000313,P007,109,1579.96,15315.74,156899.9
OI0000627,O000314,P017,78,288.28,766.84,21719.0
OI0000628,O000314,P013,62,209.06,451.06,12510.66
OI0000629,O000315,P016,99,119.61,204.0,11637.39
OI0000630,O000315,P018,29,275.03,314.77,7661.1
OI0000631,O000316,P014,116,181.61,1999.27,19067.49
OI0000632,O000316,P013,9,196.99,57.37,1715.54
OI0000633,O000316,P015,37,269.41,82.64,9885.53
OI0000634,O000317,P017,7,288.8,101.19,1920.41
OI0000635,O000317,P016,76,121.11,776.86,8427.5
OI0000636,O000318,P018,47,284.24,612.39,12746.89
OI0000637,O000318,P018,11,255.24,329.86,2477.78
OI0000638,O000318,P017,36,267.73,342.54,9295.74
OI0000639,O000319,P018,31,273.43,864.71,7611.62
OI0000640,O000319,P017,68,286.88,1548.87,17958.97
OI0000641,O000320,P020,24,224.3,548.31,4834.89
OI0000642,O000320,P024,44,217.96,711.95,8878.29
OI0000643,O000320,P022,112,217.86,2695.29,21705.03
OI0000644,O000321,P024,36,196.14,254.06,6806.98
OI0000645,O000321,P022,45,217.88,1083.95,8720.65
OI0000646,O000321,P024,109,225.42,2579.84,21990.94
OI0000647,O000322,P020,39,246.16,1008.82,8591.42
OI0000648,O000322,P023,51,210.6,1223.2,9517.4
OI0000649,O000322,P019,22,127.72,262.28,2547.56
OI0000650,O000323,P019,36,128.53,9.42,4617.66
OI0000651,O000323,P023,48,232.21,582.32,10563.76
OI0000652,O000324,P026,87,166.66,638.96,13860.46
OI0000653,O000324,P029,90,136.04,1050.01,11193.59
OI0000654,O000325,P027,40,92.57,409.06,3293.74
OI0000655,O000326,P004,104,1550.42,10734.6,150509.08
OI0000656,O000327,P003,55,890.31,5867.03,43100.02
OI0000657,O000327,P005,68,988.17,4296.07,62899.49
OI0000658,O000328,P003,110,850.1,1098.02,92412.98
OI0000659,O000329,P012,111,2156.85,17630.54,221779.81
OI0000660,O000330,P011,57,2216.49,14383.45,111956.48
OI0000661,O000330,P008,12,1495.9,1364.74,16586.06
OI0000662,O000331,P016,110,123.83,904.76,12716.54
OI0000663,O000331,P017,9,307.64,190.84,2577.92
OI0000664,O000331,P015,5,263.35,156.73,1160.02
OI0000665,O000332,P018,33,278.71,68.82,9128.61
OI0000666,O000332,P013,75,205.62,393.03,15028.47
OI0000667,O000332,P016,62,122.31,666.39,6916.83
OI0000668,O000333,P018,54,275.68,433.16,14453.56
OI0000669,O000333,P016,79,116.74,638.79,8583.67
OI0000670,O000333,P014,25,190.73,337.89,4430.36
OI0000671,O000334,P013,66,200.04,988.29,12214.35
OI0000672,O000334,P018,87,266.77,1376.22,21832.77
OI0000673,O000335,P015,51,266.79,838.41,12767.88
OI0000674,O000335,P016,58,131.69,28.95,7609.07
OI0000675,O000335,P016,97,129.33,1086.5,11458.51
OI0000676,O000336,P017,18,307.81,99.32,5441.26
OI0000677,O000337,P020,25,222.0,138.23,5411.77
OI0000678,O000338,P023,21,230.59,314.12,4528.27
OI0000679,O000338,P021,91,212.03,1499.14,17795.59
OI0000680,O000339,P024,15,223.48,34.98,3317.22
OI0000681,O000339,P024,76,210.85,617.6,15407.0
OI0000682,O000339,P020,45,247.12,195.95,10924.45
OI0000683,O000340,P023,112,227.21,1171.85,24275.67
OI0000684,O000340,P022,24,219.5,263.4,5004.6
OI0000685,O000340,P024,107,202.43,2389.62,19270.39
OI0000686,O000341,P027,114,96.18,756.01,10208.51
OI0000687,O000341,P027,68,101.42,30.99,6865.57
OI0000688,O000341,P029,67,130.21,554.36,8169.71
OI0000689,O000342,P025,120,205.86,2257.24,22445.96
OI0000690,O000342,P028,53,116.86,620.72,5572.86
OI0000691,O000343,P004,40,1448.09,3068.34,54855.26
OI0000692,O000343,P003,63,853.27,514.33,53241.68
OI0000693,O000344,P011,83,2164.05,7398.31,172217.84
OI0000694,O000345,P014,112,202.14,218.33,22421.35
OI0000695,O000346,P013,41,192.74,42.79,7859.55
OI0000696,O000346,P014,55,195.83,757.81,10012.84
OI0000697,O000346,P017,44,274.14,1015.09,11047.07
OI0000698,O000347,P022,105,222.6,1271.2,22101.8
OI0000699,O000347,P023,35,233.59,958.37,7217.28
OI0000700,O000347,P021,45,214.19,92.3,9546.25
OI0000701,O000348,P027,48,92.14,522.53,3900.19
OI0000702,O000348,P028,26,112.7,24.41,2905.79
OI0000703,O000349,P006,85,1184.12,7879.82,92770.38
OI0000704,O000350,P006,35,1263.89,3632.63,40603.52
OI0000705,O000350,P005,53,985.98,5056.57,47200.37
OI0000706,O000351,P006,49,1142.96,1216.86,54788.18
OI0000707,O000351,P003,48,797.77,745.89,37547.07
OI0000708,O000351,P003,84,821.62,3768.79,65247.29
OI0000709,O000352,P007,118,1483.7,14465.29,160611.31
OI0000710,O000352,P012,15,2069.16,716.27,30321.13
OI0000711,O000353,P010,18,1623.54,1209.49,28014.23
OI0000712,O000353,P009,43,1980.96,2447.52,82733.76
OI0000713,O000354,P014,13,198.31,238.34,2339.69
OI0000714,O000355,P016,12,130.64,184.51,1383.17
OI0000715,O000355,P015,115,281.9,1733.74,30684.76
OI0000716,O000356,P015,102,267.75,1439.96,25870.54
OI0000717,O000357,P015,38,274.04,61.59,10351.93
OI0000718,O000357,P015,41,278.21,1354.23,10052.38
OI0000719,O000357,P016,23,114.56,183.59,2451.29
OI0000720,O000358,P015,115,277.55,1780.43,30137.82
OI0000721,O000358,P014,53,184.55,456.63,9324.52
OI0000722,O000359,P017,110,298.79,2217.43,30649.47
OI0000723,O000359,P013,66,194.39,341.06,12488.68
OI0000724,O000360,P014,40,193.76,891.81,6858.59
OI0000725,O000360,P013,68,187.83,360.62,12411.82
OI0000726,O000361,P016,34,129.61,96.64,4310.1
OI0000727,O000361,P016,68,131.73,561.98,8395.66
OI0000728,O000362,P023,83,230.93,682.18,18485.01
OI0000729,O000363,P023,75,219.02,1876.56,14549.94
OI0000730,O000363,P021,24,218.85,567.33,4685.07
OI0000731,O000364,P021,56,223.49,460.93,12054.51
OI0000732,O000365,P023,32,211.86,77.7,6701.82
OI0000733,O000365,P020,10,252.83,4.18,2524.12
OI0000734,O000366,P023,99,231.85,1157.23,21795.92
OI0000735,O000367,P024,28,204.06,12.38,5701.3
OI0000736,O000367,P019,22,126.62,235.49,2550.15
OI0000737,O000367,P023,47,227.66,191.33,10508.69
OI0000738,O000368,P027,31,95.4,310.7,2646.7
OI0000739,O000368,P029,114,132.72,696.4,14433.68
OI0000740,O000369,P028,20,121.83,25.43,2411.17
OI0000741,O000369,P028,116,123.85,533.19,13833.41
OI0000742,O000369,P030,43,145.85,132.82,6138.73
OI0000743,O000370,P030,69,151.11,1044.05,9382.54
OI0000744,O000370,P027,74,91.39,465.97,6296.89
OI0000745,O000371,P004,113,1418.68,16615.65,143695.19
OI0000746,O000372,P001,90,1459.61,10307.77,121057.13
OI0000747,O000372,P005,60,994.86,4659.17,55032.43
OI0000748,O000372,P005,7,959.94,591.58,6128.0
OI0000749,O000373,P003,83,891.55,7465.37,66533.28
OI0000750,O000374,P012,95,2093.73,16297.2,182607.15
OI0000751,O000374,P010,8,1536.72,1381.09,10912.67
OI0000752,O000375,P015,16,250.59,14.68,3994.76
OI0000753,O000376,P018,13,261.6,354.47,3046.33
OI0000754,O000376,P017,72,282.35,2073.7,18255.5
OI0000755,O000377,P013,16,192.74,278.02,2805.82
OI0000756,O000377,P017,47,270.61,1368.22,11350.45
OI0000757,O000378,P013,84,200.9,1136.39,15739.21
OI0000758,O000378,P017,87,297.43,195.31,25681.1
OI0000759,O000379,P023,24,229.53,103.31,5405.41
OI0000760,O000379,P020,62,220.81,1598.2,12092.02
OI0000761,O000379,P023,19,215.54,338.73,3756.53
OI0000762,O000380,P023,98,218.34,1162.6,20234.72
OI0000763,O000380,P023,71,231.39,1819.37,14609.32
OI0000764,O000381,P020,105,252.29,1067.48,25422.97
OI0000765,O000382,P022,11,217.31,58.38,2332.03
OI0000766,O000383,P030,95,149.87,588.34,13649.31
OI0000767,O000383,P029,117,126.83,715.25,14123.86
OI0000768,O000384,P030,33,141.55,50.01,4621.14
OI0000769,O000384,P029,27,125.91,83.54,3316.03
OI0000770,O000385,P006,13,1127.92,1028.26,13634.7
OI0000771,O000385,P004,50,1535.96,7609.45,69188.55
OI0000772,O000385,P004,100,1516.53,18100.48,133552.52
OI0000773,O000386,P001,86,1673.98,942.42,143019.86
OI0000774,O000386,P001,37,1461.17,3836.23,50227.06
OI0000775,O000386,P003,24,922.77,1571.36,20575.12
OI0000776,O000387,P006,85,1303.79,7986.6,102835.55
OI0000777,O000387,P002,18,1765.94,95.76,31691.16
OI0000778,O000387,P006,38,1300.94,3325.91,46109.81
OI0000779,O000388,P007,110,1609.33,2125.58,174900.72
OI0000780,O000388,P012,89,1896.36,15165.43,153610.61
OI0000781,O000388,P010,18,1789.6,96.09,32116.71
OI0000782,O000389,P012,56,2068.83,11232.84,104621.64
OI0000783,O000389,P007,106,1644.16,11727.72,162553.24
OI0000784,O000389,P012,117,2188.25,12565.41,243459.84
OI0000785,O000390,P015,75,265.48,364.99,19546.01
OI0000786,O000391,P013,120,213.25,1534.73,24055.27
OI0000787,O000391,P014,19,199.72,407.02,3387.66
OI0000788,O000391,P016,8,127.47,4.85,1014.91
OI0000789,O000392,P015,12,262.38,55.27,3093.29
OI0000790,O000392,P018,89,291.12,1598.38,24311.3
OI0000791,O000393,P013,5,202.74,33.29,980.41
OI0000792,O000393,P015,12,266.83,338.11,2863.85
OI0000793,O000393,P013,15,191.54,60.34,2812.76
OI0000794,O000394,P019,76,131.04,630.41,9328.63
OI0000795,O000394,P020,43,225.33,800.05,8889.14
OI0000796,O000395,P020,28,243.93,226.77,6603.27
OI0000797,O000396,P019,14,137.63,181.59,1745.23
OI0000798,O000396,P019,79,131.06,577.2,9776.54
OI0000799,O000396,P024,79,211.85,1904.67,14831.48
OI0000800,O000397,P019,34,140.92,330.98,4460.3
OI0000801,O000397,P020,31,220.9,653.79,6194.11
OI0000802,O000397,P021,13,228.94,185.6,2790.62
OI0000803,O000398,P026,24,176.92,286.61,3959.47
OI0000804,O000398,P026,108,177.6,72.19,19108.61
OI0000805,O000399,P030,86,156.56,630.56,12833.6
OI0000806,O000400,P001,19,1659.02,2283.99,29237.39
OI0000807,O000401,P018,61,280.07,1156.22,15928.05
OI0000808,O000402,P015,28,287.57,582.03,7469.93
OI0000809,O000403,P020,67,220.9,1654.18,13146.12
OI0000810,O000403,P024,85,209.46,1515.34,16288.76
OI0000811,O000404,P025,74,207.69,835.05,14534.01
OI0000812,O000404,P030,32,141.37,80.35,4443.49
OI0000813,O000405,P004,115,1440.21,14832.67,150791.48
OI0000814,O000405,P006,22,1264.07,2378.18,25431.36
OI0000815,O000405,P001,66,1520.4,1926.47,98419.93
OI0000816,O000406,P002,24,1831.07,4724.85,39220.83
OI0000817,O000406,P005,17,1042.82,856.64,16871.3
OI0000818,O000406,P003,56,861.08,501.26,47719.22
OI0000819,O000407,P005,63,963.7,1669.99,59043.11
OI0000820,O000407,P004,65,1476.96,5309.17,90693.23
OI0000821,O000408,P006,98,1143.52,2141.6,109923.36
OI0000822,O000408,P001,87,1589.26,12996.18,125269.44
OI0000823,O000408,P002,112,1982.22,10856.68,211151.96
OI0000824,O000409,P004,91,1498.48,12052.22,124309.46
OI0000825,O000410,P003,101,825.45,3275.82,80094.63
OI0000826,O000410,P005,90,1002.32,8931.63,81277.17
OI0000827,O000410,P003,86,855.86,4803.49,68800.47
OI0000828,O000411,P007,67,1580.49,3591.94,102300.89
OI0000829,O000411,P011,71,2339.44,12553.77,153546.47
OI0000830,O000412,P008,27,1508.32,3870.1,36854.54
OI0000831,O000412,P008,106,1492.39,16222.11,141971.23
OI0000832,O000413,P012,120,1999.09,17118.39,222772.41
OI0000833,O000413,P008,37,1518.95,5797.39,50403.76
OI0000834,O000413,P009,48,1969.4,5313.25,89217.95
OI0000835,O000414,P017,28,297.12,516.07,7803.29
OI0000836,O000415,P015,109,268.27,1398.59,27842.84
OI0000837,O000415,P018,56,282.96,625.4,15220.36
OI0000838,O000415,P015,81,278.82,277.7,22306.72
OI0000839,O000416,P013,112,215.36,369.83,23750.49
OI0000840,O000416,P016,24,130.04,296.56,2824.4
OI0000841,O000416,P013,72,211.37,1090.74,14127.9
OI0000842,O000417,P014,23,174.76,79.64,3939.84
OI0000843,O000417,P017,84,277.91,649.4,22695.04
OI0000844,O000418,P013,115,209.58,2163.11,21938.59
OI0000845,O000418,P016,115,120.23,536.27,13290.18
OI0000846,O000418,P014,33,186.5,606.68,5547.82
OI0000847,O000419,P014,107,202.22,985.18,20652.36
OI0000848,O000419,P015,16,271.24,517.75,3822.09
OI0000849,O000420,P021,107,238.54,1828.02,23695.76
OI0000850,O000421,P019,98,142.51,660.09,13305.89
OI0000851,O000421,P023,58,223.53,345.3,12619.44
OI0000852,O000422,P022,67,211.25,1277.62,12876.13
OI0000853,O000423,P024,29,225.45,353.47,6184.58
OI0000854,O000423,P021,37,215.14,812.32,7147.86
OI0000855,O000424,P024,72,196.91,78.27,14099.25
OI0000856,O000425,P027,91,93.49,953.48,7554.11
OI0000857,O000425,P028,21,111.16,212.22,2122.14
OI0000858,O000425,P027,79,102.57,518.33,7584.7
OI0000859,O000426,P026,19,162.82,9.39,3084.19
OI0000860,O000426,P027,106,97.94,315.91,10065.73
OI0000861,O000427,P025,49,205.06,412.08,9635.86
OI0000862,O000428,P002,69,1866.25,14984.74,113786.51
OI0000863,O000428,P002,100,1879.28,3278.14,184649.86
OI0000864,O000429,P002,42,1907.83,4109.37,76019.49
OI0000865,O000430,P002,66,1940.5,4683.66,123389.34
OI0000866,O000430,P003,109,909.19,7891.72,91209.99
OI0000867,O000431,P012,81,1942.8,16737.24,140629.56
OI0000868,O000431,P007,22,1629.17,199.38,35642.36
OI0000869,O000432,P013,101,212.98,512.86,20998.12
OI0000870,O000433,P014,66,185.4,1262.38,10974.02
OI0000871,O000433,P016,103,129.16,1338.86,11964.62
OI0000872,O000433,P014,21,193.38,76.49,3984.49
OI0000873,O000434,P014,118,200.51,2589.42,21070.76
OI0000874,O000434,P013,11,207.47,67.98,2214.19
OI0000875,O000435,P014,89,197.93,1204.92,16410.85
OI0000876,O000435,P017,61,296.32,1564.19,16511.33
OI0000877,O000435,P015,118,281.5,1178.87,32038.13
OI0000878,O000436,P013,102,201.92,711.81,19884.03
OI0000879,O000437,P023,24,211.32,116.55,4955.13
OI0000880,O000437,P022,53,239.75,564.01,12142.74
OI0000881,O000438,P022,12,233.7,324.12,2480.28
OI0000882,O000438,P021,100,217.61,827.51,20933.49
OI0000883,O000438,P023,88,227.64,1184.05,18848.27
OI0000884,O000439,P024,63,200.21,1449.81,11163.42
OI0000885,O000439,P020,99,245.63,1577.48,22739.89
OI0000886,O000439,P020,10,234.77,188.37,2159.33
OI0000887,O000440,P022,91,231.46,1798.86,19264.0
OI0000888,O000440,P022,85,210.15,1810.11,16052.64
OI0000889,O000441,P026,119,157.45,67.72,18668.83
OI0000890,O000441,P030,68,155.06,1103.9,9440.18
OI0000891,O000441,P027,74,97.18,489.78,6701.54
OI0000892,O000442,P026,46,164.55,435.41,7133.89
OI0000893,O000443,P004,36,1610.16,2701.0,55264.76
OI0000894,O000444,P005,16,1039.7,595.27,16039.93
OI0000895,O000444,P005,12,1039.07,1232.44,11236.4
OI0000896,O000445,P003,112,822.42,998.99,91112.05
OI0000897,O000445,P004,45,1549.37,8092.74,61628.91
OI0000898,O000445,P005,34,972.89,3808.99,29269.27
OI0000899,O000446,P009,19,2051.56,1787.6,37192.04
OI0000900,O000446,P011,55,2076.9,1420.19,112809.31
OI0000901,O000446,P007,63,1676.18,3092.28,102507.06
OI0000902,O000447,P016,8,130.68,40.83,1004.61
OI0000903,O000448,P015,117,275.73,566.56,31693.85
OI0000904,O000448,P017,85,298.8,1932.71,23465.29
OI0000905,O000448,P017,69,308.03,2442.31,18811.76
OI0000906,O000449,P013,7,204.14,65.38,1363.6
OI0000907,O000449,P016,53,115.68,330.19,5800.85
OI0000908,O000450,P015,9,275.24,248.54,2228.62
OI0000909,O000450,P016,38,125.88,299.88,4483.56
OI0000910,O000450,P014,34,191.64,213.23,6302.53
OI0000911,O000451,P013,61,208.15,130.99,12566.16
OI0000912,O000452,P021,56,212.43,945.72,10950.36
OI0000913,O000452,P020,110,229.18,101.49,25108.31
OI0000914,O000452,P022,51,232.96,415.36,11465.6
OI0000915,O000453,P020,112,241.32,1718.19,25309.65
OI0000916,O000454,P020,110,238.23,1448.11,24757.19
OI0000917,O000454,P024,44,202.89,479.09,8448.07
OI0000918,O000455,P025,104,206.78,806.45,20698.67
OI0000919,O000456,P028,82,112.75,712.68,8532.82
OI0000920,O000456,P027,62,88.88,324.5,5186.06
OI0000921,O000457,P004,36,1590.46,1690.49,55566.07
OI0000922,O000458,P017,10,305.6,233.99,2822.01
OI0000923,O000458,P015,85,250.45,2504.45,18783.8
OI0000924,O000459,P015,96,275.8,2270.38,24206.42
OI0000925,O000459,P013,86,207.28,803.16,17022.92
OI0000926,O000460,P019,88,133.05,5.38,11703.02
OI0000927,O000461,P025,75,207.32,1115.04,14433.96
OI0000928,O000462,P004,105,1601.62,11991.48,156178.62
OI0000929,O000463,P004,92,1425.52,5488.87,125658.97
OI0000930,O000463,P001,11,1624.18,217.27,17648.71
OI0000931,O000463,P004,59,1470.04,8984.01,77748.35
OI0000932,O000464,P005,36,977.69,1896.23,33300.61
OI0000933,O000465,P003,64,810.82,80.27,51812.21
OI0000934,O000465,P005,39,985.37,2445.34,35984.09
OI0000935,O000466,P003,50,837.12,3017.05,38838.95
OI0000936,O000467,P001,9,1504.29,263.25,13275.36
OI0000937,O000467,P002,87,1996.85,10197.02,163528.93
OI0000938,O000467,P003,114,797.71,485.65,90453.29
OI0000939,O000468,P002,82,1716.75,10475.2,130298.3
OI0000940,O000468,P006,72,1218.29,2712.85,85004.03
OI0000941,O000468,P001,6,1490.37,805.28,8136.94
OI0000942,O000469,P008,36,1467.76,1114.1,51725.26
OI0000943,O000470,P007,65,1587.5,4813.1,98374.4
OI0000944,O000470,P012,105,2140.13,19135.04,205578.61
OI0000945,O000470,P009,90,2112.86,7585.81,182571.59
OI0000946,O000471,P007,21,1723.24,311.62,35876.42
OI0000947,O000472,P018,85,257.15,1745.94,20111.81
OI0000948,O000473,P017,34,268.45,831.64,8295.66
OI0000949,O000473,P017,17,274.94,388.34,4285.64
OI0000950,O000473,P016,74,114.48,3.44,8468.08
OI0000951,O000474,P013,59,191.05,1090.3,10181.65
OI0000952,O000474,P017,51,284.96,179.15,14353.81
OI0000953,O000475,P017,92,289.02,1950.49,24639.35
OI0000954,O000475,P013,61,213.75,1553.71,11485.04
OI0000955,O000476,P014,94,200.55,2078.32,16773.38
OI0000956,O000476,P017,80,284.54,84.73,22678.47
OI0000957,O000476,P013,98,202.21,2372.47,17444.11
OI0000958,O000477,P016,42,128.42,562.64,4831.0
OI0000959,O000478,P018,23,286.75,273.68,6321.57
OI0000960,O000478,P014,81,188.74,1130.98,14156.96
OI0000961,O000478,P018,51,282.8,813.59,13609.21
OI0000962,O000479,P014,55,180.34,615.92,9302.78
OI0000963,O000479,P017,7,281.05,18.79,1948.56
OI0000964,O000479,P013,9,187.53,27.78,1659.99
OI0000965,O000480,P022,88,228.39,357.74,19740.58
OI0000966,O000481,P022,87,240.25,1049.65,19852.1
OI0000967,O000481,P022,115,215.39,2708.39,22061.46
OI0000968,O000481,P021,87,217.35,1758.61,17150.84
OI0000969,O000482,P021,61,226.79,661.64,13172.55
OI0000970,O000482,P021,42,237.53,1167.49,8808.77
OI0000971,O000482,P021,35,230.25,391.81,7666.94
OI0000972,O000483,P020,55,246.73,1596.37,11973.78
OI0000973,O000483,P021,102,213.25,404.5,21347.0
OI0000974,O000483,P024,120,197.28,2647.01,21026.59
OI0000975,O000484,P024,38,196.98,13.05,7472.19
OI0000976,O000484,P019,115,125.9,1572.85,12905.65
OI0000977,O000485,P020,119,244.35,229.18,28848.47
OI0000978,O000486,P019,116,134.63,237.31,15379.77
OI0000979,O000486,P021,25,228.15,114.62,5589.13
OI0000980,O000487,P026,27,155.79,205.83,4000.5
OI0000981,O000487,P027,97,95.92,260.84,9043.4
OI0000982,O000487,P029,23,129.79,353.28,2631.89
OI0000983,O000488,P026,26,175.51,339.78,4223.48
OI0000984,O000488,P028,74,113.5,29.16,8369.84
OI0000985,O000489,P026,76,177.02,1022.41,12431.11
OI0000986,O000489,P030,8,161.99,139.65,1156.27
OI0000987,O000489,P029,71,135.22,1144.1,8456.52
OI0000988,O000490,P006,20,1202.53,1273.21,22777.39
OI0000989,O000490,P002,27,1729.31,472.25,46219.12
OI0000990,O000490,P001,14,1685.17,2030.17,21562.21
OI0000991,O000491,P002,32,1866.02,1841.38,57871.26
OI0000992,O000491,P006,67,1292.96,2681.16,83947.16
OI0000993,O000491,P004,72,1589.4,11995.82,102440.98
OI0000994,O000492,P003,5,824.64,323.67,3799.53
OI0000995,O000493,P003,13,801.69,606.92,9815.05
OI0000996,O000494,P008,110,1496.89,913.53,163744.37
OI0000997,O000494,P011,44,2194.23,7707.32,88838.8
OI0000998,O000494,P007,78,1700.7,13911.95,118742.65
OI0000999,O000495,P012,109,1896.3,4206.82,202489.88
OI0001000,O000495,P010,8,1636.7,661.85,12431.75
OI0001001,O000495,P011,92,2326.33,2040.22,211982.14
OI0001002,O000496,P013,91,196.43,102.26,17772.87
OI0001003,O000496,P014,19,175.9,107.95,3234.15
OI0001004,O000497,P013,7,185.45,66.44,1231.71
OI0001005,O000497,P018,70,282.98,1357.7,18450.9
OI0001006,O000497,P013,28,206.83,462.19,5329.05
OI0001007,O000498,P018,48,269.65,1372.72,11570.48
OI0001008,O000499,P016,53,129.34,438.4,6416.62
OI0001009,O000499,P017,90,267.9,1323.06,22787.94
OI0001010,O000499,P013,6,206.81,111.24,1129.62
OI0001011,O000500,P017,71,266.64,2116.51,16814.93
OI0001012,O000501,P017,93,282.93,570.66,25741.83
OI0001013,O000502,P017,97,292.79,1883.73,26516.9
OI0001014,O000503,P023,24,230.45,59.45,5471.35
OI0001015,O000503,P023,71,206.88,1704.65,12983.83
OI0001016,O000503,P022,65,214.64,335.25,13616.35
OI0001017,O000504,P020,88,252.53,535.77,21686.87
OI0001018,O000504,P019,5,139.82,39.7,659.4
OI0001019,O000505,P022,111,240.59,1683.02,25022.47
OI0001020,O000505,P024,16,213.42,123.06,3291.66
OI0001021,O000506,P020,60,248.86,657.42,14274.18
OI0001022,O000506,P024,80,211.5,376.28,16543.72
OI0001023,O000507,P022,32,210.59,637.9,6100.98
OI0001024,O000508,P026,63,176.77,579.14,10557.37
OI0001025,O000508,P025,116,203.42,2793.89,20802.83
OI0001026,O000509,P029,80,128.9,672.11,9639.89
OI0001027,O000509,P029,80,129.25,298.8,10041.2
OI0001028,O000510,P026,53,169.33,327.99,8646.5
OI0001029,O000511,P002,40,1811.09,342.16,72101.44
OI0001030,O000511,P005,75,1043.83,8662.83,69624.42
OI0001031,O000512,P005,115,1016.04,3471.29,113373.31
OI0001032,O000512,P003,83,927.52,3396.86,73587.3
OI0001033,O000512,P005,45,984.58,4666.04,39640.06
OI0001034,O000513,P003,95,896.32,9335.17,75815.23
OI0001035,O000514,P004,71,1618.75,1771.88,113159.37
OI0001036,O000514,P001,94,1466.56,4945.51,132911.13
OI0001037,O000515,P008,42,1375.26,4077.88,53683.04
OI0001038,O000516,P007,77,1721.07,8155.79,124366.6
OI0001039,O000516,P007,87,1550.69,161.28,134748.75
OI0001040,O000517,P014,116,197.26,2384.68,20497.48
OI0001041,O000518,P015,113,283.16,543.9,31453.18
OI0001042,O000518,P014,11,199.81,153.14,2044.77
OI0001043,O000518,P014,91,180.9,1808.28,14653.62
OI0001044,O000519,P016,59,131.84,328.4,7450.16
OI0001045,O000519,P017,44,307.49,1419.38,12110.18
OI0001046,O000519,P013,57,198.12,529.02,10763.82
OI0001047,O000520,P017,60,281.23,5.3,16868.5
OI0001048,O000521,P017,52,294.53,62.62,15252.94
OI0001049,O000521,P015,114,268.71,3040.64,27592.3
OI0001050,O000521,P014,55,189.84,355.73,10085.47
OI0001051,O000522,P016,32,124.45,275.84,3706.56
OI0001052,O000523,P023,115,216.26,609.67,24260.23
OI0001053,O000523,P021,42,210.54,70.2,8772.48
OI0001054,O000524,P023,25,226.94,403.15,5270.35
OI0001055,O000524,P021,70,216.13,640.78,14488.32
OI0001056,O000524,P021,62,228.2,1001.05,13147.35
OI0001057,O000525,P024,37,213.01,401.58,7479.79
OI0001058,O000526,P019,57,128.35,312.37,7003.58
OI0001059,O000526,P019,6,130.58,29.29,754.19
OI0001060,O000526,P020,12,238.74,97.08,2767.8
OI0001061,O000527,P026,35,160.61,594.14,5027.21
OI0001062,O000527,P027,120,94.23,1337.09,9970.51
OI0001063,O000527,P028,37,120.67,179.89,4284.9
OI0001064,O000528,P001,59,1480.46,9126.37,78220.77
OI0001065,O000528,P005,94,984.58,203.16,92347.36
OI0001066,O000529,P004,43,1434.17,1949.64,59719.67
OI0001067,O000529,P006,58,1307.84,5270.06,70584.66
OI0001068,O000529,P004,51,1453.66,6144.49,67992.17
OI0001069,O000530,P008,92,1447.13,5396.56,127739.4
OI0001070,O000530,P010,118,1734.98,1986.11,202741.53
OI0001071,O000530,P009,57,2210.1,7916.01,118059.69
OI0001072,O000531,P017,104,301.44,2582.05,28767.71
OI0001073,O000532,P018,34,277.35,857.42,8572.48
OI0001074,O000532,P014,111,194.67,1296.89,20311.48
OI0001075,O000532,P015,26,265.06,784.75,6106.81
OI0001076,O000533,P022,42,215.78,713.43,8349.33
OI0001077,O000534,P019,53,134.04,274.78,6829.34
OI0001078,O000535,P028,85,122.85,813.98,9628.27
OI0001079,O000536,P005,12,1011.48,736.12,11401.64
OI0001080,O000536,P005,99,959.8,791.92,94228.28
OI0001081,O000536,P005,19,986.04,336.77,18397.99
OI0001082,O000537,P002,16,1781.19,851.38,27647.66
OI0001083,O000537,P004,93,1475.86,12057.44,125197.54
OI0001084,O000538,P006,61,1236.64,3052.87,72382.17
OI0001085,O000539,P004,68,1531.82,12456.06,91707.7
OI0001086,O000540,P002,23,1796.0,1761.97,39546.03
OI0001087,O000540,P003,120,863.3,6059.43,97536.57
OI0001088,O000541,P011,97,2231.88,25355.62,191136.74
OI0001089,O000541,P009,42,1985.53,3206.82,80185.44
OI0001090,O000541,P009,113,2059.61,10181.42,222554.51
OI0001091,O000542,P007,96,1703.59,10410.3,153134.34
OI0001092,O000543,P012,39,1910.06,4196.44,70295.9
OI0001093,O000544,P014,19,186.72,261.87,3285.81
OI0001094,O000544,P016,41,117.7,222.74,4602.96
OI0001095,O000544,P013,11,195.07,90.44,2055.33
OI0001096,O000545,P017,42,272.11,373.27,11055.35
OI0001097,O000545,P017,59,269.76,1667.87,14247.97
OI0001098,O000545,P014,108,196.71,1834.6,19410.08
OI0001099,O000546,P014,69,186.07,951.72,11887.11
OI0001100,O000546,P017,51,292.95,766.67,14173.78
OI0001101,O000546,P015,93,251.54,2710.63,20682.59
OI0001102,O000547,P018,69,250.3,339.63,16931.07
OI0001103,O000547,P014,38,184.09,224.69,6770.73
OI0001104,O000547,P018,72,267.12,355.2,18877.44
OI0001105,O000548,P014,61,188.98,1214.02,10313.76
OI0001106,O000549,P017,61,275.24,532.69,16256.95
OI0001107,O000550,P016,52,130.94,29.73,6779.15
OI0001108,O000550,P015,24,280.51,204.39,6527.85
OI0001109,O000550,P014,73,192.16,930.59,13097.09
OI0001110,O000551,P013,46,208.62,321.74,9274.78
OI0001111,O000552,P024,18,205.72,209.8,3493.16
OI0001112,O000552,P019,101,143.61,727.07,13777.54
OI0001113,O000553,P019,24,136.75,183.25,3098.75
OI0001114,O000554,P024,62,224.46,217.74,13698.78
OI0001115,O000554,P022,54,209.86,142.38,11190.06
OI0001116,O000554,P019,116,132.57,1496.7,13881.42
OI0001117,O000555,P019,67,135.59,504.48,8580.05
OI0001118,O000555,P021,43,238.03,145.33,10089.96
OI0001119,O000555,P020,14,253.34,217.54,3329.22
OI0001120,O000556,P024,42,200.22,248.42,8160.82
OI0001121,O000557,P020,27,233.24,620.9,5676.58
OI0001122,O000558,P024,46,202.54,678.36,8638.48
OI0001123,O000559,P025,8,206.96,16.39,1639.29
OI0001124,O000560,P029,106,122.32,649.14,12316.78
OI0001125,O000560,P025,71,186.98,1455.46,11820.12
OI0001126,O000561,P025,57,210.28,1219.79,10766.17
OI0001127,O000561,P027,16,97.46,123.04,1436.32
OI0001128,O000561,P027,85,97.7,270.99,8033.51
OI0001129,O000562,P029,36,136.38,407.94,4501.74
OI0001130,O000562,P027,117,96.56,664.77,10632.75
OI0001131,O000563,P002,40,1857.83,1644.96,72668.24
OI0001132,O000564,P005,6,1024.07,615.97,5528.45
OI0001133,O000565,P003,24,811.53,2201.19,17275.53
OI0001134,O000565,P004,91,1446.58,5776.82,125861.96
OI0001135,O000566,P012,68,2143.34,3442.56,142304.56
OI0001136,O000566,P008,30,1475.71,3056.66,41214.64
OI0001137,O000567,P013,46,199.8,88.23,9102.57
OI0001138,O000567,P014,29,178.82,329.27,4856.51
OI0001139,O000568,P015,93,271.72,207.21,25062.75
OI0001140,O000568,P013,47,205.6,153.96,9509.24
OI0001141,O000568,P016,45,115.5,207.31,4990.19
OI0001142,O000569,P017,33,302.65,645.73,9341.72
OI0001143,O000569,P015,15,281.25,207.5,4011.25
OI0001144,O000570,P017,90,280.31,1234.96,23992.94
OI0001145,O000570,P014,106,180.23,1438.33,17666.05
OI0001146,O000571,P015,119,271.04,3572.68,28681.08
OI0001147,O000572,P020,10,253.22,203.43,2328.77
OI0001148,O000572,P024,71,210.44,408.15,14533.09
OI0001149,O000573,P020,112,248.14,3260.93,24530.75
OI0001150,O000574,P019,52,126.35,176.48,6393.72
OI0001151,O000574,P020,15,231.46,357.12,3114.78
OI0001152,O000575,P022,96,234.62,225.85,22297.67
OI0001153,O000576,P028,9,114.48,82.68,947.64
OI0001154,O000577,P029,67,122.97,17.54,8221.45
OI0001155,O000577,P027,65,90.76,653.29,5246.11
OI0001156,O000577,P026,40,159.3,210.26,6161.74
OI0001157,O000578,P001,14,1613.95,1751.75,20843.55
OI0001158,O000578,P004,38,1488.86,3724.6,52852.08
OI0001159,O000578,P002,57,1905.23,826.09,107772.02
OI0001160,O000579,P005,90,956.24,9894.26,76167.34
OI0001161,O000579,P004,44,1460.64,2251.83,62016.33
OI0001162,O000580,P002,28,1831.68,3002.0,48285.04
OI0001163,O000581,P003,101,897.56,4306.36,86347.2
OI0001164,O000581,P006,75,1280.28,6509.52,89511.48
OI0001165,O000581,P005,90,988.62,3636.68,85339.12
OI0001166,O000582,P006,53,1256.65,3793.94,62808.51
OI0001167,O000583,P012,74,1880.11,10860.76,128267.38
OI0001168,O000583,P009,109,1977.54,12793.95,202757.91
OI0001169,O000584,P008,14,1395.03,1248.38,18282.04
OI0001170,O000585,P016,73,128.28,675.3,8689.14
OI0001171,O000585,P013,72,199.06,1487.35,12844.97
OI0001172,O000586,P017,28,295.5,631.36,7642.64
OI0001173,O000587,P017,52,266.84,1047.98,12827.7
OI0001174,O000587,P017,67,270.3,626.16,17483.94
OI0001175,O000587,P015,32,269.24,708.05,7907.63
OI0001176,O000588,P018,83,269.86,2080.73,20317.65
OI0001177,O000588,P018,17,259.2,178.72,4227.68
OI0001178,O000589,P016,51,114.32,515.37,5314.95
OI0001179,O000589,P018,97,255.13,1139.46,23608.15
OI0001180,O000589,P018,61,259.06,1577.37,14225.29
OI0001181,O000590,P017,85,302.31,1508.79,24187.56
OI0001182,O000590,P017,95,294.41,1653.02,26315.93
OI0001183,O000591,P019,116,128.53,1354.55,13554.93
OI0001184,O000592,P023,115,209.8,1469.23,22657.77
OI0001185,O000593,P024,38,199.82,704.26,6888.9
OI0001186,O000593,P020,29,238.09,315.51,6589.1
OI0001187,O000593,P020,54,239.85,791.03,12160.87
OI0001188,O000594,P021,110,219.1,1791.34,22309.66
OI0001189,O000595,P024,120,197.93,1714.08,22037.52
OI0001190,O000595,P024,22,201.96,274.54,4168.58
OI0001191,O000596,P026,57,165.25,338.38,9080.87
OI0001192,O000596,P029,71,127.52,699.18,8354.74
OI0001193,O000596,P025,68,210.08,439.96,13845.48
OI0001194,O000597,P027,80,90.09,764.01,6443.19
OI0001195,O000597,P030,72,164.85,930.26,10938.94
OI0001196,O000597,P030,65,149.59,702.61,9020.74
OI0001197,O000598,P004,89,1562.52,9923.66,129140.62
OI0001198,O000598,P003,43,884.66,1329.05,36711.33
OI0001199,O000599,P001,118,1460.82,13848.53,158528.23
OI0001200,O000599,P006,97,1297.57,14750.78,111113.51
OI0001201,O000599,P001,64,1599.19,4246.68,98101.48
OI0001202,O000600,P012,51,2192.17,9459.36,102341.31
OI0001203,O000600,P009,17,1940.07,767.1,32214.09
OI0001204,O000601,P016,117,124.96,254.7,14365.62
OI0001205,O000602,P014,98,200.24,1181.53,18441.99
OI0001206,O000603,P021,86,209.12,1542.36,16441.96
OI0001207,O000603,P023,20,216.8,180.33,4155.67
OI0001208,O000603,P022,58,240.38,465.34,13476.7
OI0001209,O000604,P028,42,120.2,325.71,4722.69
OI0001210,O000604,P029,60,117.84,107.68,6962.72
OI0001211,O000605,P004,95,1527.66,14984.55,130143.15
OI0001212,O000605,P001,28,1542.1,1146.99,42031.81
OI0001213,O000606,P001,22,1656.89,700.77,35750.81
OI0001214,O000606,P003,47,887.8,2050.12,39676.48
OI0001215,O000607,P002,109,1871.74,14105.73,189913.93
OI0001216,O000607,P005,86,932.1,549.8,79610.8
OI0001217,O000608,P006,20,1285.31,455.96,25250.24
OI0001218,O000608,P002,54,1874.62,2622.81,98606.67
OI0001219,O000609,P005,94,1029.36,4609.06,92150.78
OI0001220,O000610,P005,7,965.87,565.79,6195.3
OI0001221,O000610,P002,33,1780.6,3212.65,55547.15
OI0001222,O000610,P003,33,924.5,3428.21,27080.29
OI0001223,O000611,P002,95,1931.88,19671.86,163856.74
OI0001224,O000611,P004,111,1538.52,10364.44,160411.28
OI0001225,O000611,P002,76,1865.83,4967.15,136835.93
OI0001226,O000612,P009,116,2214.0,22068.78,234755.22
OI0001227,O000612,P012,64,2065.36,1221.6,130961.44
OI0001228,O000612,P010,70,1664.11,1390.22,115097.48
OI0001229,O000613,P008,102,1509.98,9798.14,144219.82
OI0001230,O000613,P008,71,1501.17,7987.91,98595.16
OI0001231,O000613,P009,17,1975.47,965.42,32617.57
OI0001232,O000614,P012,55,2130.38,6303.07,110867.83
OI0001233,O000615,P018,118,267.19,113.36,31415.06
OI0001234,O000616,P013,9,202.43,78.98,1742.89
OI0001235,O000616,P015,107,278.98,2199.34,27651.52
OI0001236,O000617,P017,39,273.26,133.21,10523.93
OI0001237,O000618,P014,59,198.02,1360.26,10322.92
OI0001238,O000619,P013,99,188.32,969.58,17674.1
OI0001239,O000619,P013,34,213.33,484.98,6768.24
OI0001240,O000619,P017,36,270.81,601.03,9148.13
OI0001241,O000620,P014,34,194.5,714.87,5898.13
OI0001242,O000621,P024,112,196.89,2301.14,19750.54
OI0001243,O000621,P024,74,209.11,712.66,14761.48
OI0001244,O000621,P019,41,127.28,205.97,5012.51
OI0001245,O000622,P021,16,237.51,330.24,3469.92
OI0001246,O000622,P024,29,225.02,503.31,6022.27
OI0001247,O000622,P024,62,195.51,333.69,11787.93
OI0001248,O000623,P020,83,251.74,235.25,20659.17
OI0001249,O000624,P023,34,200.69,777.82,6045.64
OI0001250,O000624,P020,92,222.6,149.55,20329.65
OI0001251,O000625,P023,25,224.85,389.79,5231.46
OI0001252,O000625,P020,118,230.3,1464.08,25711.32
OI0001253,O000625,P022,115,209.5,1252.46,22840.04
OI0001254,O000626,P023,110,218.11,2320.98,21671.12
OI0001255,O000627,P026,6,154.44,12.74,913.9
OI0001256,O000627,P030,20,155.94,244.97,2873.83
OI0001257,O000628,P028,12,122.33,164.4,1303.56
OI0001258,O000628,P029,16,123.28,29.81,1942.67
OI0001259,O000629,P030,16,158.02,54.22,2474.1
OI0001260,O000629,P026,120,172.07,1854.51,18793.89
OI0001261,O000629,P026,48,171.32,21.58,8201.78
OI0001262,O000630,P027,78,93.71,151.86,7157.52
OI0001263,O000630,P027,89,91.04,99.84,8002.72
OI0001264,O000631,P003,94,861.51,9436.76,71545.18
OI0001265,O000631,P001,23,1547.98,4117.09,31486.45
OI0001266,O000631,P004,70,1520.26,8682.59,97735.61
OI0001267,O000632,P003,19,869.78,831.39,15694.43
OI0001268,O000633,P004,60,1612.16,1096.18,95633.42
OI0001269,O000634,P006,80,1135.09,3161.81,87645.39
OI0001270,O000635,P010,72,1646.71,8511.32,110051.8
OI0001271,O000635,P007,44,1662.18,1823.26,71312.66
OI0001272,O000636,P011,106,2150.72,26387.63,201588.69
OI0001273,O000637,P016,36,123.14,196.97,4236.07
OI0001274,O000637,P015,119,280.31,2914.14,30442.75
OI0001275,O000637,P014,78,177.87,248.1,13625.76
OI0001276,O000638,P017,55,290.46,307.58,15667.72
OI0001277,O000638,P016,53,131.31,151.15,6808.28
OI0001278,O000639,P017,20,298.39,171.29,5796.51
OI0001279,O000639,P013,56,213.61,433.15,11529.01
OI0001280,O000640,P014,7,196.06,130.05,1242.37
OI0001281,O000640,P015,68,253.6,36.01,17208.79
OI0001282,O000640,P018,8,284.43,4.38,2271.06
OI0001283,O000641,P014,84,195.84,350.74,16099.82
OI0001284,O000642,P024,38,200.2,493.59,7114.01
OI0001285,O000642,P024,64,196.98,1053.41,11553.31
OI0001286,O000642,P023,74,218.04,1172.05,14962.91
OI0001287,O000643,P022,99,233.61,1426.2,21701.19
OI0001288,O000643,P019,68,129.56,305.84,8504.24
OI0001289,O000643,P024,70,217.2,1082.4,14121.6
OI0001290,O000644,P019,16,140.4,43.97,2202.43
OI0001291,O000644,P022,95,234.0,670.81,21559.19
OI0001292,O000644,P023,15,200.78,160.86,2850.84
OI0001293,O000645,P019,32,131.89,457.27,3763.21
OI0001294,O000646,P020,115,221.31,147.77,25302.88
OI0001295,O000646,P021,57,235.09,805.36,12594.77
OI0001296,O000647,P024,64,197.23,962.86,11659.86
OI0001297,O000647,P024,51,201.66,50.83,10233.83
OI0001298,O000647,P020,82,247.07,1106.03,19153.71
OI0001299,O000648,P026,42,167.83,477.69,6571.17
OI0001300,O000648,P028,53,123.04,280.51,6240.61
OI0001301,O000648,P026,88,163.04,1578.87,12768.65
OI0001302,O000649,P030,64,163.82,290.77,10193.71
OI0001303,O000649,P026,119,170.98,405.35,19941.27
OI0001304,O000649,P025,108,203.19,1097.92,20846.6
OI0001305,O000650,P002,117,1996.83,18283.01,215346.1
OI0001306,O000650,P001,37,1512.69,1122.5,54847.03
OI0001307,O000650,P006,56,1276.82,6604.34,64897.58
OI0001308,O000651,P006,69,1233.47,8493.81,76615.62
OI0001309,O000651,P002,92,1828.92,5266.36,162994.28
OI0001310,O000651,P006,16,1301.13,1562.18,19255.9
OI0001311,O000652,P006,104,1254.2,6187.33,124249.47
OI0001312,O000652,P003,97,925.12,4970.68,84765.96
OI0001313,O000653,P002,79,1818.05,10879.79,132746.16
OI0001314,O000653,P003,100,878.56,1605.67,86250.33
OI0001315,O000653,P003,75,826.42,7330.5,54651.0
OI0001316,O000654,P007,12,1602.57,939.43,18291.41
OI0001317,O000655,P010,30,1583.15,545.21,46949.29
OI0001318,O000656,P014,65,180.17,727.3,10983.75
OI0001319,O000657,P014,6,187.14,24.84,1098.0
OI0001320,O000657,P013,60,197.61,1382.4,10474.2
OI0001321,O000657,P017,6,295.77,13.21,1761.41
OI0001322,O000658,P017,26,309.45,731.45,7314.25
OI0001323,O000659,P017,56,290.98,1947.07,14347.81
OI0001324,O000659,P017,93,303.83,2936.04,25320.15
OI0001325,O000660,P016,19,121.39,61.83,2244.58
OI0001326,O000661,P016,31,130.89,218.08,3839.51
OI0001327,O000661,P014,81,197.37,1678.24,14308.73
OI0001328,O000662,P022,106,223.47,474.09,23213.73
OI0001329,O000663,P021,115,228.45,2042.5,24229.25
OI0001330,O000663,P022,80,238.14,375.45,18675.75
OI0001331,O000664,P023,54,232.87,649.18,11925.8
OI0001332,O000664,P024,33,217.5,677.3,6500.2
OI0001333,O000665,P022,43,219.65,548.67,8896.28
OI0001334,O000665,P021,31,208.8,218.12,6254.68
OI0001335,O000666,P028,98,120.75,827.14,11006.36
OI0001336,O000666,P027,101,96.69,700.95,9064.74
OI0001337,O000666,P029,82,126.97,127.96,10283.58
OI0001338,O000667,P027,53,101.9,466.46,4934.24
OI0001339,O000667,P029,42,131.34,314.48,5201.8
OI0001340,O000668,P025,115,214.79,497.09,24203.76
OI0001341,O000668,P025,23,206.37,381.85,4364.66
OI0001342,O000668,P029,31,133.23,364.73,3765.4
OI0001343,O000669,P003,71,835.46,3940.27,55377.39
OI0001344,O000670,P006,36,1265.53,1778.8,43780.28
OI0001345,O000670,P003,111,846.39,9539.3,84409.99
OI0001346,O000671,P009,72,2145.19,7370.71,147082.97
OI0001347,O000672,P015,114,265.13,2559.44,27665.38
OI0001348,O000673,P015,34,280.8,480.52,9066.68
OI0001349,O000673,P015,50,270.03,433.16,13068.34
OI0001350,O000673,P014,119,177.15,1584.88,19495.97
OI0001351,O000674,P024,110,198.52,995.87,20841.33
OI0001352,O000674,P021,47,238.08,580.27,10609.49
OI0001353,O000674,P020,14,231.32,152.09,3086.39
OI0001354,O000675,P019,89,131.17,944.55,10729.58
OI0001355,O000676,P029,31,135.01,489.64,3695.67
OI0001356,O000676,P028,56,116.01,514.43,5982.13
OI0001357,O000677,P005,84,995.64,2448.36,81185.4
OI0001358,O000677,P003,25,836.99,1864.5,19060.25
OI0001359,O000677,P001,108,1621.61,20023.84,155110.04
OI0001360,O000678,P002,100,1887.08,4719.05,183988.95
OI0001361,O000679,P002,46,1815.07,3233.77,80259.45
OI0001362,O000679,P004,62,1502.13,288.3,92843.76
OI0001363,O000680,P006,46,1218.35,2597.69,53446.41
OI0001364,O000680,P005,62,1005.16,5491.36,56828.56
OI0001365,O000681,P004,32,1585.28,2773.12,47955.84
OI0001366,O000682,P001,110,1499.78,151.7,164824.1
OI0001367,O000682,P005,99,952.89,11216.88,83119.23
OI0001368,O000682,P002,65,1814.94,11155.22,106815.88
OI0001369,O000683,P001,109,1551.21,12243.64,156838.25
OI0001370,O000684,P001,86,1466.23,9496.9,116598.88
OI0001371,O000685,P009,107,1918.64,8856.36,196438.12
OI0001372,O000686,P011,74,2164.2,17505.82,142644.98
OI0001373,O000686,P008,85,1435.28,11345.83,110652.97
OI0001374,O000687,P012,57,2113.33,12635.2,107824.61
OI0001375,O000688,P014,95,184.27,1685.57,15820.08
OI0001376,O000689,P016,21,121.97,260.44,2300.93
OI0001377,O000689,P017,68,272.32,1770.58,16747.18
OI0001378,O000690,P017,35,284.82,440.35,9528.35
OI0001379,O000690,P013,83,211.45,371.73,17178.62
OI0001380,O000691,P016,27,119.81,161.42,3073.45
OI0001381,O000692,P018,40,271.22,1141.08,9707.72
OI0001382,O000693,P017,55,278.47,596.82,14719.03
OI0001383,O000693,P013,63,189.07,1399.81,10511.6
OI0001384,O000693,P017,65,304.13,1965.26,17803.19
OI0001385,O000694,P014,49,179.14,219.11,8558.75
OI0001386,O000694,P013,45,188.6,556.12,7930.88
OI0001387,O000694,P013,60,192.6,509.72,11046.28
OI0001388,O000695,P014,96,188.85,468.69,17660.91
OI0001389,O000695,P015,76,264.77,861.36,19261.16
OI0001390,O000695,P016,68,124.41,652.59,7807.29
OI0001391,O000696,P015,23,253.44,105.34,5723.78
OI0001392,O000697,P017,98,286.61,15.26,28072.52
OI0001393,O000697,P018,49,274.27,1441.55,11997.68
OI0001394,O000697,P013,40,193.57,105.98,7636.82
OI0001395,O000698,P024,70,200.05,1266.33,12737.17
OI0001396,O000699,P020,106,218.67,1703.62,21475.4
OI0001397,O000700,P019,89,136.75,209.86,11960.89
OI0001398,O000700,P024,46,226.16,707.67,9695.69
OI0001399,O000701,P024,5,196.26,98.67,882.63
OI0001400,O000702,P021,17,210.74,408.56,3174.02
OI0001401,O000703,P022,82,222.05,1600.28,16607.82
OI0001402,O000703,P024,16,225.14,195.86,3406.38
OI0001403,O000703,P023,83,220.62,1271.47,17039.99
OI0001404,O000704,P019,39,132.56,68.54,5101.3
OI0001405,O000704,P020,113,226.15,2066.3,23488.65
OI0001406,O000705,P020,92,221.97,402.59,20018.65
OI0001407,O000706,P026,21,158.5,198.91,3129.59
OI0001408,O000706,P030,104,159.1,33.37,16513.03
OI0001409,O000707,P028,120,113.67,1411.43,12228.97
OI0001410,O000707,P028,15,116.71,97.76,1652.89
OI0001411,O000708,P028,120,118.62,861.26,13373.14
OI0001412,O000708,P028,110,112.82,1465.37,10944.83
OI0001413,O000709,P030,70,153.46,806.89,9935.31
OI0001414,O000710,P003,93,928.67,881.74,85484.57
OI0001415,O000711,P004,58,1514.78,10352.98,77504.26
OI0001416,O000711,P001,72,1490.33,5605.74,101698.02
OI0001417,O000712,P006,107,1188.99,14993.34,112228.59
OI0001418,O000713,P002,23,1756.19,3023.05,37369.32
OI0001419,O000713,P006,82,1192.09,5099.99,92651.39
OI0001420,O000713,P006,13,1199.97,753.76,14845.85
OI0001421,O000714,P005,9,921.75,590.42,7705.33
OI0001422,O000715,P011,74,2210.94,18568.31,145041.25
OI0001423,O000716,P010,65,1770.83,397.77,114706.18
OI0001424,O000716,P008,65,1365.98,10391.62,78397.08
OI0001425,O000716,P012,119,2047.19,24089.24,219526.37
OI0001426,O000717,P018,73,290.9,426.25,20809.45
OI0001427,O000717,P015,64,259.77,466.09,16159.19
OI0001428,O000718,P015,98,255.48,274.24,24762.8
OI0001429,O000718,P016,5,114.11,37.47,533.08
OI0001430,O000719,P013,23,209.44,488.95,4328.17
OI0001431,O000719,P018,34,255.32,867.43,7813.45
OI0001432,O000720,P017,8,267.07,177.45,1959.11
OI0001433,O000720,P015,35,272.74,931.69,8614.21
OI0001434,O000720,P015,72,269.33,600.96,18790.8
OI0001435,O000721,P015,90,252.35,2468.54,20242.96
OI0001436,O000721,P015,107,275.32,1956.02,27503.22
OI0001437,O000721,P013,72,197.69,1622.03,12611.65
OI0001438,O000722,P016,25,124.84,21.47,3099.53
OI0001439,O000723,P015,40,264.39,482.95,10092.65
OI0001440,O000724,P019,103,124.85,1301.05,11558.5
OI0001441,O000724,P024,50,197.4,207.55,9662.45
OI0001442,O000724,P020,10,236.38,29.3,2334.5
OI0001443,O000725,P020,116,236.67,1036.54,26417.18
OI0001444,O000725,P023,101,213.24,1497.01,20040.23
OI0001445,O000726,P021,100,219.04,2537.93,19366.07
OI0001446,O000726,P019,104,143.33,422.43,14483.89
OI0001447,O000727,P023,98,229.31,2533.93,19938.45
OI0001448,O000727,P022,38,235.3,40.7,8900.7
OI0001449,O000727,P023,22,207.15,526.0,4031.3
OI0001450,O000728,P019,30,134.97,295.2,3753.9
OI0001451,O000728,P022,40,210.55,450.23,7971.77
OI0001452,O000728,P023,68,229.37,508.68,15088.48
OI0001453,O000729,P026,72,158.14,44.31,11341.77
OI0001454,O000729,P026,50,176.94,909.97,7937.03
OI0001455,O000730,P030,29,157.1,242.23,4313.67
OI0001456,O000730,P029,54,119.97,477.87,6000.51
OI0001457,O000730,P027,84,90.03,270.45,7292.07
OI0001458,O000731,P006,86,1302.48,6432.5,105580.78
OI0001459,O000732,P004,13,1476.87,884.97,18314.34
OI0001460,O000732,P002,86,1865.53,14488.53,145947.05
OI0001461,O000733,P002,27,1822.79,2168.72,47046.61
OI0001462,O000734,P002,38,1917.52,1465.95,71399.81
OI0001463,O000734,P006,65,1305.21,355.01,84483.64
OI0001464,O000734,P001,27,1597.66,4678.53,38458.29
OI0001465,O000735,P007,27,1637.18,4037.51,40166.35
OI0001466,O000736,P009,32,2020.04,2433.27,62208.01
OI0001467,O000736,P011,36,2131.26,2582.49,74142.87
OI0001468,O000736,P007,104,1602.63,2484.2,164189.32
OI0001469,O000737,P009,104,2174.35,15292.12,210840.28
OI0001470,O000737,P007,7,1564.6,607.02,10345.18
OI0001471,O000738,P017,12,301.57,338.08,3280.76
OI0001472,O000738,P014,47,182.7,902.26,7684.64
OI0001473,O000738,P014,41,176.08,608.66,6610.62
OI0001474,O000739,P015,105,266.84,1352.44,26665.76
OI0001475,O000740,P016,54,117.4,80.84,6258.76
OI0001476,O000740,P016,93,114.04,266.37,10339.35
OI0001477,O000741,P015,29,263.3,285.39,7350.31
OI0001478,O000742,P017,108,284.88,171.16,30595.88
OI0001479,O000743,P018,86,261.08,602.7,21850.18
OI0001480,O000743,P013,96,194.84,2143.75,16560.89
OI0001481,O000743,P016,11,121.86,150.11,1190.35
OI0001482,O000744,P024,22,222.98,387.82,4517.74
OI0001483,O000744,P019,93,141.25,1345.8,11790.45
OI0001484,O000745,P022,55,228.04,153.2,12389.0
OI0001485,O000745,P022,19,212.18,27.79,4003.63
OI0001486,O000745,P023,57,217.21,1144.61,11236.36
OI0001487,O000746,P020,47,247.46,351.89,11278.73
OI0001488,O000746,P020,52,219.75,1126.97,10300.03
OI0001489,O000747,P023,53,224.7,1173.08,10736.02
OI0001490,O000747,P024,26,199.66,27.88,5163.28
OI0001491,O000747,P020,86,247.64,952.45,20344.59
OI0001492,O000748,P029,39,122.08,546.52,4214.6
OI0001493,O000748,P027,15,96.48,50.09,1397.11
OI0001494,O000749,P028,105,120.55,380.02,12277.73
OI0001495,O000749,P025,72,184.59,453.66,12836.82
OI0001496,O000750,P025,81,194.23,1297.88,14434.75
OI0001497,O000750,P030,39,147.23,431.99,5309.98
OI0001498,O000750,P029,45,132.71,159.14,5812.81
OI0001499,O000751,P004,48,1638.16,2667.41,75964.27
OI0001500,O000751,P002,59,1792.1,6676.23,99057.67
OI0001501,O000752,P003,74,872.57,2558.33,62011.85
OI0001502,O000753,P011,64,2113.57,6807.39,128461.09
OI0001503,O000753,P010,38,1656.39,4744.42,58198.4
OI0001504,O000754,P013,17,195.05,291.86,3023.99
OI0001505,O000755,P018,42,286.77,1212.24,10832.1
OI0001506,O000755,P017,59,301.29,77.35,17698.76
OI0001507,O000755,P014,11,193.4,250.17,1877.23
OI0001508,O000756,P022,51,208.42,574.86,10054.56
OI0001509,O000757,P024,116,217.89,1410.49,23864.75
OI0001510,O000757,P022,56,231.69,1461.95,11512.69
OI0001511,O000758,P025,88,196.45,1263.6,16024.0
OI0001512,O000758,P027,20,99.23,136.09,1848.51
OI0001513,O000758,P025,8,214.49,83.86,1632.06
OI0001514,O000759,P005,50,987.56,853.18,48524.82
OI0001515,O000759,P002,16,1938.73,3042.53,27977.15
OI0001516,O000759,P006,101,1228.53,13656.27,110425.26
OI0001517,O000760,P004,29,1590.02,828.65,45281.93
OI0001518,O000760,P001,112,1687.53,20781.51,168221.85
OI0001519,O000761,P002,11,1838.4,2326.63,17895.77
OI0001520,O000761,P006,107,1278.49,14490.75,122307.68
OI0001521,O000762,P001,21,1613.55,3509.54,30375.01
OI0001522,O000763,P004,73,1636.93,3724.73,115771.16
OI0001523,O000764,P002,92,1947.25,12862.36,166284.64
OI0001524,O000764,P005,54,982.91,2599.27,50477.87
OI0001525,O000764,P006,62,1199.88,5142.17,69250.39
OI0001526,O000765,P010,7,1535.82,551.34,10199.4
OI0001527,O000765,P008,76,1538.84,13084.81,103867.03
OI0001528,O000765,P007,103,1636.19,13796.81,154730.76
OI0001529,O000766,P010,63,1783.44,8773.32,103583.4
OI0001530,O000766,P012,80,1888.06,8750.14,142294.66
OI0001531,O000766,P007,89,1722.92,7116.55,146223.33
OI0001532,O000767,P007,72,1520.29,1920.19,107540.69
OI0001533,O000768,P010,99,1702.99,6671.71,161924.3
OI0001534,O000769,P011,98,2252.97,18741.07,202049.99
OI0001535,O000769,P008,80,1426.95,1781.39,112374.61
OI0001536,O000770,P015,88,269.11,2394.16,21287.52
OI0001537,O000770,P017,17,295.71,37.91,4989.16
OI0001538,O000770,P017,29,276.95,364.68,7666.87
OI0001539,O000771,P013,105,191.65,15.23,20108.02
OI0001540,O000771,P014,48,174.28,280.44,8085.0
OI0001541,O000771,P018,64,283.43,1416.37,16723.15
OI0001542,O000772,P016,6,122.76,40.91,695.65
OI0001543,O000772,P015,79,285.36,18.26,22525.18
OI0001544,O000772,P013,47,199.67,606.9,8777.59
OI0001545,O000773,P016,104,121.32,735.67,11881.61
OI0001546,O000773,P013,111,190.77,1328.25,19847.22
OI0001547,O000774,P018,19,257.9,40.52,4859.58
OI0001548,O000774,P015,44,274.62,504.22,11579.06
OI0001549,O000774,P015,46,263.54,703.35,11419.49
OI0001550,O000775,P015,41,254.02,397.1,10017.72
OI0001551,O000776,P016,65,126.22,809.57,7394.73
OI0001552,O000777,P019,26,140.59,318.86,3336.48
OI0001553,O000777,P019,31,136.36,47.49,4179.67
OI0001554,O000777,P021,117,232.06,815.63,26335.39
OI0001555,O000778,P022,92,227.5,1865.09,19064.91
OI0001556,O000778,P021,117,212.65,2555.8,22324.25
OI0001557,O000779,P022,18,216.62,237.5,3661.66
OI0001558,O000780,P019,114,128.97,1711.73,12990.85
OI0001559,O000780,P020,44,225.41,1016.58,8901.46
OI0001560,O000781,P019,10,129.63,73.14,1223.16
OI0001561,O000781,P020,99,222.56,982.49,21050.95
OI0001562,O000781,P022,35,223.54,283.76,7540.14
OI0001563,O000782,P020,27,253.23,458.4,6378.81
OI0001564,O000782,P019,52,127.48,245.25,6383.71
OI0001565,O000782,P022,86,223.22,1468.85,17728.07
OI0001566,O000783,P029,88,120.62,498.03,10116.53
OI0001567,O000783,P028,86,126.42,1221.61,9650.51
OI0001568,O000784,P028,14,126.15,82.82,1683.28
OI0001569,O000784,P029,54,123.27,398.47,6258.11
OI0001570,O000784,P027,114,96.05,1162.92,9786.78
OI0001571,O000785,P030,82,142.6,807.32,10885.88
OI0001572,O000786,P001,15,1463.28,2064.61,19884.59
OI0001573,O000786,P006,115,1187.72,7769.43,128818.37
OI0001574,O000786,P004,65,1548.28,6015.91,94622.29
OI0001575,O000787,P005,94,990.91,3376.81,89768.73
OI0001576,O000788,P001,28,1514.54,2220.88,40186.24
OI0001577,O000788,P002,33,1762.54,5361.47,52802.35
OI0001578,O000789,P004,78,1633.61,724.85,126696.73
OI0001579,O000790,P005,103,1044.21,7238.58,100315.05
OI0001580,O000790,P002,88,1822.49,1607.31,158771.81
OI0001581,O000790,P001,39,1486.72,3932.91,54049.17
OI0001582,O000791,P008,64,1496.71,921.82,94867.62
OI0001583,O000791,P012,64,1978.47,2360.58,124261.5
OI0001584,O000791,P008,63,1361.8,819.29,84974.11
OI0001585,O000792,P010,27,1668.75,3681.73,41374.52
OI0001586,O000792,P010,119,1767.31,15734.56,194575.33
OI0001587,O000792,P009,65,2205.28,8971.14,134372.06
OI0001588,O000793,P007,41,1574.69,4007.97,60554.32
OI0001589,O000793,P010,80,1569.4,10089.88,115462.12
OI0001590,O000793,P008,95,1409.4,3700.62,130192.38
OI0001591,O000794,P013,99,209.63,1968.93,18784.44
OI0001592,O000794,P015,110,265.95,15.84,29238.66
OI0001593,O000795,P014,21,189.35,15.01,3961.34
OI0001594,O000795,P015,27,253.11,155.37,6678.6
OI0001595,O000796,P018,115,255.26,386.45,28968.45
OI0001596,O000797,P014,106,202.25,837.7,20600.8
OI0001597,O000797,P018,47,270.41,1030.39,11678.88
OI0001598,O000797,P017,50,305.93,893.12,14403.38
OI0001599,O000798,P018,73,269.12,181.22,19464.54
OI0001600,O000799,P013,18,189.4,47.43,3361.77
OI0001601,O000800,P017,22,286.69,451.09,5856.09
OI0001602,O000800,P013,75,185.51,1621.97,12291.28
OI0001603,O000800,P013,45,186.0,102.47,8267.53
OI0001604,O000801,P022,31,228.18,167.11,6906.47
OI0001605,O000801,P023,35,231.69,627.81,7481.34
OI0001606,O000802,P024,78,198.58,1491.87,13997.37
OI0001607,O000802,P022,83,213.31,117.24,17587.49
OI0001608,O000802,P023,75,224.8,152.47,16707.53
OI0001609,O000803,P020,107,218.74,2146.12,21259.06
OI0001610,O000803,P022,43,220.71,596.1,8894.43
OI0001611,O000803,P021,10,235.79,72.52,2285.38
OI0001612,O000804,P020,96,229.32,269.79,21744.93
OI0001613,O000805,P024,59,214.1,789.5,11842.4
OI0001614,O000805,P020,87,229.37,461.12,19494.07
OI0001615,O000805,P020,79,223.84,610.54,17072.82
OI0001616,O000806,P029,33,125.41,262.69,3875.84
OI0001617,O000806,P029,74,120.39,66.74,8842.12
OI0001618,O000807,P030,8,145.06,113.33,1047.15
OI0001619,O000807,P028,37,113.4,400.3,3795.5
OI0001620,O000807,P027,36,93.8,65.04,3311.76
OI0001621,O000808,P003,45,902.39,2281.04,38326.51
OI0001622,O000808,P005,119,967.09,8924.82,106158.89
OI0001623,O000809,P005,37,974.72,4194.49,31870.15
OI0001624,O000809,P001,21,1523.54,1412.63,30581.71
OI0001625,O000810,P002,26,1967.09,1218.32,49926.02
OI0001626,O000811,P006,101,1193.49,7078.66,113463.83
OI0001627,O000812,P002,67,1750.42,7644.39,109633.75
OI0001628,O000812,P005,59,950.74,2102.04,53991.62
OI0001629,O000812,P005,78,927.31,4825.61,67504.57
OI0001630,O000813,P004,48,1512.7,4404.65,68204.95
OI0001631,O000814,P009,57,2015.0,7947.2,106907.8
OI0001632,O000814,P007,36,1602.94,5624.25,52081.59
OI0001633,O000814,P008,6,1371.86,62.73,8168.43
OI0001634,O000815,P010,68,1591.17,5560.22,102639.34
OI0001635,O000815,P008,90,1334.78,12267.92,107862.28
OI0001636,O000816,P018,119,258.99,3484.75,27335.06
OI0001637,O000817,P015,24,258.52,743.75,5460.73
OI0001638,O000817,P016,47,114.21,311.91,5055.96
OI0001639,O000818,P015,23,248.47,499.44,5215.37
OI0001640,O000819,P013,81,214.98,764.49,16648.89
OI0001641,O000819,P014,23,197.48,401.15,4140.89
OI0001642,O000819,P016,7,124.7,62.49,810.41
OI0001643,O000820,P022,86,237.52,635.5,19791.22
OI0001644,O000820,P019,48,126.78,318.97,5766.47
OI0001645,O000820,P021,73,234.61,533.65,16592.88
OI0001646,O000821,P021,109,211.0,86.63,22912.37
OI0001647,O000821,P019,87,131.6,238.95,11210.25
OI0001648,O000822,P024,41,219.99,75.66,8943.93
OI0001649,O000822,P024,71,224.94,924.49,15046.25
OI0001650,O000823,P019,100,130.83,1245.93,11837.07
OI0001651,O000823,P019,104,140.12,97.52,14474.96
OI0001652,O000824,P026,112,176.94,294.54,19522.74
OI0001653,O000824,P026,28,179.96,89.61,4949.27
OI0001654,O000825,P002,42,1717.62,6744.8,65395.24
OI0001655,O000826,P006,97,1308.09,8804.95,118079.78
OI0001656,O000826,P005,58,948.14,5248.9,49743.22
OI0001657,O000827,P003,85,900.31,3777.3,72749.05
OI0001658,O000827,P002,56,1957.61,12135.38,97490.78
OI0001659,O000827,P001,87,1688.28,4218.87,142661.49
OI0001660,O000828,P010,31,1693.94,2891.72,49620.42
OI0001661,O000828,P009,65,2192.74,14892.81,127635.29
OI0001662,O000829,P009,107,1975.85,24050.14,187365.81
OI0001663,O000830,P013,28,191.91,565.29,4808.19
OI0001664,O000830,P015,86,270.31,2183.33,21063.33
OI0001665,O000831,P013,9,194.18,63.3,1684.32
OI0001666,O000831,P014,95,178.48,1239.39,15716.21
OI0001667,O000831,P018,12,255.33,202.91,2861.05
OI0001668,O000832,P017,7,274.76,88.84,1834.48
OI0001669,O000833,P021,108,238.92,2127.86,23675.5
OI0001670,O000833,P022,40,222.98,143.13,8776.07
OI0001671,O000834,P023,103,213.55,356.1,21639.55
OI0001672,O000834,P021,101,231.56,2160.56,21227.0
OI0001673,O000835,P028,116,125.23,938.46,13588.22
OI0001674,O000835,P030,31,158.65,128.24,4789.91
OI0001675,O000835,P027,111,97.27,866.62,9930.35
OI0001676,O000836,P004,55,1427.74,2052.43,76473.27
OI0001677,O000836,P001,95,1499.41,15451.38,126992.57
OI0001678,O000836,P002,82,1793.78,2632.13,144457.83
OI0001679,O000837,P001,15,1631.2,2687.72,21780.28
OI0001680,O000838,P002,5,1737.73,472.73,8215.92
OI0001681,O000838,P002,104,1733.59,1666.65,178626.71
OI0001682,O000838,P005,98,1010.81,3305.02,95754.36
OI0001683,O000839,P001,71,1511.74,7157.12,100176.42
OI0001684,O000840,P002,107,1815.59,12110.34,182157.79
OI0001685,O000841,P004,69,1628.13,1675.27,110665.7
OI0001686,O000841,P004,37,1524.04,5541.17,50848.31
OI0001687,O000841,P004,94,1595.89,8821.68,141191.98
OI0001688,O000842,P009,25,2072.25,2177.92,49628.33
OI0001689,O000842,P012,74,2030.21,15559.04,134676.5
OI0001690,O000843,P011,73,2150.3,12020.96,144950.94
OI0001691,O000843,P012,47,2055.98,8932.29,87698.77
OI0001692,O000843,P010,61,1653.72,6475.98,94400.94
OI0001693,O000844,P008,70,1538.41,2496.38,105192.32
OI0001694,O000844,P012,60,1885.66,12734.73,100404.87
OI0001695,O000844,P009,11,2121.13,385.67,22946.76
OI0001696,O000845,P008,62,1478.64,4674.26,87001.42
OI0001697,O000845,P011,114,2294.16,30441.17,231093.07
OI0001698,O000845,P007,16,1559.18,1840.56,23106.32
OI0001699,O000846,P015,51,280.22,1709.5,12581.72
OI0001700,O000847,P018,88,284.19,904.68,24104.04
OI0001701,O000847,P017,31,295.98,1046.73,8128.65
OI0001702,O000848,P015,37,281.6,793.45,9625.75
OI0001703,O000848,P018,90,262.99,2689.83,20979.27
OI0001704,O000848,P013,78,208.95,1639.31,14658.79
OI0001705,O000849,P016,90,128.4,430.13,11125.87
OI0001706,O000849,P016,36,118.38,255.55,4006.13
OI0001707,O000850,P016,58,129.31,800.62,6699.36
OI0001708,O000851,P015,34,280.64,832.26,8709.5
OI0001709,O000851,P015,36,285.3,648.03,9622.77
OI0001710,O000851,P018,86,260.95,583.45,21858.25
OI0001711,O000852,P013,95,188.31,1609.03,16280.42
OI0001712,O000853,P022,107,238.81,2622.97,22929.7
OI0001713,O000853,P024,78,223.42,1962.62,15464.14
OI0001714,O000853,P021,116,217.18,422.73,24770.15
OI0001715,O000854,P021,82,217.98,1926.74,15947.62
OI0001716,O000855,P023,11,203.07,183.53,2050.24
OI0001717,O000855,P020,56,248.19,460.45,13438.19
OI0001718,O000855,P024,33,226.38,651.75,6818.79
OI0001719,O000856,P022,23,240.73,238.95,5297.84
OI0001720,O000856,P024,75,213.23,368.86,15623.39
OI0001721,O000856,P024,57,198.53,990.09,10326.12
OI0001722,O000857,P024,42,224.24,714.45,8703.63
OI0001723,O000857,P022,111,236.95,613.76,25687.69
OI0001724,O000858,P026,105,171.91,1812.87,16237.68
OI0001725,O000858,P027,13,90.45,97.19,1078.66
OI0001726,O000859,P028,48,126.95,682.61,5410.99
OI0001727,O000859,P025,13,215.12,240.54,2556.02
OI0001728,O000859,P026,48,172.5,719.73,7560.27
OI0001729,O000860,P028,49,114.63,189.25,5427.62
OI0001730,O000860,P028,32,121.59,319.62,3571.26
OI0001731,O000861,P001,103,1486.84,16374.37,136770.15
OI0001732,O000861,P003,14,900.11,308.5,12293.04
OI0001733,O000862,P001,105,1585.9,12248.32,154271.18
OI0001734,O000863,P003,5,889.87,330.23,4119.12
OI0001735,O000864,P003,103,881.27,9267.56,81503.25
OI0001736,O000864,P002,75,1970.1,12421.31,135336.19
OI0001737,O000864,P003,102,886.66,8014.01,82425.31
OI0001738,O000865,P009,82,1915.12,5099.37,151940.47
OI0001739,O000866,P012,105,1935.19,12860.3,190334.65
OI0001740,O000866,P007,34,1632.89,5351.11,50167.15
OI0001741,O000867,P008,81,1374.8,4871.8,106487.0
OI0001742,O000867,P010,53,1691.16,4361.47,85270.01
OI0001743,O000867,P011,52,2245.41,8604.46,108156.86
OI0001744,O000868,P016,7,124.53,49.79,821.92
OI0001745,O000869,P014,70,198.84,296.29,13622.51
OI0001746,O000870,P016,59,113.98,69.61,6655.21
OI0001747,O000870,P018,31,253.81,75.31,7792.8
OI0001748,O000871,P016,43,118.34,387.25,4701.37
OI0001749,O000871,P013,15,194.16,44.17,2868.23
OI0001750,O000871,P018,118,264.08,1692.77,29468.67
OI0001751,O000872,P022,114,225.12,716.04,24947.64
OI0001752,O000872,P019,33,137.35,487.49,4045.06
OI0001753,O000873,P024,8,218.73,180.55,1569.29
OI0001754,O000874,P022,75,219.22,114.52,16326.98
OI0001755,O000874,P024,43,203.19,888.31,7848.86
OI0001756,O000875,P021,119,208.63,2322.19,22504.78
OI0001757,O000875,P019,97,131.21,1424.92,11302.45
OI0001758,O000876,P028,87,124.57,604.05,10233.54
OI0001759,O000876,P029,92,134.34,1352.7,11006.58
OI0001760,O000876,P029,11,129.82,140.41,1287.61
OI0001761,O000877,P027,84,100.87,784.98,7688.1
OI0001762,O000877,P028,69,119.21,527.71,7697.78
OI0001763,O000877,P030,82,157.8,588.85,12350.75
OI0001764,O000878,P001,10,1586.25,1888.67,13973.83
OI0001765,O000878,P004,79,1417.48,4355.68,107625.24
OI0001766,O000879,P003,11,892.1,928.33,8884.77
OI0001767,O000879,P004,43,1569.15,6052.28,61421.17
OI0001768,O000879,P001,95,1546.04,5905.82,140967.98
OI0001769,O000880,P002,119,1994.52,16966.47,220381.41
OI0001770,O000880,P006,74,1282.33,6592.1,88300.32
OI0001771,O000881,P007,107,1566.45,18481.54,149128.61
OI0001772,O000881,P011,109,2073.44,7292.48,218712.48
OI0001773,O000882,P011,34,2100.03,5513.15,65887.87
OI0001774,O000882,P010,112,1708.11,12004.3,179304.02
OI0001775,O000882,P009,81,2089.94,17180.41,152104.73
OI0001776,O000883,P015,27,282.38,340.41,7283.85
OI0001777,O000883,P014,71,186.2,764.26,12455.94
OI0001778,O000884,P016,49,128.77,399.37,5910.36
OI0001779,O000884,P014,79,176.46,1561.32,12379.02
OI0001780,O000884,P018,36,266.07,985.82,8592.7
OI0001781,O000885,P019,106,130.06,1052.18,12734.18
OI0001782,O000885,P020,45,235.22,889.89,9695.01
OI0001783,O000886,P019,56,137.24,398.45,7286.99
OI0001784,O000886,P023,16,208.51,283.61,3052.55
OI0001785,O000886,P022,43,219.86,419.86,9034.12
OI0001786,O000887,P021,34,229.99,669.32,7150.34
OI0001787,O000887,P019,81,134.25,707.81,10166.44
OI0001788,O000888,P026,90,155.09,218.54,13739.56
OI0001789,O000889,P006,56,1277.42,8126.56,63408.96
OI0001790,O000890,P003,34,904.5,3336.62,27416.38
OI0001791,O000891,P009,51,1971.95,1274.61,99294.84
OI0001792,O000892,P017,11,269.85,151.42,2816.93
OI0001793,O000893,P018,26,260.06,87.73,6673.83
OI0001794,O000894,P017,57,274.77,451.44,15210.45
OI0001795,O000894,P015,98,258.48,1670.3,23660.74
OI0001796,O000895,P023,18,224.06,317.16,3715.92
OI0001797,O000895,P022,38,209.32,575.34,7378.82
OI0001798,O000895,P019,80,126.47,43.95,10073.65
OI0001799,O000896,P021,66,208.47,486.73,13272.29
OI0001800,O000896,P023,22,224.04,111.18,4817.7
OI0001801,O000896,P020,50,246.5,1351.4,10973.6
OI0001802,O000897,P027,6,94.61,45.02,522.64
OI0001803,O000898,P006,110,1248.11,4629.88,132662.22
OI0001804,O000899,P002,96,1739.16,2622.35,164337.01
OI0001805,O000899,P002,102,1818.16,18728.92,166723.4
OI0001806,O000899,P001,100,1587.57,15414.18,143342.82
OI0001807,O000900,P002,59,1777.06,10428.39,94418.15
OI0001808,O000900,P006,42,1228.83,2515.25,49095.61
OI0001809,O000901,P005,42,1034.16,4239.81,39194.91
OI0001810,O000901,P004,30,1421.92,4459.87,38197.73
OI0001811,O000902,P002,64,1997.92,8552.06,119314.82
OI0001812,O000903,P003,31,848.53,395.69,25908.74
OI0001813,O000903,P005,111,1018.04,3831.28,109171.16
OI0001814,O000904,P004,68,1598.57,8559.53,100143.23
OI0001815,O000904,P006,16,1141.81,1884.15,16384.81
OI0001816,O000904,P002,89,1847.77,3495.3,160956.23
OI0001817,O000905,P001,114,1583.42,7045.99,173463.89
OI0001818,O000906,P008,92,1429.77,4682.65,126856.19
OI0001819,O000906,P012,15,2186.56,343.28,32455.12
OI0001820,O000906,P011,84,2156.42,10560.34,170578.94
OI0001821,O000907,P010,94,1674.27,3087.85,154293.53
OI0001822,O000907,P011,98,2342.33,3573.49,225974.85
OI0001823,O000908,P011,116,2304.59,577.07,266755.37
OI0001824,O000908,P012,119,2047.52,22303.62,221351.26
OI0001825,O000908,P012,21,2014.02,1340.76,40953.66
OI0001826,O000909,P009,40,2198.79,867.54,87084.06
OI0001827,O000909,P007,119,1641.64,3809.16,191546.0
OI0001828,O000909,P010,76,1662.98,2399.07,123987.41
OI0001829,O000910,P013,36,207.24,236.98,7223.66
OI0001830,O000910,P018,92,285.19,2086.59,24150.89
OI0001831,O000910,P013,93,215.33,702.67,19323.02
OI0001832,O000911,P013,52,212.59,477.79,10576.89
OI0001833,O000911,P014,61,191.67,231.67,11460.2
OI0001834,O000912,P016,22,131.9,39.88,2861.92
OI0001835,O000913,P015,100,257.37,2106.24,23630.76
OI0001836,O000913,P015,78,276.05,675.1,20856.8
OI0001837,O000914,P016,51,125.24,402.83,5984.41
OI0001838,O000914,P017,65,302.76,1563.41,18115.99
OI0001839,O000915,P014,20,195.26,317.83,3587.37
OI0001840,O000916,P018,30,278.64,698.78,7660.42
OI0001841,O000917,P023,76,203.86,1585.36,13908.0
OI0001842,O000917,P021,79,230.02,1004.72,17166.86
OI0001843,O000918,P020,106,245.41,537.82,25475.64
OI0001844,O000919,P020,75,221.5,1588.86,15023.64
OI0001845,O000919,P023,114,213.11,2610.11,21684.43
OI0001846,O000920,P020,33,223.88,282.45,7105.59
OI0001847,O000920,P019,15,129.7,106.94,1838.56
OI0001848,O000920,P022,77,213.23,439.7,15979.01
OI0001849,O000921,P021,25,227.09,345.94,5331.31
OI0001850,O000921,P024,38,195.11,465.78,6948.4
OI0001851,O000921,P020,106,251.59,2574.58,24093.96
OI0001852,O000922,P023,100,231.88,1891.87,21296.13
OI0001853,O000923,P029,65,117.49,553.62,7083.23
OI0001854,O000923,P030,5,162.0,14.45,795.55
OI0001855,O000923,P028,112,119.28,1351.16,12008.2
OI0001856,O000924,P030,63,147.52,865.08,8428.68
OI0001857,O000924,P026,21,167.35,334.29,3180.06
OI0001858,O000925,P027,38,92.91,296.01,3234.57
OI0001859,O000925,P029,105,125.77,1332.86,11872.99
OI0001860,O000926,P002,110,1844.61,16325.98,186581.12
OI0001861,O000927,P001,50,1612.04,2654.69,77947.31
OI0001862,O000928,P006,62,1290.62,9135.3,70883.14
OI0001863,O000928,P001,59,1561.07,10817.73,81285.4
OI0001864,O000929,P001,85,1462.57,8563.14,115755.31
OI0001865,O000929,P006,8,1196.27,249.15,9321.01
OI0001866,O000930,P001,109,1623.24,18032.6,158900.56
OI0001867,O000931,P004,55,1583.46,4064.18,83026.12
OI0001868,O000931,P002,50,1738.84,10056.91,76885.09
OI0001869,O000931,P004,95,1473.05,5454.0,134485.75
OI0001870,O000932,P003,118,853.15,560.69,100111.01
OI0001871,O000933,P005,84,965.62,7464.81,73647.27
OI0001872,O000934,P012,14,1905.01,2916.24,23753.9
OI0001873,O000935,P012,10,1977.22,144.19,19628.01
OI0001874,O000935,P012,86,2139.0,13824.9,170129.1
OI0001875,O000936,P011,51,2015.58,1306.87,101487.71
OI0001876,O000936,P007,92,1507.89,15566.81,123159.07
OI0001877,O000937,P012,31,2032.49,2228.6,60778.59
OI0001878,O000937,P009,16,1993.21,3727.65,28163.71
OI0001879,O000938,P014,73,182.4,50.84,13264.36
OI0001880,O000938,P018,70,256.65,82.95,17882.55
OI0001881,O000939,P018,34,272.31,675.32,8583.22
OI0001882,O000939,P013,103,186.9,1360.58,17890.12
OI0001883,O000940,P016,12,127.89,175.77,1358.91
OI0001884,O000940,P014,97,176.96,1769.86,15395.26
OI0001885,O000941,P013,102,215.22,221.52,21730.92
OI0001886,O000942,P015,107,273.95,1273.31,28039.34
OI0001887,O000942,P018,31,266.7,5.45,8262.25
OI0001888,O000942,P018,42,251.22,527.67,10023.57
OI0001889,O000943,P015,44,272.17,692.02,11283.46
OI0001890,O000944,P020,51,246.16,1174.14,11380.02
OI0001891,O000945,P019,35,127.14,427.28,4022.62
OI0001892,O000945,P024,113,226.22,761.56,24801.3
OI0001893,O000945,P022,120,211.91,1486.94,23942.26
OI0001894,O000946,P023,86,203.09,972.14,16493.6
OI0001895,O000947,P019,26,129.19,152.04,3206.9
OI0001896,O000948,P021,49,223.77,351.92,10612.81
OI0001897,O000948,P020,31,223.1,672.4,6243.7
OI0001898,O000949,P021,101,217.69,1669.84,20316.85
OI0001899,O000949,P024,81,201.73,498.76,15841.37
OI0001900,O000950,P029,89,120.46,509.5,10211.44
OI0001901,O000950,P028,87,119.48,1140.78,9253.98
OI0001902,O000951,P027,43,89.47,119.03,3728.18
OI0001903,O000951,P026,25,176.73,38.2,4380.05
OI0001904,O000952,P001,47,1694.2,2852.9,76774.5
OI0001905,O000952,P004,70,1534.76,7228.86,100204.34
OI0001906,O000953,P005,99,1000.01,5789.08,93211.91
OI0001907,O000953,P005,80,904.65,5619.63,66752.37
OI0001908,O000953,P002,55,1795.58,8673.77,90083.13
OI0001909,O000954,P006,28,1273.57,3978.53,31681.43
OI0001910,O000955,P005,33,977.91,1948.83,30322.2
OI0001911,O000955,P002,72,1757.16,13585.69,112929.83
OI0001912,O000955,P001,116,1507.14,11303.43,163524.81
OI0001913,O000956,P008,15,1391.13,1791.42,19075.53
OI0001914,O000957,P010,32,1640.82,429.53,52076.71
OI0001915,O000957,P010,84,1597.43,9877.82,124306.3
OI0001916,O000958,P014,79,176.74,1041.98,12920.48
OI0001917,O000959,P015,12,271.32,327.35,2928.49
OI0001918,O000959,P016,88,126.11,1315.3,9782.38
OI0001919,O000960,P017,55,309.57,71.44,16954.91
OI0001920,O000960,P018,72,282.28,1017.76,19306.4
OI0001921,O000960,P013,59,210.81,772.44,11665.35
OI0001922,O000961,P013,49,206.44,437.13,9678.43
OI0001923,O000962,P019,49,128.73,163.67,6144.1
OI0001924,O000962,P021,51,227.75,1012.45,10602.8
OI0001925,O000962,P020,20,234.1,198.52,4483.48
OI0001926,O000963,P020,26,223.37,536.24,5271.38
OI0001927,O000963,P022,81,212.74,1381.5,15850.44
OI0001928,O000964,P022,81,226.22,1171.21,17152.61
OI0001929,O000964,P022,111,209.05,2434.59,20769.96
OI0001930,O000965,P024,60,201.73,1286.15,10817.65
OI0001931,O000965,P021,90,211.03,1371.69,17621.01
OI0001932,O000966,P026,50,171.72,594.88,7991.12
OI0001933,O000966,P026,44,158.69,38.43,6943.93
OI0001934,O000966,P029,54,132.23,124.09,7016.33
OI0001935,O000967,P003,26,814.73,1090.29,20092.69
OI0001936,O000968,P004,39,1428.01,3697.33,51995.06
OI0001937,O000968,P006,29,1283.6,547.21,36677.19
OI0001938,O000969,P004,81,1493.28,1171.77,119783.91
OI0001939,O000970,P007,17,1627.93,1474.59,26200.22
OI0001940,O000970,P008,88,1432.64,4890.68,121181.64
OI0001941,O000971,P008,76,1348.18,5889.82,96571.86
OI0001942,O000971,P009,70,2203.88,4294.07,149977.53
OI0001943,O000971,P011,63,2145.04,618.78,134518.74
OI0001944,O000972,P017,52,284.78,228.51,14580.05
OI0001945,O000972,P015,89,272.7,231.95,24038.35
OI0001946,O000972,P017,23,278.93,420.28,5995.11
OI0001947,O000973,P014,5,174.97,69.2,805.65
OI0001948,O000973,P014,116,188.23,116.65,21718.03
OI0001949,O000974,P015,36,254.48,381.82,8779.46
OI0001950,O000975,P014,27,175.96,142.63,4608.29
OI0001951,O000976,P022,12,223.26,201.27,2477.85
OI0001952,O000976,P022,53,235.91,179.45,12323.78
OI0001953,O000976,P024,14,225.13,119.5,3032.32
OI0001954,O000977,P021,32,214.22,252.45,6602.59
OI0001955,O000977,P021,12,221.02,5.06,2647.18
OI0001956,O000977,P021,34,218.85,761.94,6678.96
OI0001957,O000978,P030,25,156.77,447.66,3471.59
OI0001958,O000979,P005,64,1046.38,2849.26,64119.06
OI0001959,O000979,P001,6,1645.52,808.34,9064.78
OI0001960,O000979,P003,38,897.86,3274.91,30843.77
OI0001961,O000980,P003,47,815.55,3478.63,34852.22
OI0001962,O000980,P003,20,854.89,1307.65,15790.15
OI0001963,O000980,P004,111,1598.19,17128.94,160270.15
OI0001964,O000981,P005,86,910.39,7494.74,70798.8
OI0001965,O000982,P004,8,1421.72,929.06,10444.7
OI0001966,O000982,P004,108,1533.94,13029.03,152636.49
OI0001967,O000983,P006,12,1202.63,382.82,14048.74
OI0001968,O000983,P003,80,852.79,7449.51,60773.69
OI0001969,O000983,P004,10,1431.09,189.69,14121.21
OI0001970,O000984,P001,18,1598.74,1157.23,27620.09
OI0001971,O000985,P003,79,902.58,2379.34,68924.48
OI0001972,O000985,P006,111,1180.35,3303.38,127715.47
OI0001973,O000985,P003,7,852.23,229.83,5735.78
OI0001974,O000986,P004,68,1587.86,9159.1,98815.38
OI0001975,O000986,P005,85,926.77,7571.14,71204.31
OI0001976,O000987,P002,60,1928.46,10349.25,105358.35
OI0001977,O000987,P004,85,1407.42,12652.11,106978.59
OI0001978,O000987,P006,7,1234.09,424.56,8214.07
OI0001979,O000988,P004,116,1578.49,16763.26,166341.58
OI0001980,O000988,P002,63,1988.56,13922.09,111357.19
OI0001981,O000988,P005,40,1019.89,3192.64,37602.96
OI0001982,O000989,P007,74,1664.16,442.05,122705.79
OI0001983,O000989,P008,95,1493.62,7069.44,134824.46
OI0001984,O000990,P008,11,1365.25,619.67,14398.08
OI0001985,O000991,P012,65,2056.06,6247.81,127396.09
OI0001986,O000991,P010,23,1691.46,4259.03,34644.55
OI0001987,O000992,P009,63,1962.87,12485.26,111175.55
OI0001988,O000992,P012,73,2136.95,1733.28,154264.07
OI0001989,O000992,P009,16,1912.77,186.77,30417.55
OI0001990,O000993,P008,36,1508.66,2079.28,52232.48
OI0001991,O000993,P007,57,1508.31,9883.73,76089.94
OI0001992,O000993,P010,61,1778.63,6331.31,102165.12
OI0001993,O000994,P017,21,301.21,522.91,5802.5
OI0001994,O000995,P016,113,119.32,145.58,13337.58
OI0001995,O000996,P013,90,214.24,1578.32,17703.28
OI0001996,O000996,P017,79,284.18,2196.49,20253.73
OI0001997,O000996,P014,65,192.82,1283.47,11249.83
OI0001998,O000997,P015,110,258.66,3389.91,25062.69
OI0001999,O000998,P015,97,277.26,2669.22,24225.0
OI0002000,O000998,P014,73,180.79,1306.06,11891.61
OI0002001,O000998,P015,53,248.58,292.34,12882.4
OI0002002,O000999,P018,33,274.61,837.38,8224.75
OI0002003,O001000,P017,80,280.02,1159.53,21242.07
OI0002004,O001001,P023,107,231.24,385.14,24357.54
OI0002005,O001001,P020,104,224.1,445.33,22861.07
OI0002006,O001002,P024,70,197.08,303.14,13492.46
OI0002007,O001003,P022,56,235.83,802.7,12403.78
OI0002008,O001004,P021,35,239.46,299.73,8081.37
OI0002009,O001004,P021,37,227.87,23.04,8408.15
OI0002010,O001004,P019,78,138.18,303.59,10474.45
OI0002011,O001005,P023,89,232.6,2108.22,18593.18
OI0002012,O001006,P021,117,224.01,50.58,26158.59
OI0002013,O001006,P021,69,208.71,1215.2,13185.79
OI0002014,O001006,P019,17,141.59,181.36,2225.67
OI0002015,O001007,P021,117,222.7,1807.08,24248.82
OI0002016,O001007,P024,102,226.15,630.04,22437.26
OI0002017,O001007,P022,96,208.55,655.5,19365.3
OI0002018,O001008,P025,90,207.06,1552.48,17082.92
OI0002019,O001009,P030,49,145.92,424.55,6725.53
OI0002020,O001009,P026,47,168.57,71.4,7851.39
OI0002021,O001010,P026,42,159.36,233.57,6459.55
OI0002022,O001010,P025,59,193.8,943.86,10490.34
OI0002023,O001011,P029,104,135.68,1148.59,12962.13
OI0002024,O001011,P029,114,132.68,1458.59,13666.93
OI0002025,O001012,P002,97,1814.0,7706.49,168251.51
OI0002026,O001012,P001,115,1571.89,5327.14,175440.21
OI0002027,O001012,P004,97,1540.65,13042.4,136400.65
OI0002028,O001013,P003,18,908.81,1543.39,14815.19
OI0002029,O001013,P003,60,898.61,3526.71,50389.89
OI0002030,O001013,P003,54,873.09,1549.22,45597.64
OI0002031,O001014,P006,85,1179.99,1103.4,99195.75
OI0002032,O001015,P002,26,1949.98,1248.73,49450.75
OI0002033,O001015,P005,88,1045.71,9132.17,82890.31
OI0002034,O001016,P005,69,925.68,840.01,63031.91
OI0002035,O001016,P004,16,1437.36,1972.91,21024.85
OI0002036,O001016,P004,56,1584.79,8930.65,79817.59
OI0002037,O001017,P001,9,1604.35,835.84,13603.31
OI0002038,O001018,P005,103,951.01,8564.72,89389.31
OI0002039,O001019,P010,31,1669.6,6054.08,45703.52
OI0002040,O001020,P009,89,2092.2,4427.02,181778.78
OI0002041,O001021,P009,99,1984.75,20893.94,175596.31
OI0002042,O001022,P008,75,1361.13,1596.24,100488.51
OI0002043,O001022,P011,9,2062.56,2161.84,16401.2
OI0002044,O001022,P010,87,1560.72,3753.99,132028.65
OI0002045,O001023,P008,77,1425.94,1967.96,107829.42
OI0002046,O001023,P012,14,2180.19,3185.7,27336.96
OI0002047,O001024,P015,74,248.57,573.3,17820.88
OI0002048,O001025,P018,99,266.96,48.93,26380.11
OI0002049,O001025,P018,87,289.47,443.28,24740.61
OI0002050,O001025,P018,113,291.64,2163.45,30791.87
OI0002051,O001026,P016,49,127.29,59.86,6177.35
OI0002052,O001027,P013,7,201.75,57.49,1354.76
OI0002053,O001028,P018,7,251.02,14.86,1742.28
OI0002054,O001029,P018,83,274.77,314.33,22491.58
OI0002055,O001029,P018,80,260.49,1185.32,19653.88
OI0002056,O001030,P016,27,119.16,83.25,3134.07
OI0002057,O001031,P017,18,271.7,88.24,4802.36
OI0002058,O001031,P017,12,267.91,48.58,3166.34
OI0002059,O001032,P020,81,245.27,1470.99,18395.88
OI0002060,O001032,P021,115,222.35,679.29,24890.96
OI0002061,O001033,P023,8,203.96,32.76,1598.92
OI0002062,O001033,P021,78,231.43,1623.33,16428.21
OI0002063,O001034,P022,69,234.87,1249.18,14956.85
OI0002064,O001034,P024,61,198.09,943.88,11139.61
OI0002065,O001035,P020,107,240.7,1167.35,24587.55
OI0002066,O001035,P022,28,225.89,402.19,5922.73
OI0002067,O001036,P020,64,228.52,793.43,13831.85
OI0002068,O001037,P026,107,170.26,2088.8,16129.02
OI0002069,O001037,P029,94,118.64,157.28,10994.88
OI0002070,O001038,P028,21,127.46,289.19,2387.47
OI0002071,O001038,P029,9,118.31,94.19,970.6
OI0002072,O001039,P029,84,136.33,389.76,11061.96
OI0002073,O001040,P005,32,955.5,847.79,29728.21
OI0002074,O001041,P002,13,1961.07,1551.34,23942.57
OI0002075,O001041,P005,11,1013.31,910.72,10235.69
OI0002076,O001041,P005,25,1003.76,439.5,24654.5
OI0002077,O001042,P004,83,1567.31,3786.95,126299.78
OI0002078,O001043,P008,27,1530.6,4015.46,37310.74
OI0002079,O001043,P007,105,1561.44,19193.52,144757.68
OI0002080,O001044,P011,36,2149.19,438.09,76932.75
OI0002081,O001044,P008,112,1418.87,10366.3,148547.14
OI0002082,O001045,P017,59,296.53,1174.97,16320.3
OI0002083,O001045,P014,34,189.53,439.49,6004.53
OI0002084,O001046,P014,78,175.68,619.02,13084.02
OI0002085,O001046,P014,13,196.84,18.71,2540.21
OI0002086,O001047,P015,43,259.48,856.09,10301.55
OI0002087,O001048,P014,100,177.14,947.82,16766.18
OI0002088,O001048,P018,89,256.42,122.14,22699.24
OI0002089,O001049,P021,18,221.94,192.33,3802.59
OI0002090,O001050,P021,18,230.87,239.74,3915.92
OI0002091,O001050,P019,31,130.72,93.76,3958.56
OI0002092,O001050,P021,111,212.85,149.95,23476.4
OI0002093,O001051,P022,40,224.22,79.81,8888.99
OI0002094,O001051,P020,116,237.86,674.27,26917.49
OI0002095,O001052,P021,30,228.2,737.21,6108.79
OI0002096,O001053,P030,114,146.36,937.65,15747.39
OI0002097,O001053,P027,98,90.27,1035.44,7811.02
OI0002098,O001054,P004,98,1632.95,5480.01,154549.09
OI0002099,O001054,P005,40,1000.2,2424.11,37583.89
OI0002100,O001055,P005,110,998.04,11219.0,98565.4
OI0002101,O001056,P005,107,980.08,1029.73,103838.83
OI0002102,O001057,P003,40,888.59,1251.2,34292.4
OI0002103,O001057,P005,42,929.7,1191.78,37855.62
OI0002104,O001058,P012,92,2021.39,6484.26,179483.62
OI0002105,O001059,P014,17,186.2,130.26,3035.14
OI0002106,O001059,P014,22,187.51,458.93,3666.29
OI0002107,O001059,P015,37,266.86,254.43,9619.39
OI0002108,O001060,P013,37,191.0,369.14,6697.86
OI0002109,O001061,P014,79,186.3,1274.14,13443.56
OI0002110,O001061,P018,100,259.74,1960.91,24013.09
OI0002111,O001062,P018,71,254.02,1254.97,16780.45
OI0002112,O001063,P022,51,239.39,292.79,11916.1
OI0002113,O001064,P020,96,246.34,647.68,23000.96
OI0002114,O001064,P022,85,239.08,1006.58,19315.22
OI0002115,O001064,P019,104,131.43,1283.22,12385.5
OI0002116,O001065,P024,115,225.79,1776.25,24189.6
OI0002117,O001066,P030,72,150.33,390.96,10432.8
OI0002118,O001067,P006,74,1154.71,2780.54,82668.0
OI0002119,O001067,P004,70,1618.88,1213.19,112108.41
OI0002120,O001067,P003,96,923.06,9204.43,79409.33
OI0002121,O001068,P002,44,1796.47,2992.94,76051.74
OI0002122,O001068,P005,87,914.58,256.96,79311.5
OI0002123,O001068,P006,29,1235.94,517.39,35324.87
OI0002124,O001069,P006,56,1148.83,3918.68,60415.8
OI0002125,O001069,P002,9,1968.75,970.26,16748.49
OI0002126,O001070,P005,119,1030.34,2174.74,120435.72
OI0002127,O001070,P001,66,1575.68,3918.98,100075.9
OI0002128,O001071,P001,11,1563.37,562.25,16634.82
OI0002129,O001072,P011,118,2338.11,4931.66,270965.32
OI0002130,O001072,P012,96,1903.02,18723.51,163966.41
OI0002131,O001073,P009,113,2205.09,13046.73,236128.44
OI0002132,O001073,P010,21,1779.35,544.36,36821.99
OI0002133,O001073,P010,25,1546.89,3119.31,35552.94
OI0002134,O001074,P009,18,2134.78,422.99,38003.05
OI0002135,O001074,P011,71,2198.93,3753.02,152371.01
OI0002136,O001074,P012,17,2030.34,2755.25,31760.53
OI0002137,O001075,P009,101,1913.42,14516.71,178738.71
OI0002138,O001076,P016,76,119.56,270.54,8816.02
OI0002139,O001077,P018,59,284.04,1204.39,15553.97
OI0002140,O001077,P015,70,274.04,1691.0,17491.8
OI0002141,O001077,P013,22,198.56,87.56,4280.76
OI0002142,O001078,P014,64,182.44,885.75,10790.41
OI0002143,O001078,P014,47,188.34,555.63,8296.35
OI0002144,O001079,P014,103,199.2,1601.62,18915.98
OI0002145,O001080,P013,81,204.59,1830.83,14740.96
OI0002146,O001080,P017,116,294.23,2369.84,31760.84
OI0002147,O001081,P015,53,275.53,457.47,14145.62
OI0002148,O001082,P014,27,201.87,265.14,5185.35
OI0002149,O001082,P013,68,200.85,837.02,12820.78
OI0002150,O001083,P017,10,274.36,282.21,2461.39
OI0002151,O001083,P017,52,292.11,1457.04,13732.68
OI0002152,O001084,P017,104,289.46,3305.23,26798.61
OI0002153,O001085,P023,105,210.63,981.64,21134.51
OI0002154,O001085,P021,106,218.26,435.02,22700.54
OI0002155,O001086,P019,107,127.58,22.97,13628.09
OI0002156,O001087,P019,27,141.93,404.08,3428.03
OI0002157,O001087,P019,50,136.62,590.37,6240.63
OI0002158,O001087,P021,42,222.76,512.52,8843.4
OI0002159,O001088,P024,51,208.95,126.51,10529.94
OI0002160,O001089,P020,84,253.4,48.03,21237.57
OI0002161,O001089,P023,15,218.56,296.97,2981.43
OI0002162,O001089,P023,47,203.2,575.29,8975.11
OI0002163,O001090,P021,30,238.47,406.67,6747.43
OI0002164,O001091,P021,57,219.27,790.09,11708.3
OI0002165,O001091,P020,54,228.68,51.21,12297.51
OI0002166,O001092,P021,40,213.78,773.73,7777.47
OI0002167,O001092,P020,65,236.85,88.53,15306.72
OI0002168,O001092,P020,56,243.53,353.25,13284.43
OI0002169,O001093,P025,20,214.83,187.6,4109.0
OI0002170,O001093,P028,78,111.79,409.5,8310.12
OI0002171,O001094,P029,24,117.76,209.19,2617.05
OI0002172,O001094,P026,59,160.64,843.49,8634.27
OI0002173,O001094,P027,5,92.1,54.99,405.51
OI0002174,O001095,P029,68,117.74,57.37,7948.95
OI0002175,O001095,P030,74,155.52,146.72,11361.76
OI0002176,O001095,P029,41,134.32,7.91,5499.21
OI0002177,O001096,P028,63,117.75,231.65,7186.6
OI0002178,O001096,P029,65,128.99,130.12,8254.23
OI0002179,O001097,P002,35,1905.76,1424.54,65277.06
OI0002180,O001098,P004,105,1481.4,11974.64,143572.36
OI0002181,O001099,P003,74,839.02,5788.14,56299.34
OI0002182,O001099,P005,32,991.9,254.86,31485.94
OI0002183,O001100,P005,95,942.47,5806.87,83727.78
OI0002184,O001100,P002,6,1839.42,495.86,10540.66
OI0002185,O001101,P002,61,1733.16,2190.89,103531.87
OI0002186,O001102,P001,79,1461.81,13837.96,101645.03
OI0002187,O001102,P003,79,914.35,5984.7,66248.95
OI0002188,O001102,P004,75,1418.31,9679.49,96693.76
OI0002189,O001103,P011,54,2179.16,3748.01,113926.63
OI0002190,O001103,P008,62,1383.41,10168.84,75602.58
OI0002191,O001103,P011,80,2122.93,14532.67,155301.73
OI0002192,O001104,P011,26,2043.68,1926.27,51209.41
OI0002193,O001105,P007,64,1527.24,11456.18,86287.18
OI0002194,O001106,P014,29,199.36,666.95,5114.49
OI0002195,O001106,P016,16,118.75,56.54,1843.46
OI0002196,O001106,P018,35,256.29,554.39,8415.76
OI0002197,O001107,P015,27,261.05,645.53,6402.82
OI0002198,O001107,P014,116,180.15,1010.59,19886.81
OI0002199,O001108,P017,96,289.8,3007.23,24813.57
OI0002200,O001108,P016,102,122.31,1295.69,11179.93
OI0002201,O001109,P018,11,282.54,274.79,2833.15
OI0002202,O001109,P016,119,124.9,86.01,14777.09
OI0002203,O001110,P017,70,274.44,1373.73,17837.07
OI0002204,O001110,P014,108,201.77,986.5,20804.66
OI0002205,O001111,P020,73,251.2,2012.66,16324.94
OI0002206,O001111,P022,63,218.17,803.18,12941.53
OI0002207,O001111,P020,51,243.65,173.49,12252.66
OI0002208,O001112,P020,75,247.96,1192.46,17404.54
OI0002209,O001112,P024,88,215.04,1152.61,17770.91
OI0002210,O001113,P024,84,202.2,45.31,16939.49
OI0002211,O001113,P024,67,199.51,1119.15,12248.02
OI0002212,O001114,P024,55,196.21,531.55,10260.0
OI0002213,O001114,P019,78,129.8,1155.3,8969.1
OI0002214,O001115,P023,10,222.78,37.95,2189.85
OI0002215,O001115,P021,50,223.54,616.23,10560.77
OI0002216,O001116,P023,75,213.46,1898.41,14111.09
OI0002217,O001116,P019,33,138.34,383.06,4182.16
OI0002218,O001117,P029,44,117.83,164.34,5020.18
OI0002219,O001117,P026,67,177.15,108.77,11760.28
OI0002220,O001117,P025,101,201.44,49.09,20296.35
OI0002221,O001118,P025,108,213.1,2649.79,20365.01
OI0002222,O001118,P026,80,171.11,257.62,13431.18
OI0002223,O001119,P003,108,881.36,451.75,94735.13
OI0002224,O001120,P002,37,1910.58,1244.19,69447.27
OI0002225,O001120,P001,15,1573.7,2327.72,21277.78
OI0002226,O001120,P002,91,1779.64,481.73,161465.51
OI0002227,O001121,P003,20,913.56,2128.76,16142.44
OI0002228,O001122,P003,33,927.97,460.95,30162.06
OI0002229,O001122,P003,59,801.62,4498.65,42796.93
OI0002230,O001122,P005,57,1033.78,2565.25,56360.21
OI0002231,O001123,P002,84,1773.41,17005.43,131961.01
OI0002232,O001123,P006,32,1282.47,621.63,40417.41
OI0002233,O001124,P007,71,1688.5,5716.84,114166.66
OI0002234,O001124,P012,73,2166.08,5160.64,152963.2
OI0002235,O001124,P011,67,2153.22,5333.28,138932.46
OI0002236,O001125,P010,13,1653.24,311.73,21180.39
OI0002237,O001125,P010,91,1572.6,15974.04,127132.56
OI0002238,O001126,P008,43,1375.23,268.78,58866.11
OI0002239,O001127,P014,23,173.97,377.59,3623.72
OI0002240,O001127,P015,58,286.39,922.56,15688.06
OI0002241,O001128,P018,114,285.4,1566.64,30968.96
OI0002242,O001129,P016,79,120.05,275.58,9208.37
OI0002243,O001130,P018,11,270.15,230.99,2740.66
OI0002244,O001130,P018,8,272.29,35.79,2142.53
OI0002245,O001130,P016,100,118.92,558.63,11333.37
OI0002246,O001131,P013,58,212.33,229.39,12085.75
OI0002247,O001131,P017,77,276.34,1171.79,20106.39
OI0002248,O001131,P016,26,121.09,227.56,2920.78
OI0002249,O001132,P024,88,224.85,1760.49,18026.31
OI0002250,O001132,P019,32,131.55,296.09,3913.51
OI0002251,O001132,P019,46,129.87,256.94,5717.08
OI0002252,O001133,P022,13,219.54,65.51,2788.51
OI0002253,O001134,P022,20,230.27,166.21,4439.19
OI0002254,O001134,P024,98,214.67,2246.11,18791.55
OI0002255,O001134,P021,116,221.87,1283.57,24453.35
OI0002256,O001135,P027,47,99.37,263.92,4406.47
OI0002257,O001135,P028,86,117.93,904.09,9237.89
OI0002258,O001135,P027,98,89.57,96.66,8681.2
OI0002259,O001136,P026,83,178.08,487.94,14292.7
OI0002260,O001136,P029,104,136.39,605.44,13579.12
OI0002261,O001136,P025,19,214.29,112.11,3959.4
OI0002262,O001137,P006,60,1308.07,8606.86,69877.34
OI0002263,O001137,P006,61,1254.32,5000.52,71513.0
OI0002264,O001137,P002,119,1878.63,3073.56,220483.41
OI0002265,O001138,P003,86,849.95,2752.61,70343.09
OI0002266,O001138,P001,99,1610.29,5830.19,153588.52
OI0002267,O001138,P002,93,1775.01,12727.59,152348.34
OI0002268,O001139,P004,27,1432.66,1077.7,37604.12
OI0002269,O001139,P006,47,1139.43,2691.85,50861.36
OI0002270,O001139,P004,68,1519.49,9258.15,94067.17
OI0002271,O001140,P011,30,2272.89,4784.28,63402.42
OI0002272,O001140,P008,62,1522.91,1077.27,93343.15
OI0002273,O001141,P013,82,212.54,1583.95,15844.33
OI0002274,O001141,P017,96,305.97,2039.25,27333.87
OI0002275,O001142,P016,35,121.78,277.26,3985.04
OI0002276,O001142,P014,70,197.09,1324.8,12471.5
OI0002277,O001142,P018,57,272.92,544.72,15011.72
OI0002278,O001143,P018,75,264.63,76.8,19770.45
OI0002279,O001143,P016,102,126.12,226.59,12637.65
OI0002280,O001143,P016,51,114.22,264.54,5560.68
OI0002281,O001144,P018,47,268.12,96.36,12505.28
OI0002282,O001144,P018,75,254.18,1479.96,17583.54
OI0002283,O001145,P024,41,226.96,16.84,9288.52
OI0002284,O001145,P019,30,126.33,187.24,3602.66
OI0002285,O001146,P024,83,215.72,843.47,17061.29
OI0002286,O001147,P028,103,114.94,1281.67,10557.15
OI0002287,O001147,P026,33,163.36,314.33,5076.55
OI0002288,O001147,P028,45,115.23,5.43,5179.92
OI0002289,O001148,P003,119,819.82,3739.13,93819.45
OI0002290,O001149,P002,59,1897.59,4956.88,107000.93
OI0002291,O001149,P003,71,827.5,1441.79,57310.71
OI0002292,O001149,P006,22,1149.6,3003.58,22287.62
OI0002293,O001150,P004,6,1436.09,605.1,8011.44
OI0002294,O001150,P002,5,1836.17,46.54,9134.31
OI0002295,O001151,P003,51,811.56,2676.08,38713.48
OI0002296,O001151,P001,111,1621.58,2394.01,177601.37
OI0002297,O001151,P006,15,1158.61,1558.76,15820.39
OI0002298,O001152,P002,84,1959.82,4959.2,159665.68
OI0002299,O001153,P002,23,1730.53,4755.33,35046.86
OI0002300,O001154,P008,35,1524.22,2765.98,50581.72
OI0002301,O001155,P011,61,2144.98,15549.85,115293.93
OI0002302,O001155,P008,70,1372.77,5698.18,90395.72
OI0002303,O001155,P012,69,2035.49,9341.45,131107.36
OI0002304,O001156,P010,74,1642.67,13674.47,107883.11
OI0002305,O001156,P012,53,2002.34,312.23,105811.79
OI0002306,O001156,P009,46,1996.3,394.79,91435.01
OI0002307,O001157,P007,48,1572.53,725.53,74755.91
OI0002308,O001158,P016,84,119.02,206.47,9791.21
OI0002309,O001158,P017,5,271.3,72.66,1283.84
OI0002310,O001158,P016,92,121.94,771.02,10447.46
OI0002311,O001159,P015,93,266.08,1560.11,23185.33
OI0002312,O001160,P015,55,279.17,375.5,14978.85
OI0002313,O001160,P016,7,125.47,74.08,804.21
OI0002314,O001160,P018,15,269.9,471.3,3577.2
OI0002315,O001161,P016,100,125.33,284.15,12248.85
OI0002316,O001161,P017,10,286.69,316.63,2550.27
OI0002317,O001162,P016,94,113.82,520.11,10178.97
OI0002318,O001162,P013,53,206.08,956.44,9965.8
OI0002319,O001163,P015,56,279.71,1779.05,13884.71
OI0002320,O001163,P014,74,187.52,1595.77,12280.71
OI0002321,O001164,P018,50,272.7,1510.09,12124.91
OI0002322,O001164,P017,78,283.8,1750.95,20385.45
OI0002323,O001164,P018,56,281.34,114.36,15640.68
OI0002324,O001165,P015,76,251.05,650.35,18429.45
OI0002325,O001165,P016,101,127.3,665.69,12191.61
OI0002326,O001166,P024,48,211.53,1039.03,9114.41
OI0002327,O001166,P019,84,130.75,901.22,10081.78
OI0002328,O001166,P021,101,206.99,1785.88,19120.11
OI0002329,O001167,P021,26,221.42,59.59,5697.33
OI0002330,O001167,P019,15,133.38,171.53,1829.17
OI0002331,O001167,P019,8,136.82,62.51,1032.05
OI0002332,O001168,P020,13,221.63,229.13,2652.06
OI0002333,O001169,P021,54,240.28,1027.9,11947.22
OI0002334,O001170,P023,63,212.34,724.23,12653.19
OI0002335,O001171,P020,7,242.4,148.07,1548.73
OI0002336,O001171,P023,116,210.63,108.37,24324.71
OI0002337,O001172,P027,39,94.86,350.25,3349.29
OI0002338,O001173,P029,105,120.67,1283.65,11386.7
OI0002339,O001173,P026,91,160.03,1709.87,12852.86
OI0002340,O001174,P028,72,111.71,869.2,7173.92
OI0002341,O001174,P030,48,151.88,770.46,6519.78
OI0002342,O001174,P030,44,155.2,674.37,6154.43
OI0002343,O001175,P025,83,202.68,676.68,16145.76
OI0002344,O001175,P028,16,110.06,29.71,1731.25
OI0002345,O001176,P006,46,1161.88,3269.87,50176.61
OI0002346,O001176,P001,46,1692.0,8004.22,69827.78
OI0002347,O001177,P002,63,1972.19,6765.82,117482.15
OI0002348,O001177,P001,18,1481.17,2327.34,24333.72
OI0002349,O001177,P006,50,1275.0,7565.24,56184.76
OI0002350,O001178,P002,111,1944.62,6688.6,209164.22
OI0002351,O001179,P003,36,929.31,2756.39,30698.77
OI0002352,O001180,P005,55,917.25,2913.45,47535.3
OI0002353,O001180,P004,40,1581.59,228.13,63035.47
OI0002354,O001180,P006,51,1213.57,2729.27,59162.8
OI0002355,O001181,P003,52,852.93,157.4,44194.96
OI0002356,O001182,P002,25,1871.04,4509.32,42266.68
OI0002357,O001182,P005,11,971.32,280.43,10404.09
OI0002358,O001183,P006,115,1216.51,10758.58,129140.07
OI0002359,O001184,P011,9,2121.02,1113.25,17975.93
OI0002360,O001184,P007,95,1726.03,18959.12,145013.73
OI0002361,O001185,P007,100,1509.87,5753.61,145233.39
OI0002362,O001185,P007,72,1599.93,10533.82,104661.14
OI0002363,O001186,P008,100,1527.48,18287.24,134460.76
OI0002364,O001187,P007,20,1594.37,2866.07,29021.33
OI0002365,O001187,P008,85,1466.06,1200.53,123414.57
OI0002366,O001187,P009,99,2212.95,11962.59,207119.46
OI0002367,O001188,P015,6,285.32,142.68,1569.24
OI0002368,O001188,P016,34,113.38,91.85,3763.07
OI0002369,O001189,P014,32,196.09,343.12,5931.76
OI0002370,O001190,P017,6,280.61,139.77,1543.89
OI0002371,O001190,P015,15,260.81,329.41,3582.74
OI0002372,O001190,P015,58,258.66,978.65,14023.63
OI0002373,O001191,P018,5,254.67,61.65,1211.7
OI0002374,O001191,P017,120,274.19,607.85,32294.95
OI0002375,O001191,P018,17,280.54,386.25,4382.93
OI0002376,O001192,P015,104,289.24,1921.18,28159.78
OI0002377,O001192,P017,116,292.44,1632.93,32290.11
OI0002378,O001192,P017,59,278.62,282.31,16156.27
OI0002379,O001193,P014,113,197.78,2515.38,19833.76
OI0002380,O001194,P020,102,219.32,2272.79,20097.85
OI0002381,O001194,P021,76,207.35,645.46,15113.14
OI0002382,O001194,P021,24,221.23,431.6,4877.92
OI0002383,O001195,P022,24,209.42,240.55,4785.53
OI0002384,O001196,P023,58,221.93,817.51,12054.43
OI0002385,O001196,P023,104,217.94,2036.02,20629.74
OI0002386,O001196,P020,23,220.77,351.72,4725.99
OI0002387,O001197,P023,79,209.83,464.72,16111.85
OI0002388,O001197,P024,50,200.35,1183.23,8834.27
OI0002389,O001197,P020,78,236.34,328.16,18106.36
OI0002390,O001198,P022,34,214.78,248.35,7054.17
OI0002391,O001199,P029,9,123.22,55.76,1053.22
OI0002392,O001200,P026,113,170.15,1965.46,17261.49
OI0002393,O001201,P005,112,1039.0,10021.06,106346.94
OI0002394,O001202,P005,70,975.51,4120.02,64165.68
OI0002395,O001203,P005,9,997.85,833.07,8147.58
OI0002396,O001203,P003,12,832.47,691.37,9298.27
OI0002397,O001203,P006,67,1170.51,5104.94,73319.23
OI0002398,O001204,P001,30,1627.3,1255.49,47563.51
OI0002399,O001204,P006,34,1247.99,954.97,41476.69
OI0002400,O001204,P006,23,1196.32,2373.59,25141.77
OI0002401,O001205,P012,97,2083.01,3133.94,198918.03
OI0002402,O001205,P007,119,1674.71,7509.61,191780.88
OI0002403,O001205,P012,107,2088.89,3846.14,219665.09
OI0002404,O001206,P007,102,1716.31,2526.57,172537.05
OI0002405,O001207,P014,88,199.78,1565.67,16014.97
OI0002406,O001208,P015,100,283.44,1012.16,27331.84
OI0002407,O001209,P013,6,204.45,14.04,1212.66
OI0002408,O001209,P013,116,213.39,2809.7,21943.54
OI0002409,O001209,P013,118,214.97,2583.17,22783.29
OI0002410,O001210,P015,20,278.58,350.32,5221.28
OI0002411,O001211,P015,54,250.69,1282.66,12254.6
OI0002412,O001212,P021,101,212.02,652.58,20761.44
OI0002413,O001212,P021,16,217.09,171.82,3301.62
OI0002414,O001213,P021,76,228.22,1534.83,15809.89
OI0002415,O001213,P023,93,216.45,484.43,19645.42
OI0002416,O001213,P023,102,211.2,338.05,21204.35
OI0002417,O001214,P019,49,127.32,436.31,5802.37
OI0002418,O001214,P024,5,216.91,58.87,1025.68
OI0002419,O001215,P028,8,113.43,96.55,810.89
OI0002420,O001215,P026,101,159.58,1393.87,14723.71
OI0002421,O001216,P028,65,127.73,458.19,7844.26
OI0002422,O001216,P027,109,99.7,285.57,10581.73
OI0002423,O001216,P029,110,121.49,1246.95,12116.95
OI0002424,O001217,P004,11,1603.12,336.53,17297.79
OI0002425,O001217,P005,7,949.92,717.66,5931.78
OI0002426,O001217,P003,6,887.23,405.96,4917.42
OI0002427,O001218,P005,87,951.51,5842.25,76939.12
OI0002428,O001218,P002,84,1718.2,2729.64,141599.16
OI0002429,O001219,P005,95,1044.13,4010.87,95181.48
OI0002430,O001219,P003,58,892.3,3356.02,48397.38
OI0002431,O001219,P001,102,1568.56,17444.56,142548.56
OI0002432,O001220,P001,52,1629.82,5011.1,79739.54
OI0002433,O001221,P010,77,1596.22,7240.93,115668.01
OI0002434,O001221,P011,94,2171.15,5897.38,198190.72
OI0002435,O001222,P012,28,2110.94,232.18,58874.14
OI0002436,O001223,P018,61,281.0,1183.85,15957.15
OI0002437,O001223,P013,118,209.02,1075.12,23589.24
OI0002438,O001223,P013,82,207.45,1183.06,15827.84
OI0002439,O001224,P018,11,289.77,100.23,3087.24
OI0002440,O001224,P015,113,259.6,1901.79,27433.01
OI0002441,O001225,P014,40,192.92,425.84,7290.96
OI0002442,O001225,P016,64,124.4,562.56,7399.04
OI0002443,O001225,P014,44,191.68,781.38,7652.54
OI0002444,O001226,P021,53,237.47,1440.89,11145.02
OI0002445,O001226,P021,75,211.09,1774.79,14056.96
OI0002446,O001226,P021,117,210.82,116.1,24549.84
OI0002447,O001227,P021,38,232.05,69.8,8748.1
OI0002448,O001227,P021,25,235.6,168.57,5721.43
OI0002449,O001227,P024,80,214.04,473.98,16649.22
OI0002450,O001228,P021,107,239.24,1339.34,24259.34
OI0002451,O001229,P028,110,118.71,692.68,12365.42
OI0002452,O001230,P004,93,1469.76,4787.6,131900.08
OI0002453,O001230,P001,76,1574.92,2453.61,117240.31
OI0002454,O001230,P002,96,1940.69,18165.49,168140.75
OI0002455,O001231,P003,100,920.64,859.58,91204.42
OI0002456,O001231,P002,11,1926.06,2043.4,19143.26
OI0002457,O001231,P002,101,1858.66,9192.99,178531.67
OI0002458,O001232,P005,100,1028.15,4119.0,98696.0
OI0002459,O001232,P005,53,1035.74,2399.9,52494.32
OI0002460,O001233,P003,34,798.21,3221.11,23918.03
OI0002461,O001234,P004,113,1507.11,9670.38,160633.05
OI0002462,O001234,P006,110,1206.64,12557.8,120172.6
OI0002463,O001234,P002,115,1804.26,3464.19,204025.71
OI0002464,O001235,P002,39,1823.57,2693.01,68426.22
OI0002465,O001235,P005,28,953.89,2107.72,24601.2
OI0002466,O001236,P004,50,1447.91,1459.08,70936.42
OI0002467,O001236,P006,57,1219.63,165.97,69352.94
OI0002468,O001236,P002,46,1990.69,5383.16,86188.58
OI0002469,O001237,P011,31,2330.28,1800.1,70438.58
OI0002470,O001238,P012,22,2166.12,2022.38,45632.26
OI0002471,O001239,P009,107,2178.58,301.47,232806.59
OI0002472,O001240,P012,53,2157.98,12187.51,102185.43
OI0002473,O001241,P016,69,130.19,917.12,8065.99
OI0002474,O001241,P018,114,270.87,873.12,30006.06
OI0002475,O001242,P018,10,251.15,189.34,2322.16
OI0002476,O001242,P015,84,283.37,2080.69,21722.39
OI0002477,O001243,P018,29,290.22,712.66,7703.72
OI0002478,O001244,P014,70,190.95,1594.69,11771.81
OI0002479,O001244,P017,84,277.05,463.16,22809.04
OI0002480,O001245,P013,77,211.13,950.6,15306.41
OI0002481,O001246,P014,106,199.78,209.29,20967.39
OI0002482,O001247,P015,115,282.07,3520.94,28917.11
OI0002483,O001247,P015,66,288.25,1662.46,17362.04
OI0002484,O001248,P017,13,294.07,393.13,3429.78
OI0002485,O001249,P023,44,213.85,732.79,8676.61
OI0002486,O001249,P022,10,221.73,236.01,1981.29
OI0002487,O001249,P023,96,232.3,730.4,21570.4
OI0002488,O001250,P020,17,223.42,128.66,3669.48
OI0002489,O001251,P020,113,224.65,1181.13,24204.32
OI0002490,O001252,P019,66,124.63,593.26,7632.32
OI0002491,O001252,P024,14,213.39,69.88,2917.58
OI0002492,O001253,P024,57,196.8,1267.33,9950.27
OI0002493,O001253,P019,102,136.77,1048.0,12902.54
OI0002494,O001254,P030,112,152.77,223.08,16887.16
OI0002495,O001254,P030,92,158.62,1300.54,13292.5
OI0002496,O001255,P025,54,202.3,1170.8,9753.4
OI0002497,O001255,P026,27,160.21,502.6,3823.07
OI0002498,O001256,P004,92,1440.44,6574.99,125945.49
OI0002499,O001256,P001,92,1668.69,10274.36,143245.12
OI0002500,O001257,P005,62,986.78,5418.3,55762.06
OI0002501,O001258,P001,35,1633.24,5533.05,51630.35
OI0002502,O001258,P001,78,1512.29,3337.49,114621.13
OI0002503,O001258,P005,12,950.96,221.04,11190.48
OI0002504,O001259,P006,75,1133.84,2393.57,82644.43
OI0002505,O001259,P003,64,925.55,4428.95,54806.25
OI0002506,O001259,P006,27,1154.98,3465.61,27718.85
OI0002507,O001260,P001,51,1601.88,1501.04,80194.84
OI0002508,O001260,P001,89,1503.74,2922.48,130910.38
OI0002509,O001261,P011,30,2130.97,100.17,63828.93
OI0002510,O001262,P009,48,2180.07,5047.7,99595.66
OI0002511,O001262,P009,10,2212.59,2488.62,19637.28
OI0002512,O001262,P011,11,2253.02,891.99,23891.23
OI0002513,O001263,P008,114,1371.81,12032.02,144354.32
OI0002514,O001263,P010,114,1693.19,17845.38,175178.28
OI0002515,O001264,P016,114,116.96,1595.92,11737.52
OI0002516,O001265,P017,41,270.67,952.04,10145.43
OI0002517,O001266,P017,47,290.49,419.72,13233.31
OI0002518,O001267,P017,32,280.74,936.67,8047.01
OI0002519,O001267,P014,42,198.33,586.01,7743.85
OI0002520,O001267,P018,78,257.33,2389.58,17682.16
OI0002521,O001268,P015,114,249.97,1701.02,26795.56
OI0002522,O001268,P013,52,208.52,613.31,10229.73
OI0002523,O001268,P015,94,249.13,460.68,22957.54
OI0002524,O001269,P017,25,275.03,604.47,6271.28
OI0002525,O001269,P016,73,130.4,479.47,9039.73
OI0002526,O001270,P024,87,208.24,1649.05,16467.83
OI0002527,O001271,P020,69,231.13,1392.19,14555.78
OI0002528,O001271,P022,23,240.49,26.72,5504.55
OI0002529,O001272,P020,83,238.79,1702.59,18116.98
OI0002530,O001272,P019,110,126.78,68.35,13877.45
OI0002531,O001273,P022,90,224.29,348.89,19837.21
OI0002532,O001273,P019,93,124.57,1097.2,10487.81
OI0002533,O001274,P024,23,196.2,241.46,4271.14
OI0002534,O001274,P024,113,219.72,144.9,24683.46
OI0002535,O001275,P030,112,146.0,148.71,16203.29
OI0002536,O001276,P028,104,121.45,1337.8,11293.0
OI0002537,O001276,P030,8,142.76,127.43,1014.65
OI0002538,O001277,P003,89,798.38,3800.98,67254.84
OI0002539,O001278,P004,58,1453.4,2743.25,81553.95
OI0002540,O001278,P001,8,1633.59,1019.74,12048.98
OI0002541,O001279,P004,17,1605.82,2724.7,24574.24
OI0002542,O001279,P005,69,1023.54,2699.97,67924.29
OI0002543,O001280,P003,114,804.63,4316.7,87411.12
OI0002544,O001280,P001,82,1475.94,7637.58,113389.5
OI0002545,O001281,P002,39,1779.93,8306.84,61110.43
OI0002546,O001282,P011,79,2279.28,11829.05,168234.07
OI0002547,O001283,P009,38,2216.23,5916.46,78300.28
OI0002548,O001284,P012,31,1951.77,1571.98,58932.89
OI0002549,O001284,P010,84,1720.56,1836.7,142690.34
OI0002550,O001284,P009,52,2030.33,121.73,105455.43
OI0002551,O001285,P017,50,300.46,316.62,14706.38
OI0002552,O001286,P017,117,278.02,2352.04,30176.3
OI0002553,O001286,P013,81,195.44,1317.84,14512.8
OI0002554,O001286,P018,108,284.56,489.17,30243.31
OI0002555,O001287,P016,90,120.4,971.7,9864.3
OI0002556,O001287,P015,108,279.25,3332.25,26826.75
OI0002557,O001288,P013,80,209.65,574.24,16197.76
OI0002558,O001289,P022,71,209.74,1755.93,13135.61
OI0002559,O001289,P023,76,224.53,68.85,16995.43
OI0002560,O001290,P020,56,224.91,1178.44,11416.52
OI0002561,O001290,P024,95,224.12,1201.51,20089.89
OI0002562,O001290,P023,35,217.03,345.16,7250.89
OI0002563,O001291,P020,86,227.37,1148.08,18405.74
OI0002564,O001291,P020,51,230.98,970.97,10809.01
OI0002565,O001292,P021,6,212.42,26.68,1247.84
OI0002566,O001293,P027,116,98.9,1344.61,10127.79
OI0002567,O001293,P029,18,129.46,27.17,2303.11
OI0002568,O001293,P025,31,195.51,541.39,5519.42
OI0002569,O001294,P001,107,1468.72,4016.84,153136.2
OI0002570,O001294,P003,8,889.33,558.69,6555.95
OI0002571,O001295,P001,105,1535.19,13078.1,148116.85
OI0002572,O001296,P001,27,1581.74,4471.86,38235.12
OI0002573,O001297,P011,46,2053.51,266.86,94194.6
OI0002574,O001298,P010,11,1669.44,682.59,17681.25
OI0002575,O001298,P008,63,1361.18,4611.62,81142.72
OI0002576,O001299,P015,58,274.38,966.24,14947.8
OI0002577,O001300,P013,70,185.82,853.51,12153.89
OI0002578,O001300,P015,57,274.03,1652.73,13966.98
OI0002579,O001300,P016,28,125.61,315.66,3201.42
OI0002580,O001301,P017,18,269.48,572.9,4277.74
OI0002581,O001301,P013,92,198.02,819.36,17398.48
OI0002582,O001301,P015,92,252.78,773.61,22482.15
OI0002583,O001302,P023,104,215.69,606.49,21825.27
OI0002584,O001302,P019,117,128.27,801.98,14205.61
OI0002585,O001302,P019,50,135.95,448.39,6349.11
OI0002586,O001303,P022,56,225.17,442.16,12167.36
OI0002587,O001303,P024,24,197.99,193.43,4558.33
OI0002588,O001303,P023,115,222.24,2662.23,22895.37
OI0002589,O001304,P029,35,121.57,207.8,4047.15
OI0002590,O001304,P028,47,119.6,513.21,5107.99
OI0002591,O001305,P002,96,1971.95,14245.56,175061.64
OI0002592,O001305,P003,84,839.63,2597.54,67931.38
OI0002593,O001305,P006,18,1280.1,1820.87,21220.93
OI0002594,O001306,P003,61,855.92,2188.51,50022.61
OI0002595,O001306,P005,105,949.59,9647.58,90059.37
OI0002596,O001307,P001,94,1504.18,4745.83,136647.09
OI0002597,O001307,P004,110,1622.73,8557.13,169943.17
OI0002598,O001307,P001,106,1476.96,8376.65,148181.11
OI0002599,O001308,P002,84,1857.72,2135.84,153912.64
OI0002600,O001308,P001,28,1653.29,184.38,46107.74
OI0002601,O001308,P003,70,878.04,7079.48,54383.32
OI0002602,O001309,P002,38,1868.39,7943.75,63055.07
OI0002603,O001309,P003,84,864.1,3143.43,69440.97
OI0002604,O001310,P002,68,1831.16,13275.06,111243.82
OI0002605,O001310,P006,40,1253.64,1662.92,48482.68
OI0002606,O001311,P001,97,1640.98,990.66,158184.4
OI0002607,O001312,P002,55,1850.91,9483.53,92316.52
OI0002608,O001312,P002,83,1780.74,3627.21,144174.21
OI0002609,O001313,P011,52,2011.46,3587.87,101008.05
OI0002610,O001314,P010,23,1542.26,3646.82,31825.16
OI0002611,O001314,P011,103,2260.98,24129.73,208751.21
OI0002612,O001315,P011,25,2141.39,553.35,52981.4
OI0002613,O001316,P011,56,2079.81,13879.04,102590.32
OI0002614,O001316,P011,104,2321.99,26127.79,215359.17
OI0002615,O001317,P009,5,2143.49,189.4,10528.05
OI0002616,O001318,P013,114,208.02,1018.14,22696.14
OI0002617,O001319,P013,37,207.66,452.05,7231.37
OI0002618,O001319,P016,95,114.59,1148.36,9737.69
OI0002619,O001319,P017,43,295.98,1275.56,11451.58
OI0002620,O001320,P016,92,126.35,555.3,11068.9
OI0002621,O001320,P014,103,190.34,1965.18,17639.84
OI0002622,O001321,P014,96,202.22,777.65,18635.47
OI0002623,O001321,P013,109,193.71,2310.43,18803.96
OI0002624,O001321,P017,44,296.79,602.0,12456.76
OI0002625,O001322,P013,62,193.68,1367.45,10640.71
OI0002626,O001323,P018,51,272.63,1292.21,12611.92
OI0002627,O001323,P018,57,279.98,547.56,15411.3
OI0002628,O001323,P014,87,194.02,455.03,16424.71
OI0002629,O001324,P018,40,281.63,1271.22,9993.98
OI0002630,O001324,P014,113,202.24,369.56,22483.56
OI0002631,O001324,P016,82,122.77,108.6,9958.54
OI0002632,O001325,P015,109,287.07,890.79,30399.84
OI0002633,O001325,P015,34,267.96,277.84,8832.8
OI0002634,O001325,P017,17,275.51,497.21,4186.46
OI0002635,O001326,P020,62,240.19,1142.74,13749.04
OI0002636,O001326,P019,53,136.82,71.36,7180.1
OI0002637,O001327,P021,45,215.32,652.35,9037.05
OI0002638,O001327,P022,79,215.58,1553.26,15477.56
OI0002639,O001328,P020,110,251.05,2755.86,24859.64
OI0002640,O001329,P023,57,216.69,244.17,12107.16
OI0002641,O001330,P020,14,250.05,162.91,3337.79
OI0002642,O001331,P023,80,213.98,465.5,16652.9
OI0002643,O001331,P019,40,136.29,292.98,5158.62
OI0002644,O001331,P019,30,128.2,75.95,3770.05
OI0002645,O001332,P030,67,143.0,637.01,8943.99
OI0002646,O001332,P027,85,89.16,554.32,7024.28
OI0002647,O001333,P025,79,203.2,1781.1,14271.7
OI0002648,O001334,P004,110,1588.15,10600.0,164096.5
OI0002649,O001334,P004,75,1426.37,5996.28,100981.47
OI0002650,O001335,P002,112,1959.04,14597.19,204815.29
OI0002651,O001335,P005,107,999.07,8275.95,98624.54
OI0002652,O001336,P002,110,1779.95,23281.82,172512.68
OI0002653,O001336,P001,17,1676.58,2341.39,26160.47
OI0002654,O001336,P006,78,1205.36,6149.55,87868.53
OI0002655,O001337,P006,42,1128.78,3269.01,44139.75
OI0002656,O001337,P003,51,904.14,2503.95,43607.19
OI0002657,O001338,P012,114,2034.13,1462.96,230427.86
OI0002658,O001339,P008,8,1492.19,5.31,11932.21
OI0002659,O001339,P009,84,1921.25,1741.79,159643.21
OI0002660,O001339,P012,64,2158.05,3116.27,134998.93
OI0002661,O001340,P012,27,2090.47,1985.84,54456.85
OI0002662,O001340,P008,46,1415.04,6436.93,58654.91
OI0002663,O001340,P009,104,2143.72,23682.53,199264.35
OI0002664,O001341,P016,88,125.67,530.93,10528.03
OI0002665,O001341,P013,72,193.7,1515.1,12431.3
OI0002666,O001342,P018,92,273.0,1298.48,23817.52
OI0002667,O001342,P016,107,117.87,1498.94,11113.15
OI0002668,O001342,P014,52,184.39,1060.61,8527.67
OI0002669,O001343,P016,54,129.8,148.4,6860.8
OI0002670,O001344,P016,116,127.11,168.99,14575.77
OI0002671,O001345,P015,38,289.35,1141.32,9853.98
OI0002672,O001346,P022,39,223.79,681.66,8046.15
OI0002673,O001346,P020,20,221.49,226.91,4202.89
OI0002674,O001346,P020,102,245.69,1674.34,23386.04
OI0002675,O001347,P022,54,235.5,734.81,11982.19
OI0002676,O001347,P019,36,136.2,216.14,4687.06
OI0002677,O001348,P021,110,210.03,1454.26,21649.04
OI0002678,O001348,P023,103,208.07,1891.89,19539.32
OI0002679,O001349,P019,54,130.68,398.66,6658.06
OI0002680,O001350,P028,98,121.05,952.4,10910.5
OI0002681,O001350,P027,116,92.51,169.36,10561.8
OI0002682,O001350,P028,68,117.5,175.74,7814.26
OI0002683,O001351,P030,87,144.21,1037.92,11508.35
OI0002684,O001351,P029,83,121.09,42.1,10008.37
OI0002685,O001351,P028,67,126.5,361.13,8114.37
OI0002686,O001352,P001,27,1539.67,3702.41,37868.68
OI0002687,O001352,P004,113,1625.73,6950.4,176757.09
OI0002688,O001353,P005,107,988.46,1969.5,103795.72
OI0002689,O001353,P006,44,1209.28,4674.5,48533.82
OI0002690,O001354,P005,72,923.8,4995.8,61517.8
OI0002691,O001354,P004,108,1598.68,8081.67,164575.77
OI0002692,O001354,P002,56,1818.29,900.38,100923.86
OI0002693,O001355,P001,41,1594.24,6109.88,59253.96
OI0002694,O001355,P004,75,1418.35,6080.54,100295.71
OI0002695,O001355,P003,103,797.0,3713.58,78377.42
OI0002696,O001356,P001,105,1579.13,5682.18,160126.47
OI0002697,O001356,P002,104,1920.01,17616.65,182064.39
OI0002698,O001357,P010,6,1778.11,459.28,10209.38
OI0002699,O001357,P011,23,2313.22,1220.44,51983.62
OI0002700,O001358,P011,13,2184.11,2051.7,26341.73
OI0002701,O001358,P010,75,1625.47,12278.66,109631.59
OI0002702,O001359,P012,119,2126.99,9743.58,243368.23
OI0002703,O001360,P015,75,275.34,1492.2,19158.3
OI0002704,O001360,P015,16,286.11,109.29,4468.47
OI0002705,O001360,P018,34,276.52,917.17,8484.51
OI0002706,O001361,P014,47,201.7,30.11,9449.79
OI0002707,O001362,P018,108,273.0,2516.04,26967.96
OI0002708,O001362,P014,76,182.93,1363.04,12539.64
OI0002709,O001363,P013,22,208.39,244.16,4340.42
OI0002710,O001363,P013,40,198.5,78.11,7861.89
OI0002711,O001364,P023,75,226.59,590.32,16403.93
OI0002712,O001365,P024,51,205.39,1060.95,9413.94
OI0002713,O001365,P023,87,208.98,807.75,17373.51
OI0002714,O001365,P023,82,215.68,1923.02,15762.74
OI0002715,O001366,P020,97,231.0,758.29,21648.71
OI0002716,O001366,P021,61,217.96,1406.46,11889.1
OI0002717,O001367,P027,21,99.57,29.51,2061.46
OI0002718,O001367,P028,46,110.32,365.0,4709.72
OI0002719,O001367,P026,17,173.66,201.2,2751.02
OI0002720,O001368,P001,12,1683.78,1586.41,18618.95
OI0002721,O001369,P005,118,1048.42,10594.54,113119.02
OI0002722,O001369,P002,109,1814.42,17004.69,180767.09
OI0002723,O001369,P003,86,891.83,5487.82,71209.56
OI0002724,O001370,P009,114,1924.23,13318.75,206043.47
OI0002725,O001371,P009,97,2141.7,23571.69,184173.21
OI0002726,O001371,P009,44,1923.93,5200.5,79452.42
OI0002727,O001372,P016,55,118.3,489.19,6017.31
OI0002728,O001372,P013,12,213.12,169.87,2387.57
OI0002729,O001373,P014,86,189.62,353.08,15954.24
OI0002730,O001374,P013,48,188.82,508.35,8555.01
OI0002731,O001374,P016,53,121.88,333.17,6126.47
OI0002732,O001375,P019,34,123.99,284.81,3930.85
OI0002733,O001376,P022,96,220.01,277.01,20843.95
OI0002734,O001376,P020,108,222.55,2704.66,21330.74
OI0002735,O001377,P027,104,92.62,806.68,8825.8
OI0002736,O001378,P006,20,1210.41,2762.48,21445.72
OI0002737,O001378,P001,20,1650.01,2162.41,30837.79
OI0002738,O001379,P002,28,1832.95,5884.05,45438.55
OI0002739,O001379,P006,21,1150.29,360.56,23795.53
OI0002740,O001379,P005,12,949.81,744.37,10653.35
OI0002741,O001380,P002,7,1755.32,416.99,11870.25
OI0002742,O001380,P004,83,1481.44,7436.81,115522.71
OI0002743,O001380,P006,106,1233.04,15041.93,115660.31
OI0002744,O001381,P004,22,1526.53,1078.9,32504.76
OI0002745,O001381,P005,111,982.99,7751.45,101360.44
OI0002746,O001381,P004,91,1554.28,499.52,140939.96
OI0002747,O001382,P004,104,1429.65,484.64,148198.96
OI0002748,O001382,P001,6,1686.53,123.52,9995.66
OI0002749,O001382,P001,101,1591.08,11978.2,148720.88
OI0002750,O001383,P005,38,906.99,3557.8,30907.82
OI0002751,O001383,P001,37,1486.71,1924.45,53083.82
OI0002752,O001384,P004,94,1448.93,11008.55,125190.87
OI0002753,O001385,P004,48,1479.56,5373.0,65645.88
OI0002754,O001385,P003,55,909.15,1377.02,48626.23
OI0002755,O001385,P004,43,1578.46,5705.35,62168.43
OI0002756,O001386,P002,84,1712.54,672.74,143180.62
OI0002757,O001386,P005,95,1000.9,9850.82,85234.68
OI0002758,O001386,P001,31,1516.61,390.24,46624.67
OI0002759,O001387,P011,60,2096.5,5363.06,120426.94
OI0002760,O001387,P008,20,1505.7,3250.0,26864.0
OI0002761,O001388,P008,71,1362.06,10277.99,86428.27
OI0002762,O001388,P007,5,1552.25,207.13,7554.12
OI0002763,O001388,P011,34,2215.02,128.77,75181.91
OI0002764,O001389,P011,73,2126.68,7795.41,147452.23
OI0002765,O001390,P011,72,2081.03,15152.85,134681.31
OI0002766,O001390,P012,21,1890.28,1589.32,38106.56
OI0002767,O001390,P011,80,2144.26,12888.21,158652.59
OI0002768,O001391,P007,64,1494.3,4086.84,91548.36
OI0002769,O001391,P011,62,2342.48,5616.84,139616.92
OI0002770,O001392,P012,107,1889.92,11986.41,190235.03
OI0002771,O001392,P009,33,2078.09,6369.23,62207.74
OI0002772,O001392,P009,39,1926.22,4770.68,70351.9
OI0002773,O001393,P013,43,187.77,825.6,7248.51
OI0002774,O001394,P018,20,282.72,461.12,5193.28
OI0002775,O001395,P013,77,208.84,192.86,15887.82
OI0002776,O001395,P017,101,306.77,256.08,30727.69
OI0002777,O001395,P014,44,194.68,140.84,8425.08
OI0002778,O001396,P018,8,275.04,210.06,1990.26
OI0002779,O001396,P013,59,187.83,1087.84,9994.13
OI0002780,O001396,P017,46,308.19,546.81,13629.93
OI0002781,O001397,P016,96,121.61,1299.02,10375.54
OI0002782,O001398,P013,73,194.81,374.48,13846.65
OI0002783,O001398,P014,22,179.37,144.58,3801.56
OI0002784,O001399,P017,98,287.41,418.09,27748.09
OI0002785,O001399,P018,63,265.79,1437.89,15306.88
OI0002786,O001399,P018,74,290.57,851.8,20650.38
OI0002787,O001400,P015,6,270.49,12.89,1610.05
OI0002788,O001400,P018,19,251.31,5.68,4769.21
OI0002789,O001400,P014,38,194.97,358.47,7050.39
OI0002790,O001401,P015,20,270.84,491.92,4924.88
OI0002791,O001401,P015,45,277.87,1322.01,11182.14
OI0002792,O001402,P014,65,178.1,681.17,10895.33
OI0002793,O001402,P016,26,120.64,307.64,2829.0
OI0002794,O001402,P014,15,198.45,274.34,2702.41
OI0002795,O001403,P018,117,261.72,3526.06,27095.18
OI0002796,O001403,P016,83,122.8,794.08,9398.32
OI0002797,O001404,P021,94,234.01,648.92,21348.02
OI0002798,O001404,P023,104,224.85,2177.54,21206.86
OI0002799,O001405,P019,22,134.0,353.1,2594.9
OI0002800,O001406,P019,119,129.92,1358.43,14102.05
OI0002801,O001406,P023,18,223.76,443.29,3584.39
OI0002802,O001406,P023,77,225.93,1348.52,16048.09
OI0002803,O001407,P020,85,239.98,1551.03,18847.27
OI0002804,O001408,P019,12,136.08,100.77,1532.19
OI0002805,O001408,P022,83,221.87,1291.36,17123.85
OI0002806,O001408,P022,66,207.32,759.39,12923.73
OI0002807,O001409,P021,113,215.01,173.99,24122.14
OI0002808,O001409,P020,64,218.79,676.92,13325.64
OI0002809,O001410,P019,115,126.44,448.75,14091.85
OI0002810,O001410,P022,55,227.06,878.53,11609.77
OI0002811,O001411,P030,98,156.25,834.24,14478.26
OI0002812,O001411,P026,43,163.5,632.92,6397.58
OI0002813,O001412,P025,63,188.92,109.92,11792.04
OI0002814,O001412,P026,6,176.29,92.01,965.73
OI0002815,O001413,P025,21,193.86,311.02,3760.04
OI0002816,O001413,P025,23,197.96,305.53,4247.55
OI0002817,O001414,P003,58,804.48,607.04,46052.8
OI0002818,O001414,P004,76,1467.89,10165.56,101394.08
OI0002819,O001415,P005,18,1047.77,1692.51,17167.35
OI0002820,O001415,P002,83,1991.62,2112.66,163191.8
OI0002821,O001415,P001,103,1466.97,17001.01,134096.9
OI0002822,O001416,P006,100,1169.26,12682.76,104243.24
OI0002823,O001417,P004,94,1545.61,7833.12,137454.22
OI0002824,O001418,P006,24,1209.67,948.52,28083.56
OI0002825,O001418,P005,31,1041.47,3566.77,28718.8
OI0002826,O001419,P006,111,1141.96,9598.68,117158.88
OI0002827,O001419,P005,68,953.89,4333.28,60531.24
OI0002828,O001420,P003,5,909.34,220.21,4326.49
OI0002829,O001421,P005,53,996.18,1222.22,51575.32
OI0002830,O001421,P004,105,1523.02,10244.52,149672.58
OI0002831,O001422,P010,118,1771.71,13403.95,195657.83
OI0002832,O001423,P008,32,1493.12,5583.83,42196.01
OI0002833,O001423,P009,46,2154.12,5742.71,93346.81
OI0002834,O001424,P009,10,2193.95,2240.14,19699.36
OI0002835,O001424,P012,35,2127.85,1729.51,72745.24
OI0002836,O001425,P008,111,1391.8,3179.87,151309.93
OI0002837,O001425,P007,90,1524.88,469.63,136769.57
OI0002838,O001425,P012,118,2127.35,21317.12,229710.18
OI0002839,O001426,P015,26,254.22,255.18,6354.54
OI0002840,O001427,P018,34,258.32,404.58,8378.3
OI0002841,O001427,P014,74,184.07,911.4,12709.78
OI0002842,O001427,P017,70,272.44,1013.12,18057.68
OI0002843,O001428,P017,97,287.12,2409.4,25441.24
OI0002844,O001428,P014,80,176.61,1681.41,12447.39
OI0002845,O001428,P018,35,289.03,199.03,9917.02
OI0002846,O001429,P014,117,183.66,707.0,20781.22
OI0002847,O001429,P016,69,120.48,627.26,7685.86
OI0002848,O001430,P014,116,202.94,2243.66,21297.38
OI0002849,O001430,P017,113,296.38,1812.03,31678.91
OI0002850,O001430,P018,28,291.37,189.15,7969.21
OI0002851,O001431,P014,119,195.09,1269.79,21945.92
OI0002852,O001431,P016,106,120.88,970.52,11842.76
OI0002853,O001431,P018,67,273.58,1387.61,16942.25
OI0002854,O001432,P016,74,124.61,195.07,9026.07
OI0002855,O001432,P018,53,261.95,1303.56,12579.79
OI0002856,O001432,P018,80,267.97,2477.22,18960.38
OI0002857,O001433,P019,107,124.56,1501.71,11826.21
OI0002858,O001433,P023,68,215.43,1587.39,13061.85
OI0002859,O001434,P021,108,216.09,1340.33,21997.39
OI0002860,O001434,P023,73,210.28,1519.76,13830.68
OI0002861,O001435,P022,60,208.32,992.06,11507.14
OI0002862,O001435,P019,51,135.63,16.52,6900.61
OI0002863,O001436,P021,25,240.32,483.02,5524.98
OI0002864,O001436,P019,14,129.5,60.88,1752.12
OI0002865,O001437,P020,88,240.74,2115.45,19069.67
OI0002866,O001437,P022,104,226.22,1632.16,21894.72
OI0002867,O001438,P026,41,174.03,74.13,7061.1
OI0002868,O001438,P025,92,185.92,1813.57,15291.07
OI0002869,O001439,P025,100,190.02,1534.72,17467.28
OI0002870,O001440,P027,120,102.95,1006.68,11347.32
OI0002871,O001441,P004,29,1510.59,1340.15,42466.96
OI0002872,O001441,P003,75,914.76,3829.51,64777.49
OI0002873,O001442,P003,58,904.61,2234.44,50232.94
OI0002874,O001443,P005,77,1050.83,2629.24,78284.67
OI0002875,O001443,P002,78,1802.28,4550.87,136026.97
OI0002876,O001443,P001,89,1594.57,2616.71,139300.02
OI0002877,O001444,P006,28,1176.94,3311.39,29642.93
OI0002878,O001444,P003,24,903.75,2473.21,19216.79
OI0002879,O001445,P006,88,1212.52,12004.97,94696.79
OI0002880,O001446,P006,62,1137.28,285.34,70226.02
OI0002881,O001446,P006,17,1279.98,1920.5,19839.16
OI0002882,O001446,P002,50,1886.2,5041.52,89268.48
OI0002883,O001447,P009,98,2132.38,11555.75,197417.49
OI0002884,O001447,P010,63,1611.26,5100.49,96408.89
OI0002885,O001447,P009,34,2012.45,4671.84,63751.46
OI0002886,O001448,P007,15,1505.69,340.92,22244.43
OI0002887,O001448,P007,32,1577.55,5240.86,45240.74
OI0002888,O001448,P011,42,2198.67,5193.14,87151.0
OI0002889,O001449,P010,78,1598.27,13254.27,111410.79
OI0002890,O001449,P008,83,1445.83,9956.42,110047.47
OI0002891,O001450,P015,81,255.21,1251.46,19420.55
OI0002892,O001450,P015,29,285.67,588.06,7696.37
OI0002893,O001450,P017,96,282.27,472.39,26625.53
OI0002894,O001451,P015,22,251.8,423.8,5115.8
OI0002895,O001451,P016,95,126.14,689.11,11294.19
OI0002896,O001452,P017,81,296.53,443.64,23575.29
OI0002897,O001453,P013,18,213.19,293.4,3544.02
OI0002898,O001454,P018,18,262.35,173.47,4548.83
OI0002899,O001454,P014,101,197.73,2016.98,17953.75
OI0002900,O001454,P014,105,201.14,363.19,20756.51
OI0002901,O001455,P022,118,218.98,2740.82,23098.82
OI0002902,O001456,P020,57,238.44,386.58,13204.5
OI0002903,O001456,P019,63,135.15,265.57,8248.88
OI0002904,O001456,P020,21,229.73,44.61,4779.72
OI0002905,O001457,P021,8,229.46,61.91,1773.77
OI0002906,O001457,P024,17,219.39,350.6,3379.03
OI0002907,O001457,P019,5,125.4,43.18,583.82
OI0002908,O001458,P029,103,126.82,5.08,13057.38
OI0002909,O001458,P028,77,121.28,611.48,8727.08
OI0002910,O001458,P027,45,89.24,237.5,3778.3
OI0002911,O001459,P004,58,1555.69,212.44,90017.58
OI0002912,O001459,P005,119,1003.65,9557.09,109877.26
OI0002913,O001459,P001,80,1515.82,149.47,121116.13
OI0002914,O001460,P004,7,1481.19,264.17,10104.16
OI0002915,O001460,P006,85,1258.61,2111.71,104870.14
OI0002916,O001461,P003,95,927.93,518.99,87634.36
OI0002917,O001462,P001,50,1507.76,5881.37,69506.63
OI0002918,O001462,P001,95,1523.56,14841.97,129896.23
OI0002919,O001462,P001,57,1691.57,8530.56,87888.93
OI0002920,O001463,P011,45,2046.75,3268.3,88835.45
OI0002921,O001463,P007,96,1486.46,470.4,142229.76
OI0002922,O001464,P011,88,2055.49,4644.52,176238.6
OI0002923,O001464,P011,60,2031.1,9690.25,112175.75
OI0002924,O001465,P013,90,204.24,16.72,18364.88
OI0002925,O001465,P014,90,178.89,1912.79,14187.31
OI0002926,O001466,P013,10,209.46,246.69,1847.91
OI0002927,O001466,P017,8,292.76,80.15,2261.93
OI0002928,O001467,P013,92,198.08,666.37,17556.99
OI0002929,O001468,P014,116,174.34,779.29,19444.15
OI0002930,O001469,P024,66,220.9,713.47,13865.93
OI0002931,O001469,P022,98,241.01,1470.77,22148.21
OI0002932,O001469,P023,97,223.49,2562.8,19115.73
OI0002933,O001470,P021,54,228.1,787.11,11530.29
OI0002934,O001470,P021,108,231.4,1742.28,23248.92
OI0002935,O001470,P020,84,253.46,2190.66,19099.98
OI0002936,O001471,P020,110,247.61,2402.62,24834.48
OI0002937,O001472,P029,85,120.92,154.71,10123.49
OI0002938,O001473,P006,63,1171.15,7152.35,66630.1
OI0002939,O001473,P005,42,923.4,3497.41,35285.39
OI0002940,O001473,P004,47,1523.87,8130.9,63490.99
OI0002941,O001474,P005,43,929.82,3657.34,36324.92
OI0002942,O001474,P005,34,955.36,717.03,31765.21
OI0002943,O001475,P005,21,938.44,2108.33,17598.91
OI0002944,O001476,P001,56,1628.39,8224.85,82964.99
OI0002945,O001476,P001,104,1485.08,14029.45,140418.87
OI0002946,O001477,P004,85,1624.39,13035.1,125038.05
OI0002947,O001477,P004,111,1436.09,6080.97,153325.02
OI0002948,O001477,P005,101,916.33,8379.03,84170.3
OI0002949,O001478,P003,65,892.96,3812.31,54230.09
OI0002950,O001478,P002,15,1888.04,1270.24,27050.36
OI0002951,O001479,P001,111,1476.78,13420.42,150502.16
OI0002952,O001480,P011,30,2318.43,4678.5,64874.4
OI0002953,O001481,P011,86,2039.74,18314.87,157102.77
OI0002954,O001482,P010,119,1590.93,3298.52,186022.15
OI0002955,O001482,P012,92,2030.95,12696.53,174150.87
OI0002956,O001483,P011,64,2131.57,861.21,135559.27
OI0002957,O001483,P010,25,1575.64,2703.53,36687.47
OI0002958,O001484,P010,35,1743.44,1987.84,59032.56
OI0002959,O001485,P014,36,183.41,110.93,6491.83
OI0002960,O001485,P016,114,114.73,357.7,12721.52
OI0002961,O001486,P018,64,278.24,228.11,17579.25
OI0002962,O001486,P018,69,265.77,865.16,17472.97
OI0002963,O001486,P018,11,265.26,196.01,2721.85
OI0002964,O001487,P018,61,281.04,192.67,16950.77
OI0002965,O001487,P013,112,186.18,2150.94,18701.22
OI0002966,O001488,P017,42,287.0,502.5,11551.5
OI0002967,O001488,P018,80,280.09,2524.92,19882.28
OI0002968,O001488,P014,119,193.36,973.52,22036.32
OI0002969,O001489,P014,108,195.4,978.13,20125.07
OI0002970,O001489,P016,20,122.96,24.83,2434.37
OI0002971,O001489,P018,94,269.92,919.4,24453.08
OI0002972,O001490,P013,60,198.71,196.43,11726.17
OI0002973,O001490,P016,100,115.38,711.69,10826.31
OI0002974,O001490,P014,49,195.72,669.71,8920.57
OI0002975,O001491,P014,97,175.46,1534.19,15485.43
OI0002976,O001491,P018,109,255.83,3291.5,24593.97
OI0002977,O001491,P014,112,182.38,56.55,20370.01
OI0002978,O001492,P014,13,190.21,64.74,2407.99
OI0002979,O001492,P013,79,212.59,788.55,16006.06
OI0002980,O001492,P017,105,308.05,3707.14,28638.11
OI0002981,O001493,P016,68,125.27,221.56,8296.8
OI0002982,O001493,P016,28,117.94,15.63,3286.69
OI0002983,O001493,P014,20,197.25,347.12,3597.88
OI0002984,O001494,P013,66,195.63,1544.59,11366.99
OI0002985,O001494,P018,93,279.09,1140.74,24814.63
OI0002986,O001495,P020,13,236.11,314.62,2754.81
OI0002987,O001495,P020,44,222.48,381.77,9407.35
OI0002988,O001495,P020,107,247.15,1546.16,24898.89
OI0002989,O001496,P019,65,135.33,1.32,8795.13
OI0002990,O001496,P022,36,218.6,468.86,7400.74
OI0002991,O001496,P023,49,231.34,1236.91,10098.75
OI0002992,O001497,P024,26,197.08,324.28,4799.8
OI0002993,O001497,P019,5,137.73,24.47,664.18
OI0002994,O001498,P022,98,209.02,1366.04,19117.92
OI0002995,O001499,P021,49,233.53,1234.09,10208.88
OI0002996,O001500,P023,93,231.19,274.63,21226.04
OI0002997,O001500,P022,51,222.65,1183.89,10171.26
OI0002998,O001500,P024,70,215.13,893.29,14165.81
OI0002999,O001501,P019,76,127.07,286.33,9370.99
OI0003000,O001501,P023,28,222.1,64.06,6154.74
OI0003001,O001501,P022,18,218.26,116.3,3812.38
OI0003002,O001502,P024,76,211.93,1699.39,14407.29
OI0003003,O001502,P022,89,226.53,1654.98,18506.19
OI0003004,O001502,P022,37,210.0,654.36,7115.64
OI0003005,O001503,P028,47,111.88,23.82,5234.54
OI0003006,O001504,P030,69,147.52,1173.95,9004.93
OI0003007,O001504,P026,15,162.86,32.62,2410.28
OI0003008,O001505,P025,32,201.31,649.01,5792.91
OI0003009,O001505,P030,42,151.05,451.75,5892.35
OI0003010,O001505,P027,10,89.39,18.64,875.26
OI0003011,O001506,P027,71,101.31,376.04,6816.97
OI0003012,O001506,P026,91,174.79,188.28,15717.61
OI0003013,O001507,P002,61,1817.09,5955.11,104887.38
OI0003014,O001508,P006,50,1188.75,2839.56,56597.94
OI0003015,O001509,P002,64,1819.11,6750.33,109672.71
OI0003016,O001509,P005,107,936.63,9422.43,90796.98
OI0003017,O001510,P003,91,907.43,9423.83,73152.3
OI0003018,O001510,P002,85,1900.77,17471.05,144094.4
OI0003019,O001511,P002,73,1899.17,998.24,137641.17
OI0003020,O001511,P001,60,1487.9,10481.8,78792.2
OI0003021,O001511,P001,45,1547.47,8001.74,61634.41
OI0003022,O001512,P002,20,1767.96,1736.57,33622.63
OI0003023,O001512,P006,7,1240.87,943.25,7742.84
OI0003024,O001512,P006,13,1268.72,451.63,16041.73
OI0003025,O001513,P004,24,1531.9,3896.16,32869.44
OI0003026,O001513,P005,18,998.21,1229.24,16738.54
OI0003027,O001513,P005,90,943.54,8241.41,76677.19
OI0003028,O001514,P012,111,1988.75,25547.31,195203.94
OI0003029,O001515,P007,74,1641.62,8668.18,112811.7
OI0003030,O001515,P008,72,1375.75,8436.94,90617.06
OI0003031,O001516,P011,47,2235.07,6027.24,99021.05
OI0003032,O001517,P007,18,1534.34,3149.75,24468.37
OI0003033,O001517,P011,14,2194.19,2857.95,27860.71
OI0003034,O001517,P012,48,2133.7,10834.1,91583.5
OI0003035,O001518,P012,91,1904.74,10797.63,162533.71
OI0003036,O001518,P011,22,2201.86,1571.5,46869.42
OI0003037,O001519,P013,29,202.03,459.94,5398.93
OI0003038,O001519,P014,34,201.43,475.08,6373.54
OI0003039,O001520,P016,96,124.75,1425.82,10550.18
OI0003040,O001520,P013,6,206.3,18.96,1218.84
OI0003041,O001521,P018,109,271.51,1427.2,28167.39
OI0003042,O001521,P013,20,200.1,286.69,3715.31
OI0003043,O001522,P016,69,116.93,834.19,7233.98
OI0003044,O001523,P018,45,262.55,939.41,10875.34
OI0003045,O001524,P014,66,193.26,808.27,11946.89
OI0003046,O001524,P017,80,277.73,913.31,21305.09
OI0003047,O001524,P016,72,122.04,263.95,8522.93
OI0003048,O001525,P018,100,278.63,888.97,26974.03
OI0003049,O001526,P016,64,131.92,851.45,7591.43
OI0003050,O001526,P013,36,200.88,10.88,7220.8
OI0003051,O001527,P024,31,196.98,670.46,5435.92
OI0003052,O001527,P024,54,225.08,360.95,11793.37
OI0003053,O001528,P019,31,137.83,153.8,4118.93
OI0003054,O001529,P019,37,132.62,182.87,4724.07
OI0003055,O001529,P021,38,234.88,384.71,8540.73
OI0003056,O001530,P023,111,227.72,2033.72,23243.2
OI0003057,O001530,P024,29,200.29,161.43,5646.98
OI0003058,O001530,P019,92,141.68,898.13,12136.43
OI0003059,O001531,P024,91,211.17,2272.51,16943.96
OI0003060,O001531,P020,50,231.31,550.93,11014.57
OI0003061,O001532,P019,98,135.6,317.37,12971.43
OI0003062,O001532,P020,103,237.54,1706.24,22760.38
OI0003063,O001532,P022,58,212.75,44.5,12295.0
OI0003064,O001533,P028,103,122.7,1478.72,11159.38
OI0003065,O001534,P027,103,96.38,538.83,9388.31
OI0003066,O001534,P029,99,133.49,98.34,13117.17
OI0003067,O001535,P025,50,200.05,816.2,9186.3
OI0003068,O001536,P026,44,174.99,777.06,6922.5
OI0003069,O001536,P025,69,212.49,860.61,13801.2
OI0003070,O001536,P026,109,156.3,648.73,16387.97
OI0003071,O001537,P001,40,1685.39,3093.4,64322.2
OI0003072,O001537,P005,101,949.42,10006.85,85884.57
OI0003073,O001537,P001,16,1464.84,2151.68,21285.76
OI0003074,O001538,P004,110,1589.49,533.59,174310.31
OI0003075,O001539,P005,84,972.7,5539.97,76166.83
OI0003076,O001539,P004,6,1628.76,606.69,9165.87
OI0003077,O001540,P003,59,799.45,5440.13,41727.42
OI0003078,O001540,P006,88,1284.95,12722.91,100352.69
OI0003079,O001541,P010,52,1698.61,3333.85,84993.87
OI0003080,O001541,P008,28,1414.06,2571.13,37022.55
OI0003081,O001542,P008,46,1520.78,6099.55,63856.33
OI0003082,O001542,P008,16,1324.08,1237.32,19947.96
OI0003083,O001542,P011,24,2253.53,5190.68,48894.04
OI0003084,O001543,P013,103,205.25,2331.89,18808.86
OI0003085,O001543,P017,116,276.49,3522.4,28550.44
OI0003086,O001544,P015,76,278.31,1003.91,20147.65
OI0003087,O001545,P015,16,288.11,77.29,4532.47
OI0003088,O001546,P017,70,279.81,298.34,19288.36
OI0003089,O001546,P013,73,208.48,64.29,15154.75
OI0003090,O001547,P017,41,270.63,1124.03,9971.8
OI0003091,O001547,P018,85,269.24,273.86,22611.54
OI0003092,O001548,P022,52,217.59,231.85,11082.83
OI0003093,O001549,P020,90,236.8,289.24,21022.76
OI0003094,O001549,P019,67,139.96,1118.41,8258.91
OI0003095,O001550,P019,46,128.25,380.42,5519.08
OI0003096,O001550,P019,40,141.85,252.83,5421.17
OI0003097,O001550,P024,46,208.45,388.15,9200.55
OI0003098,O001551,P022,59,238.75,1474.49,12611.76
OI0003099,O001551,P023,37,229.0,57.39,8415.61
OI0003100,O001552,P026,61,165.27,98.02,9983.45
OI0003101,O001552,P027,103,100.58,362.94,9996.8
OI0003102,O001553,P025,102,198.5,1513.27,18733.73
OI0003103,O001553,P027,59,96.1,464.69,5205.21
OI0003104,O001554,P004,113,1541.06,12166.97,161972.81
OI0003105,O001554,P004,65,1459.65,6500.37,88376.88
OI0003106,O001555,P005,62,969.4,4049.34,56053.46
OI0003107,O001555,P003,48,920.85,493.04,43707.76
OI0003108,O001556,P004,116,1431.36,4900.87,161136.89
OI0003109,O001557,P010,108,1623.26,5773.24,169538.84
OI0003110,O001557,P012,59,1890.16,2023.76,109495.68
OI0003111,O001557,P012,7,2064.86,742.28,13711.74
OI0003112,O001558,P013,84,186.42,1148.4,14510.88
OI0003113,O001558,P013,32,197.99,681.16,5654.52
OI0003114,O001559,P016,41,123.02,33.41,5010.41
OI0003115,O001559,P016,85,125.58,200.55,10473.75
OI0003116,O001559,P014,100,191.03,716.31,18386.69
OI0003117,O001560,P016,32,129.4,348.44,3792.36
OI0003118,O001560,P014,109,181.41,196.05,19577.64
OI0003119,O001560,P017,57,304.57,1717.08,15643.41
OI0003120,O001561,P021,71,207.92,39.12,14723.2
OI0003121,O001562,P020,63,248.16,1031.71,14602.37
OI0003122,O001563,P030,83,163.98,151.88,13458.46
OI0003123,O001563,P025,28,195.81,363.24,5119.44
OI0003124,O001563,P029,107,119.77,505.36,12310.03
OI0003125,O001564,P005,22,1022.52,2404.16,20091.28
OI0003126,O001564,P005,15,953.12,878.69,13418.11
OI0003127,O001564,P001,71,1596.24,7083.27,106249.77
OI0003128,O001565,P005,25,969.78,1501.37,22743.13
OI0003129,O001565,P001,11,1551.81,1471.82,15598.09
OI0003130,O001566,P003,49,821.8,4759.25,35508.95
OI0003131,O001567,P004,32,1517.15,4325.08,44223.72
OI0003132,O001568,P006,36,1193.74,4388.98,38585.66
OI0003133,O001569,P003,88,868.29,8170.55,68238.97
OI0003134,O001570,P004,55,1455.28,3721.39,76319.01
OI0003135,O001570,P005,42,980.92,1381.99,39816.65
OI0003136,O001570,P006,17,1272.09,1453.0,20172.53
OI0003137,O001571,P001,82,1486.39,11491.8,110392.18
OI0003138,O001572,P001,48,1653.06,5892.9,73453.98
OI0003139,O001572,P003,27,851.96,702.35,22300.57
OI0003140,O001573,P006,70,1228.21,3876.89,82097.81
OI0003141,O001573,P005,77,922.84,3101.53,67957.15
OI0003142,O001573,P003,23,823.01,135.2,18794.03
OI0003143,O001574,P002,53,1935.85,6396.78,96203.27
OI0003144,O001574,P004,88,1607.56,12180.04,129285.24
OI0003145,O001574,P003,56,905.57,2898.36,47813.56
OI0003146,O001575,P012,65,2083.25,76.25,135335.0
OI0003147,O001576,P008,79,1510.89,8462.76,110897.55
OI0003148,O001576,P012,59,2003.88,7942.56,110286.36
OI0003149,O001577,P007,108,1589.46,2333.27,169328.41
OI0003150,O001577,P008,94,1358.16,14691.98,112975.06
OI0003151,O001578,P009,70,2020.11,635.27,140772.43
OI0003152,O001578,P007,28,1620.59,1441.39,43935.13
OI0003153,O001579,P007,91,1703.02,9437.42,145537.4
OI0003154,O001579,P007,65,1646.27,11313.41,95694.14
OI0003155,O001580,P012,79,1883.27,2454.87,146323.46
OI0003156,O001581,P010,84,1736.15,12524.34,133312.26
OI0003157,O001582,P013,69,190.98,1188.25,11989.37
OI0003158,O001583,P015,66,287.19,18.92,18935.62
OI0003159,O001583,P015,96,285.98,672.32,26781.76
OI0003160,O001583,P017,53,286.77,590.79,14608.02
OI0003161,O001584,P015,88,276.59,2670.11,21669.81
OI0003162,O001585,P018,67,256.89,226.79,16984.84
OI0003163,O001586,P013,59,202.0,521.44,11396.56
OI0003164,O001587,P013,101,203.45,1666.94,18881.51
OI0003165,O001588,P015,80,282.93,1395.07,21239.33
OI0003166,O001588,P013,81,189.07,1025.05,14289.62
OI0003167,O001589,P015,77,261.9,1262.34,18903.96
OI0003168,O001589,P014,71,190.62,1328.7,12205.32
OI0003169,O001589,P014,39,200.32,46.52,7765.96
OI0003170,O001590,P019,92,141.3,162.77,12836.83
OI0003171,O001590,P020,114,239.18,1314.99,25951.53
OI0003172,O001591,P024,73,208.99,1392.59,13863.68
OI0003173,O001591,P020,13,249.17,346.94,2892.27
OI0003174,O001591,P021,109,223.42,1886.56,22466.22
OI0003175,O001592,P024,53,216.19,1372.46,10085.61
OI0003176,O001593,P020,41,252.6,875.86,9480.74
OI0003177,O001593,P021,77,212.88,1238.0,15153.76
OI0003178,O001593,P019,56,127.43,367.68,6768.4
OI0003179,O001594,P022,21,231.29,224.57,4632.52
OI0003180,O001594,P021,58,211.4,472.28,11788.92
OI0003181,O001595,P020,5,247.61,1.27,1236.78
OI0003182,O001596,P023,79,220.79,441.82,17000.59
OI0003183,O001597,P021,98,237.1,2511.07,20724.73
OI0003184,O001598,P028,116,112.36,1237.43,11796.33
OI0003185,O001599,P026,47,158.15,881.78,6551.27
OI0003186,O001600,P027,8,93.91,18.51,732.77
OI0003187,O001601,P028,52,114.14,654.3,5280.98
OI0003188,O001602,P004,76,1577.97,1197.59,118728.13
OI0003189,O001603,P004,18,1562.36,175.36,27947.12
OI0003190,O001603,P002,95,1938.35,15524.47,168618.78
OI0003191,O001604,P003,87,872.38,5513.47,70383.59
OI0003192,O001604,P006,117,1160.78,3737.18,132074.08
OI0003193,O001604,P003,70,832.75,599.42,57693.08
OI0003194,O001605,P005,53,984.81,731.15,51463.78
OI0003195,O001606,P005,79,914.21,4238.46,67984.13
OI0003196,O001606,P005,69,980.55,2039.19,65618.76
OI0003197,O001607,P001,117,1686.65,215.79,197122.26
OI0003198,O001608,P001,21,1676.67,2565.94,32644.13
OI0003199,O001609,P002,108,1879.87,10445.69,192580.27
OI0003200,O001610,P009,85,2035.16,16012.74,156975.86
OI0003201,O001611,P008,84,1396.12,267.97,117006.11
OI0003202,O001612,P007,34,1500.19,298.05,50708.41
OI0003203,O001613,P011,7,2297.69,33.96,16049.87
OI0003204,O001613,P012,88,2012.08,4687.2,172375.84
OI0003205,O001614,P018,37,260.81,948.93,8701.04
OI0003206,O001614,P016,91,130.1,697.05,11142.05
OI0003207,O001614,P017,89,272.22,705.75,23521.83
OI0003208,O001615,P014,69,197.26,31.97,13578.97
OI0003209,O001615,P017,46,296.37,1590.78,12042.24
OI0003210,O001615,P014,106,199.6,51.75,21105.85
OI0003211,O001616,P013,64,205.49,679.58,12471.78
OI0003212,O001616,P017,95,287.34,1013.35,26283.95
OI0003213,O001617,P014,77,200.01,1643.59,13757.18
OI0003214,O001617,P013,102,191.82,826.54,18739.1
OI0003215,O001618,P013,76,187.37,85.94,14154.18
OI0003216,O001618,P017,50,286.85,1684.36,12658.14
OI0003217,O001618,P013,72,200.19,481.95,13931.73
OI0003218,O001619,P017,53,285.65,1784.38,13355.07
OI0003219,O001619,P018,39,276.23,287.93,10485.04
OI0003220,O001619,P016,59,123.35,851.68,6425.97
OI0003221,O001620,P018,84,253.88,1920.02,19405.9
OI0003222,O001621,P021,10,208.71,87.36,1999.74
OI0003223,O001621,P022,69,214.08,983.93,13787.59
OI0003224,O001621,P023,65,214.49,1482.32,12459.53
OI0003225,O001622,P024,30,202.25,38.59,6028.91
OI0003226,O001622,P023,30,204.27,117.67,6010.43
OI0003227,O001623,P024,60,207.17,456.77,11973.43
OI0003228,O001623,P023,46,231.81,398.59,10264.67
OI0003229,O001623,P020,82,251.16,1539.43,19055.69
OI0003230,O001624,P021,33,230.83,410.46,7206.93
OI0003231,O001624,P019,45,143.2,439.6,6004.4
OI0003232,O001624,P021,54,209.67,1214.69,10107.49
OI0003233,O001625,P020,79,241.64,2104.67,16984.89
OI0003234,O001626,P021,55,233.23,1429.71,11397.94
OI0003235,O001627,P023,34,210.11,249.46,6894.28
OI0003236,O001627,P020,98,239.04,2749.14,20676.78
OI0003237,O001627,P020,103,220.96,1333.54,21425.34
OI0003238,O001628,P030,65,164.09,701.83,9964.02
OI0003239,O001628,P027,16,89.11,14.18,1411.58
OI0003240,O001628,P029,31,121.38,296.41,3466.37
OI0003241,O001629,P030,62,164.34,520.5,9668.58
OI0003242,O001629,P030,53,157.69,333.99,8023.58
OI0003243,O001630,P006,59,1149.72,7741.94,60091.54
OI0003244,O001630,P001,22,1663.77,1242.28,35360.66
OI0003245,O001631,P005,23,1019.33,2258.12,21186.47
OI0003246,O001632,P001,33,1505.83,817.6,48874.79
OI0003247,O001632,P004,118,1456.65,1458.34,170426.36
OI0003248,O001632,P005,41,949.06,495.14,38416.32
OI0003249,O001633,P002,71,1948.34,6199.95,132132.19
OI0003250,O001633,P005,8,953.15,799.51,6825.69
OI0003251,O001633,P003,16,879.08,543.79,13521.49
OI0003252,O001634,P003,72,865.16,4655.5,57636.02
OI0003253,O001634,P002,15,1914.69,679.45,28040.9
OI0003254,O001634,P004,70,1562.71,6356.49,103033.21
OI0003255,O001635,P004,10,1491.62,776.42,14139.78
OI0003256,O001635,P001,6,1566.65,308.81,9091.09
OI0003257,O001635,P002,74,1873.65,7394.78,131255.32
OI0003258,O001636,P004,5,1639.13,155.39,8040.26
OI0003259,O001637,P012,36,2055.8,267.21,73741.59
OI0003260,O001637,P010,38,1753.81,4268.31,62376.47
OI0003261,O001637,P008,5,1341.83,480.0,6229.15
OI0003262,O001638,P010,42,1588.78,6382.92,60345.84
OI0003263,O001638,P009,30,1923.52,378.76,57326.84
OI0003264,O001638,P012,30,2175.74,7459.39,57812.81
OI0003265,O001639,P010,74,1759.62,2730.17,127481.71
OI0003266,O001639,P009,102,2087.36,19631.21,193279.51
OI0003267,O001640,P014,34,184.75,730.95,5550.55
OI0003268,O001640,P016,115,122.02,1268.04,12764.26
OI0003269,O001641,P014,73,184.85,54.43,13439.62
OI0003270,O001642,P017,44,306.06,497.3,12969.34
OI0003271,O001642,P015,112,267.87,308.51,29692.93
OI0003272,O001643,P016,108,120.41,869.14,12135.14
OI0003273,O001643,P015,59,282.88,989.7,15700.22
OI0003274,O001644,P014,42,200.74,194.97,8236.11
OI0003275,O001644,P013,69,199.82,1131.32,12656.26
OI0003276,O001645,P017,52,271.16,795.1,13305.22
OI0003277,O001645,P015,31,269.17,891.27,7453.0
OI0003278,O001646,P022,92,233.96,1257.37,20266.95
OI0003279,O001646,P019,118,136.18,1836.29,14232.95
OI0003280,O001646,P021,119,212.96,1873.62,23468.62
OI0003281,O001647,P024,16,194.66,195.17,2919.39
OI0003282,O001647,P020,116,242.78,2445.87,25716.61
OI0003283,O001647,P023,82,213.42,1882.68,15617.76
OI0003284,O001648,P019,34,133.67,99.55,4445.23
OI0003285,O001648,P020,26,248.19,532.23,5920.71
OI0003286,O001648,P021,64,229.61,711.04,13984.0
OI0003287,O001649,P022,96,232.62,543.07,21788.45
OI0003288,O001650,P028,14,127.03,135.7,1642.72
OI0003289,O001650,P028,95,116.48,1053.37,10012.23
OI0003290,O001651,P002,25,1873.48,5118.31,41718.69
OI0003291,O001651,P002,69,1769.61,4590.96,117512.13
OI0003292,O001652,P002,110,1899.76,17247.85,191725.75
OI0003293,O001652,P005,29,986.22,2288.46,26311.92
OI0003294,O001652,P003,96,891.22,4466.2,81090.92
OI0003295,O001653,P005,47,1009.85,5064.16,42398.79
OI0003296,O001654,P011,71,2290.89,2230.71,160422.48
OI0003297,O001654,P011,80,2149.71,8393.19,163583.61
OI0003298,O001654,P007,25,1521.51,2357.6,35680.15
OI0003299,O001655,P012,81,2130.48,8588.11,163980.77
OI0003300,O001655,P008,51,1362.89,8034.02,61473.37
OI0003301,O001656,P016,109,117.98,1195.64,11664.18
OI0003302,O001657,P017,83,285.58,991.52,22711.62
OI0003303,O001657,P017,57,298.24,911.47,16088.21
OI0003304,O001658,P018,81,257.53,322.69,20537.24
OI0003305,O001658,P017,112,273.17,240.13,30354.91
OI0003306,O001658,P017,26,272.27,144.24,6934.78
OI0003307,O001659,P018,43,258.97,131.06,11004.65
OI0003308,O001659,P017,64,271.26,1937.97,15422.67
OI0003309,O001659,P017,54,279.06,769.37,14299.87
OI0003310,O001660,P020,108,252.09,84.7,27141.02
OI0003311,O001661,P021,67,221.03,1679.53,13129.48
OI0003312,O001661,P019,85,127.87,1199.11,9669.84
OI0003313,O001661,P021,12,218.78,64.98,2560.38
OI0003314,O001662,P022,14,214.49,353.34,2649.52
OI0003315,O001663,P022,44,228.14,471.18,9566.98
OI0003316,O001664,P027,38,95.95,148.13,3497.97
OI0003317,O001664,P028,84,122.41,114.44,10168.0
OI0003318,O001665,P003,31,838.67,1540.78,24457.99
OI0003319,O001666,P002,117,1727.02,22053.88,180007.46
OI0003320,O001666,P004,106,1435.52,6942.93,145222.19
OI0003321,O001666,P004,96,1521.63,3014.74,143061.74
OI0003322,O001667,P002,80,1722.35,5838.51,131949.49
OI0003323,O001667,P003,100,803.69,347.09,80021.91
OI0003324,O001668,P005,49,967.07,4328.76,43057.67
OI0003325,O001668,P001,84,1666.13,8818.9,131136.02
OI0003326,O001669,P002,17,1808.95,1528.22,29223.93
OI0003327,O001669,P002,87,1842.23,7493.83,152780.18
OI0003328,O001670,P006,112,1243.04,15901.9,123318.58
OI0003329,O001670,P002,110,1719.02,18018.23,171073.97
OI0003330,O001670,P004,96,1425.44,13902.67,122939.57
OI0003331,O001671,P004,73,1429.74,1387.9,102983.12
OI0003332,O001671,P002,77,1977.43,6605.51,145656.6
OI0003333,O001672,P005,5,1021.59,553.51,4554.44
OI0003334,O001673,P006,63,1127.77,6405.53,64643.98
OI0003335,O001673,P006,80,1213.62,4176.33,92913.27
OI0003336,O001673,P006,63,1174.33,5519.64,68463.15
OI0003337,O001674,P012,94,1881.99,17175.77,159731.29
OI0003338,O001674,P009,108,2175.33,4558.37,230377.27
OI0003339,O001674,P007,114,1548.12,21002.5,155483.18
OI0003340,O001675,P010,76,1773.18,6494.38,128267.3
OI0003341,O001675,P012,91,2159.32,8318.26,188179.86
OI0003342,O001676,P011,84,2047.61,6643.18,165356.06
OI0003343,O001676,P007,27,1590.63,3575.49,39371.52
OI0003344,O001677,P008,16,1534.57,2004.13,22548.99
OI0003345,O001678,P009,13,1937.93,32.18,25160.91
OI0003346,O001679,P008,88,1510.59,6592.26,126339.66
OI0003347,O001679,P009,18,1955.7,3668.23,31534.37
OI0003348,O001679,P008,108,1499.2,11300.49,150613.11
OI0003349,O001680,P016,18,125.42,112.23,2145.33
OI0003350,O001681,P014,118,201.83,1005.54,22810.4
OI0003351,O001681,P018,69,264.14,388.03,17837.63
OI0003352,O001682,P014,32,197.94,160.94,6173.14
OI0003353,O001682,P016,74,131.57,382.07,9354.11
OI0003354,O001683,P016,67,119.58,320.6,7691.26
OI0003355,O001683,P018,79,255.12,340.55,19813.93
OI0003356,O001684,P016,50,127.34,452.86,5914.14
OI0003357,O001684,P018,15,290.65,91.13,4268.62
OI0003358,O001685,P017,105,300.14,3518.98,27995.72
OI0003359,O001686,P017,25,286.2,372.97,6782.03
OI0003360,O001687,P014,80,179.77,1417.8,12963.8
OI0003361,O001687,P015,38,255.76,61.81,9657.07
OI0003362,O001687,P016,105,113.45,833.02,11079.23
OI0003363,O001688,P013,16,188.54,33.26,2983.38
OI0003364,O001689,P017,82,278.38,2351.89,20475.27
OI0003365,O001689,P016,68,122.54,827.29,7505.43
OI0003366,O001690,P014,15,176.13,200.1,2441.85
OI0003367,O001690,P017,46,310.05,1156.62,13105.68
OI0003368,O001690,P014,22,182.03,178.97,3825.69
OI0003369,O001691,P016,84,130.55,372.54,10593.66
OI0003370,O001692,P017,54,276.94,1696.81,13257.95
OI0003371,O001692,P017,45,310.61,895.3,13082.15
OI0003372,O001693,P022,73,214.31,1531.03,14113.6
OI0003373,O001694,P023,29,225.82,763.49,5785.29
OI0003374,O001694,P022,46,209.66,5.56,9638.8
OI0003375,O001694,P022,37,217.95,422.4,7641.75
OI0003376,O001695,P020,54,253.2,1424.78,12248.02
OI0003377,O001695,P024,14,203.06,142.22,2700.62
OI0003378,O001695,P021,65,219.06,565.59,13673.31
OI0003379,O001696,P023,70,219.25,1034.35,14313.15
OI0003380,O001696,P022,49,241.43,275.18,11554.89
OI0003381,O001697,P022,103,231.93,882.99,23005.8
OI0003382,O001697,P020,22,241.43,621.59,4689.87
OI0003383,O001698,P019,63,124.95,256.64,7615.21
OI0003384,O001698,P022,39,216.11,370.25,8058.04
OI0003385,O001699,P023,115,221.47,1849.69,23619.36
OI0003386,O001699,P023,19,203.44,133.61,3731.75
OI0003387,O001700,P026,37,179.82,249.1,6404.24
OI0003388,O001700,P027,27,88.54,255.07,2135.51
OI0003389,O001700,P026,88,158.94,142.72,13844.0
OI0003390,O001701,P029,22,132.65,190.93,2727.37
OI0003391,O001702,P028,43,113.99,188.99,4712.58
OI0003392,O001702,P028,62,119.76,5.02,7420.1
OI0003393,O001702,P028,97,112.03,1210.52,9656.39
OI0003394,O001703,P006,9,1232.57,246.02,10847.11
OI0003395,O001703,P001,109,1688.43,3994.55,180044.32
OI0003396,O001704,P006,105,1280.8,1882.34,132601.66
OI0003397,O001704,P001,42,1601.53,1420.89,65843.37
OI0003398,O001704,P002,34,1785.23,4004.66,56693.16
OI0003399,O001705,P001,56,1525.18,10143.68,75266.4
OI0003400,O001705,P003,87,843.08,7629.67,65718.29
OI0003401,O001706,P003,84,862.62,5502.7,66957.38
OI0003402,O001706,P004,105,1539.56,4507.6,157146.2
OI0003403,O001707,P002,98,1814.62,13479.24,164353.52
OI0003404,O001707,P004,97,1459.07,13276.06,128253.73
OI0003405,O001708,P005,66,927.54,7112.47,54105.17
OI0003406,O001708,P002,53,1792.69,833.33,94179.24
OI0003407,O001709,P002,112,1856.23,17792.17,190105.59
OI0003408,O001709,P001,30,1608.64,1766.57,46492.63
OI0003409,O001710,P006,50,1265.29,7321.66,55942.84
OI0003410,O001710,P004,69,1582.05,8662.22,100499.23
OI0003411,O001710,P001,56,1526.57,8106.82,77381.1
OI0003412,O001711,P012,26,2176.96,4801.1,51799.86
OI0003413,O001711,P008,39,1425.77,5021.18,50583.85
OI0003414,O001711,P012,103,1968.16,12289.67,190430.81
OI0003415,O001712,P010,39,1633.05,473.57,63215.38
OI0003416,O001712,P012,61,1970.2,3841.2,116341.0
OI0003417,O001712,P012,85,1923.32,12387.96,151094.24
OI0003418,O001713,P007,34,1492.47,2489.07,48254.91
OI0003419,O001713,P010,22,1571.64,162.31,34413.77
OI0003420,O001713,P010,18,1764.23,1578.68,30177.46
OI0003421,O001714,P010,96,1678.76,10807.48,150353.48
OI0003422,O001714,P012,88,2114.17,12862.19,173184.77
OI0003423,O001715,P009,77,2108.09,17832.47,144490.46
OI0003424,O001716,P015,53,257.35,561.73,13077.82
OI0003425,O001717,P014,115,190.67,656.32,21270.73
OI0003426,O001717,P014,10,191.47,80.19,1834.51
OI0003427,O001718,P015,94,271.85,907.0,24646.9
OI0003428,O001718,P016,11,122.83,126.33,1224.8
OI0003429,O001719,P016,120,114.04,454.89,13229.91
OI0003430,O001719,P014,6,198.89,6.97,1186.37
OI0003431,O001719,P016,33,128.38,383.59,3852.95
OI0003432,O001720,P016,5,131.56,12.15,645.65
OI0003433,O001720,P018,38,266.15,84.06,10029.64
OI0003434,O001721,P016,62,125.23,18.08,7746.18
OI0003435,O001721,P013,48,193.14,1071.43,8199.29
OI0003436,O001722,P014,32,193.76,358.11,5842.21
OI0003437,O001722,P013,80,187.44,344.23,14650.97
OI0003438,O001723,P016,21,121.15,270.63,2273.52
OI0003439,O001723,P013,69,198.57,1426.0,12275.33
OI0003440,O001724,P014,109,174.69,1647.1,17394.11
OI0003441,O001725,P021,13,238.73,73.37,3030.12
OI0003442,O001725,P021,54,223.93,1315.17,10777.05
OI0003443,O001725,P021,91,212.91,1716.07,17658.74
OI0003444,O001726,P023,104,203.43,1516.11,19640.61
OI0003445,O001726,P019,18,126.87,56.65,2227.01
OI0003446,O001727,P023,87,210.52,1676.05,16639.19
OI0003447,O001727,P020,107,241.52,2181.91,23660.73
OI0003448,O001728,P022,40,236.77,383.64,9087.16
OI0003449,O001729,P023,59,214.79,153.76,12518.85
OI0003450,O001730,P021,93,234.61,2017.49,19801.24
OI0003451,O001730,P022,20,230.03,335.51,4265.09
OI0003452,O001731,P024,39,207.19,281.16,7799.25
OI0003453,O001731,P021,96,222.13,434.62,20889.86
OI0003454,O001732,P030,95,150.57,1568.53,12735.62
OI0003455,O001732,P026,53,160.12,467.06,8019.3
OI0003456,O001732,P027,57,92.2,178.49,5076.91
OI0003457,O001733,P025,31,207.34,647.43,5780.11
OI0003458,O001733,P030,89,156.42,1230.19,12691.19
OI0003459,O001733,P026,34,156.57,245.12,5078.26
OI0003460,O001734,P027,102,97.45,114.79,9825.11
OI0003461,O001734,P030,88,152.29,1511.68,11889.84
OI0003462,O001734,P028,41,109.79,258.3,4243.09
OI0003463,O001735,P006,53,1260.02,7211.81,59569.25
OI0003464,O001735,P001,37,1573.0,6634.31,51566.69
OI0003465,O001736,P002,104,1719.96,2173.68,176702.16
OI0003466,O001737,P002,93,1714.03,17427.28,141977.51
OI0003467,O001737,P006,29,1169.47,2734.43,31180.2
OI0003468,O001738,P003,98,897.36,9853.83,78087.45
OI0003469,O001738,P001,90,1581.52,13277.55,129059.25
OI0003470,O001738,P001,61,1542.7,6722.0,87382.7
OI0003471,O001739,P001,117,1654.7,4801.26,188798.64
OI0003472,O001739,P006,28,1262.27,622.84,34720.72
OI0003473,O001740,P003,42,903.26,2273.35,35663.57
OI0003474,O001741,P008,53,1540.32,83.9,81553.06
OI0003475,O001741,P008,6,1323.92,172.0,7771.52
OI0003476,O001742,P009,23,2222.97,109.57,51018.74
OI0003477,O001742,P008,52,1518.02,6354.29,72582.75
OI0003478,O001742,P007,86,1699.09,3574.22,142547.52
OI0003479,O001743,P008,9,1435.4,560.69,12357.91
OI0003480,O001744,P016,86,129.19,291.15,10819.19
OI0003481,O001744,P016,99,118.4,150.31,11571.29
OI0003482,O001745,P014,5,191.06,34.23,921.07
OI0003483,O001745,P015,31,252.6,681.51,7149.09
OI0003484,O001745,P018,30,255.95,151.58,7526.92
OI0003485,O001746,P017,36,272.6,641.31,9172.29
OI0003486,O001746,P015,93,285.96,35.35,26558.93
OI0003487,O001746,P016,91,128.34,607.69,11071.25
OI0003488,O001747,P015,13,286.54,46.89,3678.13
OI0003489,O001748,P015,87,263.02,262.06,22620.68
OI0003490,O001748,P018,55,284.25,1233.72,14400.03
OI0003491,O001748,P015,72,253.96,502.6,17782.52
OI0003492,O001749,P024,54,224.36,1436.87,10678.57
OI0003493,O001749,P022,59,207.46,703.49,11536.65
OI0003494,O001750,P020,95,234.52,2503.45,19775.95
OI0003495,O001750,P024,70,199.65,159.44,13816.06
OI0003496,O001751,P021,9,214.9,230.26,1703.84
OI0003497,O001752,P022,72,227.76,1716.28,14682.44
OI0003498,O001753,P022,62,228.24,1550.44,12600.44
OI0003499,O001753,P021,65,212.32,66.45,13734.35
OI0003500,O001754,P028,72,124.18,1023.77,7917.19
OI0003501,O001754,P025,17,207.77,63.34,3468.75
OI0003502,O001754,P027,94,101.45,136.04,9400.26
OI0003503,O001755,P027,72,93.16,129.53,6577.99
OI0003504,O001756,P004,113,1408.42,4442.79,154708.67
OI0003505,O001756,P004,54,1430.78,3488.63,73773.49
OI0003506,O001756,P005,70,1037.24,5472.3,67134.5
OI0003507,O001757,P005,21,967.21,1350.33,18961.08
OI0003508,O001757,P005,39,1033.1,164.62,40126.28
OI0003509,O001757,P003,31,915.28,3318.9,25054.78
OI0003510,O001758,P002,71,1884.49,2367.55,131431.24
OI0003511,O001758,P006,47,1298.78,1620.65,59422.01
OI0003512,O001759,P004,61,1569.73,11300.49,84453.04
OI0003513,O001760,P004,55,1411.81,2479.22,75170.33
OI0003514,O001760,P005,87,910.31,8987.01,70209.96
OI0003515,O001761,P007,29,1604.47,4490.84,42038.79
OI0003516,O001762,P012,119,2042.01,10707.4,232291.79
OI0003517,O001763,P014,69,195.49,659.11,12829.7
OI0003518,O001763,P014,91,202.51,1431.92,16996.49
OI0003519,O001763,P018,90,255.8,673.88,22348.12
OI0003520,O001764,P013,38,187.2,739.14,6374.46
OI0003521,O001765,P016,66,129.74,698.79,7864.05
OI0003522,O001765,P016,49,129.47,294.6,6049.43
OI0003523,O001766,P013,61,214.31,985.22,12087.69
OI0003524,O001766,P015,26,251.72,437.66,6107.06
OI0003525,O001766,P017,5,306.1,144.35,1386.15
OI0003526,O001767,P022,52,240.68,612.16,11903.2
OI0003527,O001768,P024,40,211.14,36.55,8409.05
OI0003528,O001768,P023,70,224.38,889.74,14816.86
OI0003529,O001769,P024,40,200.78,15.71,8015.49
OI0003530,O001769,P022,111,218.31,1835.03,22397.38
OI0003531,O001770,P021,62,229.04,504.59,13695.89
OI0003532,O001770,P019,80,126.01,415.22,9665.58
OI0003533,O001770,P024,93,207.8,448.63,18876.77
OI0003534,O001771,P020,22,252.24,284.35,5264.93
OI0003535,O001771,P019,106,144.5,1138.78,14178.22
OI0003536,O001772,P028,20,121.47,40.0,2389.4
OI0003537,O001773,P005,21,967.17,1156.35,19154.22
OI0003538,O001773,P003,41,815.94,3336.51,30117.03
OI0003539,O001773,P001,96,1505.23,12202.25,132299.83
OI0003540,O001774,P001,94,1544.48,10939.83,134241.29
OI0003541,O001774,P003,81,901.3,1730.52,71274.78
OI0003542,O001775,P004,45,1429.09,3217.69,61091.36
OI0003543,O001776,P005,41,914.88,3836.07,33674.01
OI0003544,O001776,P003,9,876.07,913.46,6971.17
OI0003545,O001777,P001,21,1530.44,913.85,31225.39
OI0003546,O001777,P004,115,1620.15,14005.64,172311.61
OI0003547,O001778,P003,70,839.23,1939.02,56807.08
OI0003548,O001778,P006,80,1166.67,9091.69,84241.91
OI0003549,O001779,P002,110,1954.54,13159.41,201839.99
OI0003550,O001779,P005,106,922.63,1989.88,95808.9
OI0003551,O001779,P005,119,1017.5,1582.05,119500.45
OI0003552,O001780,P002,66,1946.7,7503.91,120978.29
OI0003553,O001781,P002,73,1985.73,10723.29,134235.0
OI0003554,O001781,P001,28,1588.09,355.26,44111.26
OI0003555,O001781,P003,20,912.4,1016.85,17231.15
OI0003556,O001782,P003,68,858.85,3758.19,54643.61
OI0003557,O001782,P003,94,806.36,942.54,74855.3
OI0003558,O001782,P006,111,1197.12,1960.25,130920.07
OI0003559,O001783,P003,17,837.99,1386.05,12859.78
OI0003560,O001783,P004,86,1547.68,5163.23,127937.25
OI0003561,O001783,P001,28,1698.35,5556.72,41997.08
OI0003562,O001784,P003,80,841.17,1676.38,65617.22
OI0003563,O001784,P001,91,1468.9,4230.34,129439.56
OI0003564,O001784,P006,37,1226.18,2485.74,42882.92
OI0003565,O001785,P007,87,1501.09,11702.04,118892.79
OI0003566,O001785,P009,25,1987.47,2549.76,47136.99
OI0003567,O001785,P008,24,1372.8,838.99,32108.21
OI0003568,O001786,P009,117,1961.99,16842.89,212709.94
OI0003569,O001786,P008,88,1469.24,11007.38,118285.74
OI0003570,O001786,P010,6,1534.81,209.9,8998.96
OI0003571,O001787,P009,18,2116.27,502.95,37589.91
OI0003572,O001788,P012,84,1891.63,16654.6,142242.32
OI0003573,O001788,P008,15,1452.61,493.8,21295.35
OI0003574,O001789,P009,32,2088.92,4612.82,62232.62
OI0003575,O001790,P010,61,1577.8,143.76,96102.04
OI0003576,O001790,P009,40,2027.32,9640.18,71452.62
OI0003577,O001790,P008,68,1521.85,6722.35,96763.45
OI0003578,O001791,P011,82,2325.19,20181.99,170483.59
OI0003579,O001792,P014,114,195.94,2429.93,19907.23
OI0003580,O001792,P017,70,268.73,1623.97,17187.13
OI0003581,O001792,P015,35,268.82,743.86,8664.84
OI0003582,O001793,P015,8,249.67,137.89,1859.47
OI0003583,O001793,P017,49,294.79,1681.27,12763.44
OI0003584,O001794,P018,28,261.49,673.51,6648.21
OI0003585,O001794,P018,18,267.15,548.26,4260.44
OI0003586,O001794,P016,46,118.86,288.94,5178.62
OI0003587,O001795,P017,65,287.57,312.95,18379.1
OI0003588,O001795,P015,92,281.0,2398.82,23453.18
OI0003589,O001796,P018,115,267.41,1535.66,29216.49
OI0003590,O001796,P015,68,278.06,2061.57,16846.51
OI0003591,O001796,P016,34,116.53,383.64,3578.38
OI0003592,O001797,P015,35,249.43,791.66,7938.39
OI0003593,O001797,P015,7,277.7,37.81,1906.09
OI0003594,O001797,P014,62,191.02,1371.38,10471.86
OI0003595,O001798,P016,32,120.09,139.33,3703.55
OI0003596,O001798,P017,85,294.17,140.39,24864.06
OI0003597,O001798,P017,21,299.07,42.24,6238.23
OI0003598,O001799,P018,93,257.45,2815.9,21126.95
OI0003599,O001800,P018,35,280.97,730.42,9103.53
OI0003600,O001800,P013,53,208.37,215.48,10828.13
OI0003601,O001801,P019,35,141.55,125.09,4829.16
OI0003602,O001802,P023,21,227.78,319.89,4463.49
OI0003603,O001802,P023,86,209.18,433.54,17555.94
OI0003604,O001802,P020,104,249.88,2020.52,23967.0
OI0003605,O001803,P024,70,219.99,752.95,14646.35
OI0003606,O001803,P023,32,205.28,47.69,6521.27
OI0003607,O001803,P023,7,219.05,28.57,1504.78
OI0003608,O001804,P021,7,208.94,100.53,1362.05
OI0003609,O001804,P022,86,211.92,824.93,17400.19
OI0003610,O001805,P022,113,218.11,346.42,24300.01
OI0003611,O001805,P022,42,208.19,357.73,8386.25
OI0003612,O001805,P021,117,208.69,385.71,24031.02
OI0003613,O001806,P019,22,129.32,227.72,2617.32
OI0003614,O001806,P023,120,212.98,2111.02,23446.58
OI0003615,O001806,P019,31,130.03,278.23,3752.7
OI0003616,O001807,P026,6,174.38,57.09,989.19
OI0003617,O001807,P025,104,189.62,1085.26,18635.22
OI0003618,O001807,P026,120,154.62,1899.13,16655.27
OI0003619,O001808,P027,34,88.97,33.72,2991.26
OI0003620,O001808,P025,67,193.37,77.92,12877.87
OI0003621,O001809,P005,72,963.62,2751.74,66628.9
OI0003622,O001810,P001,96,1566.13,6984.67,143363.81
OI0003623,O001811,P004,49,1538.87,3516.7,71887.93
OI0003624,O001811,P004,109,1584.0,18991.81,153664.19
OI0003625,O001812,P003,119,817.38,7227.81,90040.41
OI0003626,O001813,P002,5,1841.73,1029.33,8179.32
OI0003627,O001814,P006,83,1265.36,889.95,104134.93
OI0003628,O001815,P001,92,1552.06,12847.86,129941.66
OI0003629,O001815,P006,26,1282.39,189.22,33152.92
OI0003630,O001815,P004,93,1631.89,11464.25,140301.52
OI0003631,O001816,P001,44,1472.6,7084.34,57710.06
OI0003632,O001816,P004,106,1544.92,13790.61,149970.91
OI0003633,O001816,P002,11,1860.18,2033.81,18428.17
OI0003634,O001817,P006,88,1219.26,7049.57,100245.31
OI0003635,O001818,P004,105,1521.69,6062.66,153714.79
OI0003636,O001818,P004,57,1446.32,1910.96,80529.28
OI0003637,O001818,P003,13,925.83,59.85,11975.94
OI0003638,O001819,P002,27,1806.43,1184.96,47588.65
OI0003639,O001819,P006,22,1306.52,604.84,28138.6
OI0003640,O001820,P010,80,1628.2,6357.2,123898.8
OI0003641,O001820,P011,97,2313.23,8375.56,216007.75
OI0003642,O001821,P007,28,1677.44,4508.65,42459.67
OI0003643,O001821,P007,35,1557.79,6492.91,48029.74
OI0003644,O001821,P011,99,2131.97,24709.91,186355.12
OI0003645,O001822,P010,107,1619.58,19609.64,153685.42
OI0003646,O001822,P009,65,1957.26,12784.24,114437.66
OI0003647,O001823,P011,103,2035.52,18484.12,191174.44
OI0003648,O001824,P011,54,2253.15,13595.14,108074.96
OI0003649,O001825,P010,82,1709.5,13166.42,127012.58
OI0003650,O001825,P007,44,1516.45,1145.2,65578.6
OI0003651,O001826,P011,30,2135.3,1134.36,62924.64
OI0003652,O001827,P010,79,1595.9,14121.44,111954.66
OI0003653,O001828,P013,63,191.69,1075.27,11001.2
OI0003654,O001828,P015,16,288.24,185.18,4426.66
OI0003655,O001829,P014,72,174.74,1434.79,11146.49
OI0003656,O001829,P014,87,181.91,303.15,15523.02
OI0003657,O001830,P014,59,196.28,779.37,10801.15
OI0003658,O001831,P013,10,205.14,244.99,1806.41
OI0003659,O001832,P016,71,117.25,916.08,7408.67
OI0003660,O001832,P014,13,177.34,209.4,2096.02
OI0003661,O001833,P014,97,174.61,1366.14,15571.03
OI0003662,O001833,P018,78,251.16,798.24,18792.24
OI0003663,O001833,P013,15,199.32,304.06,2685.74
OI0003664,O001834,P015,23,251.23,460.5,5317.79
OI0003665,O001835,P018,83,270.28,138.19,22295.05
OI0003666,O001835,P017,109,300.85,2941.28,29851.37
OI0003667,O001835,P015,73,252.08,468.61,17933.23
OI0003668,O001836,P015,20,282.71,100.72,5553.48
OI0003669,O001836,P014,56,175.7,800.71,9038.49
OI0003670,O001837,P022,21,215.93,458.16,4076.37
OI0003671,O001837,P019,88,137.6,196.76,11912.04
OI0003672,O001838,P019,88,125.93,73.49,11008.35
OI0003673,O001838,P021,51,215.58,963.03,10031.55
OI0003674,O001839,P020,66,227.51,161.22,14854.44
OI0003675,O001839,P024,104,212.31,2058.21,20022.03
OI0003676,O001839,P019,120,137.07,834.37,15614.03
OI0003677,O001840,P020,66,246.94,1101.96,15196.08
OI0003678,O001840,P024,46,213.68,128.52,9700.76
OI0003679,O001841,P021,48,207.84,341.31,9635.01
OI0003680,O001841,P024,112,221.4,98.33,24698.47
OI0003681,O001842,P019,34,143.85,243.69,4647.21
OI0003682,O001842,P020,71,226.26,1458.48,14605.98
OI0003683,O001842,P021,42,208.12,232.57,8508.47
OI0003684,O001843,P030,102,162.85,439.48,16171.22
OI0003685,O001843,P030,99,158.51,1814.87,13877.62
OI0003686,O001844,P028,103,109.73,168.59,11133.6
OI0003687,O001844,P027,56,92.08,588.34,4568.14
OI0003688,O001845,P006,13,1220.61,100.01,15767.92
OI0003689,O001845,P002,55,1744.08,8702.24,87222.16
OI0003690,O001846,P003,37,846.97,1911.61,29426.28
OI0003691,O001847,P006,30,1163.28,3313.41,31584.99
OI0003692,O001847,P002,101,1820.83,5741.1,178162.73
OI0003693,O001847,P004,43,1589.39,6041.73,62302.04
OI0003694,O001848,P006,66,1177.96,6413.85,71331.51
OI0003695,O001848,P005,74,905.66,2036.33,64982.51
OI0003696,O001849,P002,87,1760.1,5773.03,147355.67
OI0003697,O001849,P002,80,1989.58,10469.43,148696.97
OI0003698,O001849,P005,41,1049.12,1528.89,41485.03
OI0003699,O001850,P011,29,2234.02,6841.83,57944.75
OI0003700,O001850,P010,115,1710.38,10860.07,185833.63
OI0003701,O001850,P008,84,1323.14,1003.49,110140.27
OI0003702,O001851,P008,52,1485.29,5123.64,72111.44
OI0003703,O001852,P007,7,1522.78,199.71,10459.75
OI0003704,O001853,P017,88,309.63,1647.01,25600.43
OI0003705,O001853,P014,95,178.02,68.79,16843.11
OI0003706,O001853,P018,75,284.71,2445.74,18907.51
OI0003707,O001854,P017,25,276.45,396.64,6514.61
OI0003708,O001854,P013,114,187.3,1979.83,19372.37
OI0003709,O001855,P014,51,176.73,475.24,8537.99
OI0003710,O001855,P014,58,196.95,1167.67,10255.43
OI0003711,O001856,P017,54,285.24,1832.26,13570.7
OI0003712,O001856,P014,118,190.68,2422.98,20077.26
OI0003713,O001856,P014,40,190.3,835.73,6776.27
OI0003714,O001857,P023,34,227.66,185.81,7554.63
OI0003715,O001857,P024,94,195.1,74.43,18264.97
OI0003716,O001858,P022,61,222.56,209.89,13366.27
OI0003717,O001858,P021,38,236.82,775.87,8223.29
OI0003718,O001858,P024,93,209.13,1763.32,17685.77
OI0003719,O001859,P022,42,223.9,110.68,9293.12
OI0003720,O001859,P020,26,242.64,98.09,6210.55
OI0003721,O001859,P020,31,222.3,303.78,6587.52
OI0003722,O001860,P026,17,169.3,312.87,2565.23
OI0003723,O001860,P029,112,133.7,1277.92,13696.48
OI0003724,O001860,P029,29,124.6,96.73,3516.67
OI0003725,O001861,P002,24,1964.14,5606.77,41532.59
OI0003726,O001862,P001,62,1503.02,5215.76,87971.48
OI0003727,O001862,P001,69,1630.28,7803.12,104686.2
OI0003728,O001862,P001,17,1480.23,1172.3,23991.61
OI0003729,O001863,P005,109,974.55,8904.98,97320.97
OI0003730,O001864,P001,88,1609.4,2948.3,138678.9
OI0003731,O001864,P005,74,927.9,4738.42,63926.18
OI0003732,O001864,P001,23,1625.88,2900.59,34494.65
OI0003733,O001865,P003,23,846.02,409.48,19048.98
OI0003734,O001865,P005,15,909.81,1230.62,12416.53
OI0003735,O001866,P004,58,1515.84,10531.66,77387.06
OI0003736,O001867,P011,21,2257.68,1769.07,45642.21
OI0003737,O001867,P008,58,1368.11,4967.43,74382.95
OI0003738,O001868,P007,93,1495.13,15533.09,123514.0
OI0003739,O001868,P008,46,1503.28,6063.58,63087.3
OI0003740,O001868,P012,55,1952.48,10298.99,97087.41
OI0003741,O001869,P012,24,1934.04,909.83,45507.13
OI0003742,O001870,P014,101,198.16,268.43,19745.73
OI0003743,O001871,P015,55,260.95,1223.05,13129.2
OI0003744,O001872,P017,60,287.2,772.64,16459.36
OI0003745,O001872,P018,51,262.99,554.21,12858.28
OI0003746,O001873,P015,115,269.95,2370.02,28674.23
OI0003747,O001873,P013,33,200.11,449.93,6153.7
OI0003748,O001873,P016,74,128.9,279.71,9258.89
OI0003749,O001874,P022,97,228.51,791.19,21374.28
OI0003750,O001875,P024,73,204.47,1671.29,13255.02
OI0003751,O001875,P021,109,237.08,2599.86,23241.86
OI0003752,O001876,P029,27,121.49,23.49,3256.74
OI0003753,O001876,P030,34,147.18,458.38,4545.74
OI0003754,O001877,P004,64,1599.6,11474.01,90900.39
OI0003755,O001877,P006,83,1149.89,10695.75,84745.12
OI0003756,O001877,P002,84,1993.33,9750.29,157689.43
OI0003757,O001878,P001,38,1687.0,4050.2,60055.8
OI0003758,O001878,P002,49,1818.6,651.54,88459.86
OI0003759,O001879,P001,75,1523.46,1454.69,112804.81
OI0003760,O001879,P004,42,1513.29,4495.14,59063.04
OI0003761,O001879,P001,90,1580.01,10329.79,131871.11
OI0003762,O001880,P006,118,1225.81,2506.6,142138.98
OI0003763,O001881,P002,38,1973.96,1925.22,73085.26
OI0003764,O001882,P003,16,897.03,271.95,14080.53
OI0003765,O001883,P002,23,1789.23,3464.78,37687.51
OI0003766,O001883,P005,18,914.19,1974.17,14481.25
OI0003767,O001883,P003,49,869.63,1007.03,41604.84
OI0003768,O001884,P006,26,1260.67,1157.57,31619.85
OI0003769,O001885,P005,66,922.43,1251.61,59628.77
OI0003770,O001886,P006,68,1273.34,8138.06,78449.06
OI0003771,O001886,P006,87,1154.31,6903.64,93521.33
OI0003772,O001887,P007,113,1722.64,4607.23,190051.09
OI0003773,O001888,P012,46,1964.15,2038.57,88312.33
OI0003774,O001889,P011,85,2260.92,3198.6,188979.6
OI0003775,O001889,P009,23,2175.99,1102.72,48945.05
OI0003776,O001889,P010,94,1717.97,4120.75,157368.43
OI0003777,O001890,P008,5,1536.32,715.82,6965.78
OI0003778,O001890,P007,70,1678.62,4750.58,112752.82
OI0003779,O001891,P012,22,2105.44,731.23,45588.45
OI0003780,O001892,P011,53,2281.81,7935.78,113000.15
OI0003781,O001892,P011,81,2086.44,13972.1,155029.54
OI0003782,O001893,P013,12,197.02,240.02,2124.22
OI0003783,O001893,P013,57,190.25,49.14,10795.11
OI0003784,O001894,P014,114,192.3,2239.3,19682.9
OI0003785,O001894,P018,85,258.9,2122.52,19883.98
OI0003786,O001895,P018,68,253.11,1084.31,16127.17
OI0003787,O001896,P018,23,258.17,186.36,5751.55
OI0003788,O001896,P015,105,284.84,3081.04,26827.16
OI0003789,O001896,P013,30,196.28,563.33,5325.07
OI0003790,O001897,P017,27,301.42,708.55,7429.79
OI0003791,O001897,P018,21,276.68,323.47,5486.81
OI0003792,O001897,P016,100,119.67,436.08,11530.92
OI0003793,O001898,P015,6,279.69,51.26,1626.88
OI0003794,O001899,P018,117,261.7,2050.14,28568.76
OI0003795,O001900,P014,68,181.87,492.28,11874.88
OI0003796,O001901,P019,106,139.41,636.89,14140.57
OI0003797,O001901,P020,77,243.63,1496.71,17262.8
OI0003798,O001901,P024,100,204.72,1501.44,18970.56
OI0003799,O001902,P024,65,206.79,59.29,13382.06
OI0003800,O001903,P020,40,242.55,102.72,9599.28
OI0003801,O001903,P023,75,214.85,164.89,15948.86
OI0003802,O001903,P019,6,133.65,2.94,798.96
OI0003803,O001904,P024,80,226.48,2020.1,16098.3
OI0003804,O001904,P023,18,207.91,146.71,3595.67
OI0003805,O001905,P022,35,219.81,843.98,6849.37
OI0003806,O001905,P022,43,207.47,944.4,7976.81
OI0003807,O001905,P021,56,235.63,315.6,12879.68
OI0003808,O001906,P028,27,124.04,253.74,3095.34
OI0003809,O001907,P025,81,215.12,1255.72,16169.0
OI0003810,O001907,P030,88,151.93,869.7,12500.14
OI0003811,O001908,P003,83,799.75,6687.74,59691.51
OI0003812,O001908,P005,82,911.09,6386.09,68323.29
OI0003813,O001908,P003,14,907.17,482.69,12217.69
OI0003814,O001909,P003,35,869.56,2069.03,28365.57
OI0003815,O001910,P001,120,1558.67,4164.46,182875.94
OI0003816,O001911,P001,89,1484.56,12948.18,119177.66
OI0003817,O001911,P001,84,1640.61,11122.69,126688.55
OI0003818,O001911,P001,107,1614.97,4858.57,167943.22
OI0003819,O001912,P003,99,927.62,1453.69,90380.69
OI0003820,O001913,P005,59,988.3,1377.81,56931.89
OI0003821,O001913,P002,101,1992.7,16207.59,185055.11
OI0003822,O001914,P006,50,1182.04,1946.56,57155.44
OI0003823,O001914,P004,90,1412.42,11424.67,115693.13
OI0003824,O001915,P006,21,1147.17,2395.83,21694.74
OI0003825,O001915,P003,64,866.91,2895.57,52586.67
OI0003826,O001916,P005,95,904.21,9090.69,76809.26
OI0003827,O001917,P003,99,890.64,6372.74,81800.62
OI0003828,O001918,P004,64,1596.77,6581.45,95611.83
OI0003829,O001918,P002,14,1885.47,1904.52,24492.06
OI0003830,O001918,P006,108,1230.87,9582.73,123351.23
OI0003831,O001919,P004,48,1618.91,8739.46,68968.22
OI0003832,O001919,P006,23,1238.24,953.92,27525.6
OI0003833,O001919,P004,23,1495.82,223.84,34180.02
OI0003834,O001920,P012,104,1975.68,4405.99,201064.73
OI0003835,O001920,P011,61,2140.02,593.79,129947.43
OI0003836,O001921,P010,51,1707.56,1754.57,85330.99
OI0003837,O001921,P010,16,1778.5,1952.43,26503.57
OI0003838,O001922,P011,50,2012.63,2467.27,98164.23
OI0003839,O001923,P008,100,1469.07,12594.78,134312.22
OI0003840,O001923,P007,61,1535.96,7842.86,85850.7
OI0003841,O001923,P009,108,2085.68,7922.77,217330.67
OI0003842,O001924,P008,77,1540.14,10791.8,107798.98
OI0003843,O001924,P011,114,2233.45,15949.56,238663.74
OI0003844,O001925,P012,5,2089.67,679.34,9769.01
OI0003845,O001925,P007,117,1590.78,957.36,185163.9
OI0003846,O001925,P007,42,1533.39,1388.04,63014.34
OI0003847,O001926,P011,57,2082.91,1276.34,117449.53
OI0003848,O001926,P007,37,1709.91,4467.97,58798.7
OI0003849,O001926,P011,85,2202.92,16746.13,170502.07
OI0003850,O001927,P016,84,128.24,944.85,9827.31
OI0003851,O001928,P013,17,206.81,60.12,3455.65
OI0003852,O001929,P017,54,293.78,133.82,15730.3
OI0003853,O001929,P017,118,292.57,1582.47,32940.79
OI0003854,O001929,P018,21,280.05,501.58,5379.47
OI0003855,O001930,P018,43,288.21,1065.72,11327.31
OI0003856,O001930,P016,97,117.11,83.24,11276.43
OI0003857,O001931,P018,83,273.44,2250.29,20445.23
OI0003858,O001931,P014,110,195.48,386.69,21116.11
OI0003859,O001932,P017,11,290.3,325.95,2867.35
OI0003860,O001933,P016,67,127.9,533.86,8035.44
OI0003861,O001934,P021,93,208.01,1244.07,18100.86
OI0003862,O001934,P019,23,128.0,186.52,2757.48
OI0003863,O001934,P019,76,125.27,959.42,8561.1
OI0003864,O001935,P021,59,213.85,772.84,11844.31
OI0003865,O001936,P019,7,129.01,21.18,881.89
OI0003866,O001937,P020,110,225.58,2957.0,21856.8
OI0003867,O001937,P023,110,201.07,1008.24,21109.46
OI0003868,O001937,P022,89,237.58,2229.21,18915.41
OI0003869,O001938,P024,77,222.28,585.45,16530.11
OI0003870,O001938,P023,114,213.16,2693.82,21606.42
OI0003871,O001938,P021,88,219.26,2133.76,17161.12
OI0003872,O001939,P024,20,213.71,410.06,3864.14
OI0003873,O001940,P025,71,187.46,1478.25,11831.41
OI0003874,O001941,P030,105,150.97,944.89,14906.96
OI0003875,O001941,P029,45,118.66,409.05,4930.65
OI0003876,O001941,P028,31,114.43,411.09,3136.24
OI0003877,O001942,P002,59,1813.42,9754.39,97237.39
OI0003878,O001943,P005,49,985.27,421.47,47856.76
OI0003879,O001944,P006,110,1249.0,13753.78,123636.22
OI0003880,O001945,P001,60,1462.05,10033.5,77689.5
OI0003881,O001946,P012,100,1996.76,12105.9,187570.1
OI0003882,O001946,P008,21,1540.97,3499.63,28860.74
OI0003883,O001947,P007,86,1728.12,6833.22,141785.1
OI0003884,O001948,P011,109,2045.7,26423.36,196557.94
OI0003885,O001948,P011,49,2307.66,10938.01,102137.33
OI0003886,O001948,P011,15,2159.25,3049.82,29338.93
OI0003887,O001949,P018,23,280.46,315.91,6134.67
OI0003888,O001950,P017,87,271.25,1921.3,21677.45
OI0003889,O001950,P018,49,256.51,173.78,12395.21
OI0003890,O001950,P017,74,289.26,156.31,21248.93
OI0003891,O001951,P014,49,197.98,112.18,9588.84
OI0003892,O001951,P016,101,116.87,221.66,11582.21
OI0003893,O001952,P019,8,125.67,90.85,914.51
OI0003894,O001952,P021,44,240.55,91.48,10492.72
OI0003895,O001952,P020,32,249.65,862.47,7126.33
OI0003896,O001953,P023,115,233.14,964.45,25846.65
OI0003897,O001954,P003,85,921.18,6152.38,72147.92
OI0003898,O001954,P004,80,1547.72,2952.2,120865.4
OI0003899,O001954,P004,96,1610.16,7415.04,147160.32
OI0003900,O001955,P002,46,1951.18,5976.24,83778.04
OI0003901,O001955,P002,89,1775.63,18002.43,140028.64
OI0003902,O001955,P006,84,1300.71,9978.09,99281.55
OI0003903,O001956,P004,31,1592.2,5069.92,44288.28
OI0003904,O001956,P002,50,1992.85,727.81,98914.69
OI0003905,O001956,P003,71,877.44,4887.19,57411.05
OI0003906,O001957,P004,76,1443.75,1329.47,108395.53
OI0003907,O001957,P001,106,1593.89,17527.2,151425.14
OI0003908,O001958,P006,28,1203.8,1668.22,32038.18
OI0003909,O001958,P004,33,1483.61,77.32,48881.81
OI0003910,O001959,P005,113,977.03,4218.67,106185.72
OI0003911,O001959,P004,42,1528.57,6014.61,58185.33
OI0003912,O001959,P005,87,951.83,2490.39,80318.82
OI0003913,O001960,P010,119,1631.62,22843.94,171318.84
OI0003914,O001960,P010,60,1579.29,335.59,94421.81
OI0003915,O001961,P009,29,2220.44,67.81,64324.95
OI0003916,O001961,P012,95,2081.59,2849.02,194902.03
OI0003917,O001962,P007,75,1729.68,6239.86,123486.14
OI0003918,O001963,P011,116,2211.38,22778.46,233741.62
OI0003919,O001963,P010,41,1674.14,4578.21,64061.53
OI0003920,O001963,P011,88,2225.21,7258.91,188559.57
OI0003921,O001964,P014,35,199.55,572.7,6411.55
OI0003922,O001965,P015,41,256.47,100.01,10415.26
OI0003923,O001965,P018,57,287.63,643.99,15750.92
OI0003924,O001966,P015,97,271.11,1900.43,24397.24
OI0003925,O001966,P014,22,187.43,333.89,3789.57
OI0003926,O001966,P017,10,294.96,7.91,2941.69
OI0003927,O001967,P014,56,177.56,303.23,9640.13
OI0003928,O001967,P016,17,118.05,47.06,1959.79
OI0003929,O001967,P016,40,120.61,12.21,4812.19
OI0003930,O001968,P014,117,174.71,475.82,19965.25
OI0003931,O001968,P014,42,174.9,559.07,6786.73
OI0003932,O001968,P014,23,177.36,304.94,3774.34
OI0003933,O001969,P020,67,235.65,1723.27,14065.28
OI0003934,O001970,P024,43,214.96,1109.13,8134.15
OI0003935,O001970,P019,38,128.92,438.22,4460.74
OI0003936,O001970,P023,21,203.56,222.39,4052.37
OI0003937,O001971,P023,30,215.81,580.06,5894.24
OI0003938,O001972,P026,16,169.18,295.92,2410.96
OI0003939,O001972,P029,118,133.0,1698.53,13995.47
OI0003940,O001973,P005,15,1009.05,1545.53,13590.22
OI0003941,O001973,P004,32,1485.48,2880.46,44654.9
OI0003942,O001974,P002,103,1758.46,15773.21,165348.17
OI0003943,O001974,P005,44,931.58,2646.67,38342.85
OI0003944,O001975,P005,119,1005.74,7431.69,112251.37
OI0003945,O001975,P003,72,826.53,6863.21,52646.95
OI0003946,O001975,P006,5,1264.9,285.66,6038.84
OI0003947,O001976,P001,79,1610.78,6748.49,120503.13
OI0003948,O001976,P005,27,1021.36,415.21,27161.51
OI0003949,O001976,P003,29,922.22,1628.62,25115.76
OI0003950,O001977,P001,46,1663.58,8943.6,67581.08
OI0003951,O001977,P005,53,928.32,3635.79,45565.17
OI0003952,O001978,P003,59,801.31,1211.02,46066.27
OI0003953,O001979,P002,100,1816.96,18460.19,163235.81
OI0003954,O001980,P002,89,1758.38,8729.82,147766.0
OI0003955,O001980,P003,43,907.92,3555.63,35484.93
OI0003956,O001980,P005,63,947.68,1897.5,57806.34
OI0003957,O001981,P002,51,1733.66,6135.81,82280.85
OI0003958,O001981,P004,92,1541.46,13176.89,128637.43
OI0003959,O001982,P001,50,1688.65,7976.98,76455.52
OI0003960,O001983,P004,20,1576.04,2505.61,29015.19
OI0003961,O001983,P006,45,1195.24,5212.85,48572.95
OI0003962,O001984,P006,53,1257.11,7980.34,58646.49
OI0003963,O001984,P003,90,907.28,3565.97,78089.23
OI0003964,O001985,P012,105,1995.34,3060.25,206450.45
OI0003965,O001985,P007,68,1626.99,9668.55,100966.77
OI0003966,O001985,P010,61,1673.38,1487.48,100588.7
OI0003967,O001986,P009,110,2047.49,10762.8,214461.1
OI0003968,O001986,P011,78,2241.39,11351.09,163477.33
OI0003969,O001987,P012,101,1900.95,10642.21,181353.74
OI0003970,O001987,P009,105,1925.81,14314.74,187895.31
OI0003971,O001987,P012,43,1923.81,141.71,82582.12
OI0003972,O001988,P011,92,2331.18,13591.22,200877.34
OI0003973,O001988,P012,116,1946.85,12467.7,213366.9
OI0003974,O001989,P010,5,1724.44,981.21,7640.99
OI0003975,O001989,P007,93,1714.0,13076.18,146325.82
OI0003976,O001989,P009,15,1981.71,3282.28,26443.37
OI0003977,O001990,P010,56,1587.78,10238.18,78677.5
OI0003978,O001990,P012,109,2147.05,16414.43,217614.02
OI0003979,O001991,P010,27,1666.58,1301.85,43695.81
OI0003980,O001992,P012,84,2175.23,6989.53,175729.79
OI0003981,O001993,P013,98,187.69,770.26,17623.36
OI0003982,O001994,P015,56,254.62,1577.71,12681.01
OI0003983,O001994,P015,71,278.62,1685.26,18096.76
OI0003984,O001994,P014,76,194.71,907.11,13890.85
OI0003985,O001995,P013,43,200.06,767.47,7835.11
OI0003986,O001996,P018,60,278.79,1860.96,14866.44
OI0003987,O001997,P017,114,280.62,2854.15,29136.53
OI0003988,O001997,P016,82,114.5,780.78,8608.22
OI0003989,O001998,P017,119,272.02,1784.51,30585.87
OI0003990,O001998,P014,115,200.97,2062.7,21048.85
OI0003991,O001998,P014,10,180.67,43.11,1763.59
OI0003992,O001999,P017,41,306.22,495.8,12059.22
OI0003993,O001999,P018,104,275.57,955.18,27704.1
OI0003994,O002000,P013,30,196.79,51.83,5851.87
OI0003995,O002001,P014,32,199.58,496.89,5889.67
OI0003996,O002001,P013,68,198.59,747.47,12756.65
OI0003997,O002001,P018,38,277.44,43.16,10499.56
OI0003998,O002002,P016,27,120.48,148.5,3104.46
OI0003999,O002003,P014,73,188.58,861.87,12904.47
OI0004000,O002003,P014,93,176.86,1505.86,14942.12
OI0004001,O002004,P023,38,229.57,604.62,8119.04
OI0004002,O002004,P024,5,195.13,19.48,956.17
OI0004003,O002004,P022,38,207.43,149.78,7732.56
OI0004004,O002005,P023,103,233.36,10.76,24025.32
OI0004005,O002005,P024,49,223.66,1051.41,9907.93
OI0004006,O002005,P024,38,196.43,155.93,7308.41
OI0004007,O002006,P021,110,221.98,2426.51,21991.29
OI0004008,O002007,P023,26,225.65,381.27,5485.63
OI0004009,O002007,P022,111,220.34,1655.46,22802.28
OI0004010,O002008,P023,68,204.08,1348.51,12528.93
OI0004011,O002009,P024,75,223.67,1865.08,14910.17
OI0004012,O002009,P019,12,144.43,29.16,1704.0
OI0004013,O002009,P022,81,210.85,431.15,16647.7
OI0004014,O002010,P019,12,124.58,118.36,1376.6
OI0004015,O002010,P023,66,223.95,791.11,13989.59
OI0004016,O002010,P019,80,141.08,343.13,10943.27
OI0004017,O002011,P029,60,131.56,202.99,7690.61
OI0004018,O002012,P030,73,143.77,381.7,10113.51
OI0004019,O002013,P026,36,171.36,448.3,5720.66
OI0004020,O002014,P001,34,1635.35,697.35,54904.55
OI0004021,O002015,P001,119,1599.35,17572.5,172750.15
OI0004022,O002016,P004,104,1637.79,4239.85,166090.31
OI0004023,O002016,P004,101,1439.12,2697.98,142653.14
OI0004024,O002017,P003,86,883.21,7446.11,68509.95
OI0004025,O002018,P004,100,1577.64,5489.31,152274.69
OI0004026,O002019,P006,115,1170.74,5695.66,128939.44
OI0004027,O002019,P001,93,1631.18,11566.88,140132.86
OI0004028,O002019,P002,96,1944.68,8736.58,177952.7
OI0004029,O002020,P005,97,979.59,10556.28,84463.95
OI0004030,O002021,P006,81,1273.93,6728.74,96459.59
OI0004031,O002021,P001,70,1477.5,9127.72,94297.28
OI0004032,O002021,P004,59,1450.81,8324.12,77273.67
OI0004033,O002022,P003,105,906.15,6941.12,88204.63
OI0004034,O002022,P001,110,1479.52,4552.75,158194.45
OI0004035,O002022,P001,57,1538.73,6873.5,80834.11
OI0004036,O002023,P002,110,1727.13,9893.94,180090.36
OI0004037,O002024,P006,46,1127.71,4203.24,47671.42
OI0004038,O002024,P005,95,970.12,10305.71,81855.69
OI0004039,O002025,P001,64,1549.69,6388.15,92792.01
OI0004040,O002025,P001,33,1557.41,5355.72,46038.81
OI0004041,O002025,P002,30,1872.49,2339.61,53835.09
OI0004042,O002026,P005,112,935.06,11951.66,92775.06
OI0004043,O002027,P005,42,1049.79,3457.57,40633.61
OI0004044,O002027,P004,103,1444.74,14256.59,134551.63
OI0004045,O002027,P005,104,1001.26,1771.09,102359.95
OI0004046,O002028,P012,31,1932.86,451.58,59467.08
OI0004047,O002029,P008,106,1386.51,1484.0,145486.06
OI0004048,O002030,P007,101,1654.37,13078.62,154012.75
OI0004049,O002030,P008,80,1357.48,3207.32,105391.08
OI0004050,O002030,P012,36,1926.18,5313.7,64028.78
OI0004051,O002031,P008,107,1403.44,6710.07,143458.01
OI0004052,O002031,P008,22,1335.42,2873.28,26505.96
OI0004053,O002032,P010,77,1600.58,12015.47,111229.19
OI0004054,O002032,P011,75,2280.97,1518.36,169554.39
OI0004055,O002033,P011,26,2022.82,3533.53,49059.79
OI0004056,O002033,P012,35,2126.3,8431.37,65989.13
OI0004057,O002033,P007,49,1619.8,7349.47,72020.73
OI0004058,O002034,P007,14,1720.11,1221.31,22860.23
OI0004059,O002034,P009,72,2187.98,17552.98,139981.58
OI0004060,O002035,P012,56,2001.15,11484.03,100580.37
OI0004061,O002035,P008,13,1539.89,737.17,19281.4
OI0004062,O002036,P016,72,129.22,802.12,8501.72
OI0004063,O002037,P016,115,120.3,1107.68,12726.82
OI0004064,O002038,P013,9,212.55,75.25,1837.7
OI0004065,O002038,P017,80,280.68,1994.08,20460.32
OI0004066,O002038,P015,57,274.8,1151.84,14511.76
OI0004067,O002039,P014,55,199.24,349.62,10608.58
OI0004068,O002039,P015,83,266.81,1671.93,20473.3
OI0004069,O002040,P016,9,130.07,139.71,1030.92
OI0004070,O002040,P015,17,251.07,224.47,4043.72
OI0004071,O002040,P013,62,205.58,1391.99,11353.97
OI0004072,O002041,P017,75,282.29,1185.67,19986.08
OI0004073,O002041,P013,120,190.14,1584.51,21232.29
OI0004074,O002042,P013,93,209.01,1794.19,17643.74
OI0004075,O002042,P018,109,288.23,2280.32,29136.75
OI0004076,O002042,P013,46,201.88,305.37,8981.11
OI0004077,O002043,P013,7,204.18,54.55,1374.71
OI0004078,O002043,P013,53,191.64,936.91,9220.01
OI0004079,O002043,P017,52,298.32,981.69,14530.95
OI0004080,O002044,P017,57,268.81,1271.72,14050.45
OI0004081,O002045,P014,62,183.21,693.07,10665.95
OI0004082,O002046,P024,111,205.97,1957.55,20905.12
OI0004083,O002047,P020,86,219.64,1508.42,17380.62
OI0004084,O002047,P019,8,129.78,87.23,951.01
OI0004085,O002047,P022,5,214.99,113.48,961.47
OI0004086,O002048,P022,25,214.63,186.04,5179.71
OI0004087,O002049,P019,39,127.59,545.6,4430.41
OI0004088,O002049,P020,11,218.26,81.48,2319.38
OI0004089,O002049,P020,97,253.23,1849.96,22713.35
OI0004090,O002050,P024,16,221.66,310.85,3235.71
OI0004091,O002051,P024,79,203.63,18.07,16068.7
OI0004092,O002051,P021,72,208.61,769.15,14250.77
OI0004093,O002052,P019,61,126.15,75.95,7619.2
OI0004094,O002052,P022,66,221.96,370.23,14279.13
OI0004095,O002053,P025,28,206.83,659.94,5131.3
OI0004096,O002053,P027,50,100.21,589.42,4421.08
OI0004097,O002054,P027,54,89.53,324.08,4510.54
OI0004098,O002055,P006,60,1270.73,8837.51,67406.29
OI0004099,O002055,P001,64,1605.5,10122.25,92629.75
OI0004100,O002055,P001,29,1654.99,769.63,47225.08
OI0004101,O002056,P004,17,1592.62,1880.02,25194.52
OI0004102,O002056,P005,120,978.96,103.48,117371.72
OI0004103,O002056,P006,111,1259.77,9929.17,129905.3
OI0004104,O002057,P002,90,1771.76,8048.71,151409.69
OI0004105,O002057,P004,94,1501.38,11715.38,129414.34
OI0004106,O002057,P006,29,1182.95,856.76,33448.79
OI0004107,O002058,P006,77,1158.38,6852.77,82342.49
OI0004108,O002058,P003,41,867.78,3642.91,31936.07
OI0004109,O002058,P005,84,942.07,7708.29,71425.59
OI0004110,O002059,P003,81,858.09,1850.53,67654.76
OI0004111,O002059,P005,19,924.49,1379.39,16185.92
OI0004112,O002059,P001,88,1546.5,4475.46,131616.54
OI0004113,O002060,P004,32,1503.86,555.49,47568.03
OI0004114,O002060,P005,119,1049.75,740.62,124179.63
OI0004115,O002061,P001,32,1541.63,4084.66,45247.5
OI0004116,O002061,P004,66,1522.56,4755.97,95732.99
OI0004117,O002062,P007,101,1538.13,16088.16,139262.97
OI0004118,O002063,P008,49,1392.42,2307.48,65921.1
OI0004119,O002063,P010,106,1572.59,16358.03,150336.51
OI0004120,O002063,P008,60,1425.98,2559.76,82999.04
OI0004121,O002064,P017,93,287.39,1827.75,24899.52
OI0004122,O002064,P014,61,196.67,1118.94,10877.93
OI0004123,O002064,P017,74,270.06,534.38,19450.06
OI0004124,O002065,P016,45,118.85,497.67,4850.58
OI0004125,O002065,P017,119,303.42,473.43,35633.55
OI0004126,O002066,P018,82,273.59,1387.03,21047.35
OI0004127,O002066,P013,94,202.42,1381.9,17645.58
OI0004128,O002067,P017,16,268.32,198.32,4094.8
OI0004129,O002067,P016,59,127.88,790.9,6754.02
OI0004130,O002067,P017,95,288.92,2213.48,25233.92
OI0004131,O002068,P017,53,309.02,1870.92,14507.14
OI0004132,O002068,P015,13,281.49,53.68,3605.69
OI0004133,O002069,P013,105,210.9,957.83,21186.67
OI0004134,O002069,P018,45,288.57,728.03,12257.62
OI0004135,O002069,P018,111,276.79,3664.72,27058.97
OI0004136,O002070,P023,84,219.22,1707.6,16706.88
OI0004137,O002071,P020,13,251.95,87.51,3187.84
OI0004138,O002071,P019,74,141.85,382.06,10114.84
OI0004139,O002071,P021,65,231.42,1134.2,13908.1
OI0004140,O002072,P021,92,222.3,127.94,20323.66
OI0004141,O002073,P025,53,214.75,851.73,10530.02
OI0004142,O002073,P026,108,157.57,1460.71,15556.85
OI0004143,O002073,P029,50,118.69,394.29,5540.21
OI0004144,O002074,P002,95,1718.34,3887.98,159354.32
OI0004145,O002074,P001,108,1608.68,15339.31,158398.13
OI0004146,O002075,P002,70,1755.06,844.48,122009.72
OI0004147,O002075,P006,45,1253.64,2094.48,54319.32
OI0004148,O002076,P001,45,1468.17,6843.4,59224.25
OI0004149,O002076,P001,25,1601.46,3386.44,36650.06
OI0004150,O002076,P002,72,1984.89,7488.36,135423.72
OI0004151,O002077,P001,76,1558.3,200.69,118230.11
OI0004152,O002077,P003,72,856.07,1709.94,59927.1
OI0004153,O002077,P002,72,1930.77,9531.78,129483.66
OI0004154,O002078,P005,109,1046.62,10218.18,103863.4
OI0004155,O002078,P001,89,1680.58,8253.09,141318.53
OI0004156,O002078,P001,8,1483.15,1148.04,10717.16
OI0004157,O002079,P006,61,1191.66,6514.46,66176.8
OI0004158,O002080,P002,49,1985.01,8911.77,88353.72
OI0004159,O002081,P012,112,2146.64,28035.28,212388.4
OI0004160,O002081,P010,88,1664.75,16262.6,130235.4
OI0004161,O002081,P012,60,1884.13,10361.61,102686.19
OI0004162,O002082,P010,102,1672.6,4232.56,166372.64
OI0004163,O002082,P009,12,2128.88,2454.88,23091.68
OI0004164,O002082,P010,101,1641.63,11545.9,154258.73
OI0004165,O002083,P008,81,1404.83,4815.39,108975.84
OI0004166,O002083,P009,43,1999.92,9139.11,76857.45
OI0004167,O002084,P011,60,2264.03,10732.65,125109.15
OI0004168,O002084,P008,48,1336.93,34.12,64138.52
OI0004169,O002084,P010,45,1572.12,410.62,70334.78
OI0004170,O002085,P012,79,2044.08,9894.01,151588.31
OI0004171,O002085,P007,54,1675.37,6075.8,84394.18
OI0004172,O002086,P014,13,177.16,143.74,2159.34
OI0004173,O002087,P014,19,183.43,163.23,3321.94
OI0004174,O002087,P013,6,206.63,146.26,1093.52
OI0004175,O002087,P017,64,300.78,121.44,19128.48
OI0004176,O002088,P013,81,208.78,1543.13,15368.05
OI0004177,O002088,P014,92,196.83,102.12,18006.24
OI0004178,O002088,P015,97,275.09,1693.2,24990.53
OI0004179,O002089,P016,36,121.28,479.98,3886.1
OI0004180,O002089,P015,70,277.42,360.58,19058.82
OI0004181,O002089,P017,95,295.26,158.54,27891.16
OI0004182,O002090,P018,73,252.24,1578.68,16834.84
OI0004183,O002090,P013,97,213.32,514.44,20177.6
OI0004184,O002091,P017,114,272.84,1070.39,30033.37
OI0004185,O002092,P021,83,240.19,2178.8,17756.97
OI0004186,O002092,P020,65,240.42,219.87,15407.43
OI0004187,O002093,P023,70,229.3,1865.4,14185.6
OI0004188,O002093,P024,115,225.24,881.24,25021.36
OI0004189,O002094,P024,22,209.43,169.65,4437.81
OI0004190,O002095,P020,98,227.82,807.77,21518.59
OI0004191,O002095,P020,112,239.72,333.6,26515.04
OI0004192,O002095,P020,9,252.34,135.36,2135.7
OI0004193,O002096,P027,85,102.98,488.18,8265.12
OI0004194,O002096,P029,96,117.11,1086.2,10156.36
OI0004195,O002096,P025,38,210.15,459.79,7525.91
OI0004196,O002097,P029,99,119.49,322.3,11507.21
OI0004197,O002097,P029,39,124.15,16.98,4824.87
OI0004198,O002097,P028,30,110.73,212.7,3109.2
OI0004199,O002098,P005,12,985.32,737.26,11086.58
OI0004200,O002099,P001,42,1642.83,36.39,68962.47
OI0004201,O002100,P003,57,861.59,4765.42,44345.21
OI0004202,O002100,P004,101,1606.53,14903.78,147355.75
OI0004203,O002100,P006,105,1187.18,1752.38,122901.52
OI0004204,O002101,P002,99,1821.02,7908.07,172372.91
OI0004205,O002102,P005,67,1038.79,1668.81,67930.12
OI0004206,O002103,P001,65,1549.75,8047.27,92686.48
OI0004207,O002103,P006,116,1167.95,2595.38,132886.82
OI0004208,O002104,P003,114,865.42,9610.53,89047.35
OI0004209,O002104,P005,108,933.52,8397.57,92422.59
OI0004210,O002105,P006,106,1140.85,4831.73,116098.37
OI0004211,O002105,P003,118,825.58,6456.81,90961.63
OI0004212,O002106,P006,108,1238.74,9581.53,124202.39
OI0004213,O002106,P001,91,1637.15,3163.89,145816.76
OI0004214,O002107,P004,114,1452.17,221.44,165325.94
OI0004215,O002107,P001,100,1458.14,13344.88,132469.12
OI0004216,O002107,P002,35,1907.97,1575.97,65202.98
OI0004217,O002108,P001,31,1479.55,2186.12,43679.93
OI0004218,O002109,P003,89,877.52,7165.22,70934.06
OI0004219,O002109,P004,16,1415.74,2700.91,19950.93
OI0004220,O002110,P003,17,857.06,880.26,13689.76
OI0004221,O002110,P005,25,926.48,2510.07,20651.93
OI0004222,O002111,P007,17,1585.49,1800.81,25152.52
OI0004223,O002112,P012,66,2183.19,4201.77,139888.77
OI0004224,O002113,P011,13,2066.81,1907.83,24960.7
OI0004225,O002114,P011,96,2232.05,6228.5,208048.3
OI0004226,O002114,P009,41,2218.71,10245.12,80721.99
OI0004227,O002114,P011,113,2184.33,20881.54,225947.75
OI0004228,O002115,P010,37,1617.25,6903.55,52934.7
OI0004229,O002115,P009,75,1973.9,1184.98,146857.52
OI0004230,O002116,P007,48,1528.21,6948.61,66405.47
OI0004231,O002116,P007,87,1539.23,14901.51,119011.5
OI0004232,O002116,P011,71,2287.57,9916.29,152501.18
OI0004233,O002117,P011,84,2261.15,6214.98,183721.62
OI0004234,O002117,P008,86,1420.97,12900.01,109303.41
OI0004235,O002118,P008,89,1353.69,7045.43,113432.98
OI0004236,O002118,P007,107,1623.26,475.44,173213.38
OI0004237,O002119,P009,31,2178.94,6551.04,60996.1
OI0004238,O002120,P008,107,1542.34,14211.4,150818.98
OI0004239,O002120,P012,74,2156.65,1230.81,158361.29
OI0004240,O002120,P010,80,1765.56,1001.84,140242.96
OI0004241,O002121,P012,50,1888.44,8323.42,86098.58
OI0004242,O002121,P008,35,1467.53,4365.68,46997.87
OI0004243,O002121,P012,5,1971.33,577.3,9279.35
OI0004244,O002122,P013,107,204.79,13.51,21899.02
OI0004245,O002122,P015,106,252.48,547.43,26215.45
OI0004246,O002122,P015,93,284.64,3046.16,23425.36
OI0004247,O002123,P013,65,207.19,363.02,13104.33
OI0004248,O002123,P016,58,118.09,624.57,6224.65
OI0004249,O002124,P018,40,284.49,930.31,10449.29
OI0004250,O002124,P013,87,213.57,1592.03,16988.56
OI0004251,O002125,P016,39,123.62,555.23,4265.95
OI0004252,O002125,P016,110,127.45,1451.98,12567.52
OI0004253,O002126,P017,80,275.3,229.66,21794.34
OI0004254,O002127,P016,68,124.06,438.56,7997.52
OI0004255,O002127,P014,65,193.33,990.0,11576.45
OI0004256,O002127,P014,14,196.5,249.62,2501.38
OI0004257,O002128,P017,88,300.64,2089.56,24366.76
OI0004258,O002128,P014,71,202.46,1211.02,13163.64
OI0004259,O002128,P014,14,202.19,284.56,2546.1
OI0004260,O002129,P016,99,120.83,488.67,11473.5
OI0004261,O002130,P014,44,177.82,785.03,7039.05
OI0004262,O002130,P013,40,200.97,234.43,7804.37
OI0004263,O002130,P013,35,200.85,148.03,6881.72
OI0004264,O002131,P016,44,122.14,165.05,5209.11
OI0004265,O002131,P017,35,283.05,544.05,9362.7
OI0004266,O002132,P018,71,272.23,1109.7,18218.63
OI0004267,O002132,P017,99,279.64,2037.31,25647.05
OI0004268,O002132,P016,67,113.96,704.32,6931.0
OI0004269,O002133,P021,88,207.54,569.16,17694.36
OI0004270,O002134,P022,64,226.32,1593.71,12890.77
OI0004271,O002135,P022,108,212.57,2159.57,20797.99
OI0004272,O002136,P024,85,222.41,682.93,18221.92
OI0004273,O002137,P023,56,211.2,512.17,11315.03
OI0004274,O002138,P024,81,207.87,145.47,16692.0
OI0004275,O002139,P029,10,134.39,129.72,1214.18
OI0004276,O002139,P030,84,145.89,595.52,11659.24
OI0004277,O002140,P027,77,98.25,420.35,7144.9
OI0004278,O002140,P027,86,93.83,565.43,7503.95
OI0004279,O002140,P030,35,164.87,566.09,5204.36
OI0004280,O002141,P026,6,170.67,25.01,999.01
OI0004281,O002141,P026,77,179.59,1362.43,12466.0
OI0004282,O002141,P028,91,111.88,644.08,9537.0
OI0004283,O002142,P002,95,1759.65,13237.1,153929.65
OI0004284,O002143,P003,101,868.71,78.75,87660.96
OI0004285,O002144,P005,37,1011.93,732.85,36708.56
OI0004286,O002144,P003,25,824.92,1948.1,18674.9
OI0004287,O002145,P003,35,905.22,2303.13,29379.57
OI0004288,O002146,P003,73,914.19,3889.66,62846.21
OI0004289,O002147,P006,108,1170.68,4299.56,122133.88
OI0004290,O002147,P002,54,1857.04,4098.63,96181.53
OI0004291,O002147,P006,46,1230.09,2489.92,54094.22
OI0004292,O002148,P002,98,1800.81,11317.72,165161.66
OI0004293,O002148,P005,106,947.37,1812.86,98608.36
OI0004294,O002149,P003,61,877.87,2560.1,50989.97
OI0004295,O002149,P003,53,846.46,567.62,44294.76
OI0004296,O002150,P003,95,821.38,2363.47,75667.63
OI0004297,O002150,P002,21,1914.26,255.77,39943.69
OI0004298,O002151,P005,61,975.22,1040.86,58447.56
OI0004299,O002151,P004,8,1543.76,907.83,11442.25
OI0004300,O002152,P004,87,1471.16,6963.65,121027.27
OI0004301,O002152,P005,19,905.63,917.67,16289.3
OI0004302,O002153,P006,56,1226.97,3806.29,64904.03
OI0004303,O002153,P001,58,1615.69,4755.59,88954.43
OI0004304,O002154,P002,94,1913.35,21367.16,158487.74
OI0004305,O002154,P001,52,1672.87,837.64,86151.6
OI0004306,O002154,P003,34,882.47,3185.37,26818.61
OI0004307,O002155,P005,30,1048.61,2911.09,28547.21
OI0004308,O002156,P006,109,1154.67,8725.84,117133.19
OI0004309,O002157,P008,96,1402.19,4278.94,130331.3
OI0004310,O002157,P007,99,1702.67,14637.01,153927.32
OI0004311,O002158,P009,79,1966.35,8563.4,146778.25
OI0004312,O002158,P012,96,2090.38,13578.92,187097.56
OI0004313,O002159,P010,102,1703.36,13552.19,160190.53
OI0004314,O002159,P010,65,1618.3,8381.62,96807.88
OI0004315,O002160,P009,58,2171.12,1192.87,124732.09
OI0004316,O002160,P010,78,1782.11,11332.48,127672.1
OI0004317,O002160,P012,80,2032.99,5403.66,157235.54
OI0004318,O002161,P011,5,2331.25,1024.02,10632.23
OI0004319,O002162,P010,93,1678.5,6523.77,149576.73
OI0004320,O002163,P007,62,1573.84,9567.72,88010.36
OI0004321,O002164,P010,31,1714.86,787.28,52373.38
OI0004322,O002164,P011,46,2186.95,2243.63,98356.07
OI0004323,O002164,P010,59,1663.47,9118.64,89026.09
OI0004324,O002165,P016,13,122.37,90.1,1500.71
OI0004325,O002165,P016,70,114.06,198.65,7785.55
OI0004326,O002165,P013,71,212.68,69.53,15030.75
OI0004327,O002166,P014,62,194.15,402.8,11634.5
OI0004328,O002167,P018,76,257.75,661.12,18927.88
OI0004329,O002168,P013,115,194.09,2445.64,19874.71
OI0004330,O002168,P016,73,121.88,386.06,8511.18
OI0004331,O002169,P017,14,284.25,188.22,3791.28
OI0004332,O002169,P013,93,188.42,2093.15,15429.91
OI0004333,O002170,P018,80,279.91,1624.76,20768.04
OI0004334,O002171,P018,34,285.18,188.05,9508.07
OI0004335,O002172,P015,100,268.61,3097.17,23763.83
OI0004336,O002172,P016,103,116.77,970.38,11056.93
OI0004337,O002173,P018,86,277.77,1071.8,22816.42
OI0004338,O002174,P024,58,196.59,982.86,10419.36
OI0004339,O002175,P020,101,253.49,2049.39,23553.1
OI0004340,O002176,P021,109,216.11,758.08,22797.91
OI0004341,O002176,P022,57,212.4,1394.36,10712.44
OI0004342,O002177,P020,70,243.82,1516.42,15550.98
OI0004343,O002177,P020,37,221.85,186.26,8022.19
OI0004344,O002178,P019,60,134.7,71.24,8010.76
OI0004345,O002178,P023,101,214.22,1038.09,20598.13
OI0004346,O002179,P021,112,237.82,2046.53,24589.31
OI0004347,O002179,P021,47,217.3,729.24,9483.86
OI0004348,O002179,P024,23,216.13,226.75,4744.24
OI0004349,O002180,P030,84,160.8,844.61,12662.59
OI0004350,O002180,P027,112,100.13,821.69,10392.87
OI0004351,O002181,P026,117,170.45,1673.99,18268.66
OI0004352,O002181,P030,18,152.1,54.68,2683.12
OI0004353,O002181,P030,66,146.0,1103.57,8532.43
OI0004354,O002182,P029,33,117.9,131.85,3758.85
OI0004355,O002182,P029,10,120.53,24.4,1180.9
OI0004356,O002183,P003,69,911.69,5411.48,57495.13
OI0004357,O002184,P005,51,1030.67,6246.12,46318.05
OI0004358,O002184,P004,110,1593.98,9187.94,166149.86
OI0004359,O002184,P005,71,1008.37,5469.79,66124.48
OI0004360,O002185,P003,99,849.58,4786.62,79321.8
OI0004361,O002185,P001,40,1528.83,1886.6,59266.6
OI0004362,O002186,P006,61,1124.43,3364.28,65225.95
OI0004363,O002186,P005,93,904.32,4351.13,79750.63
OI0004364,O002187,P001,24,1459.97,4151.26,30888.02
OI0004365,O002187,P006,113,1140.2,5723.78,123118.82
OI0004366,O002187,P002,112,1878.85,8860.83,201570.37
OI0004367,O002188,P009,88,2222.46,4218.62,191357.86
OI0004368,O002189,P009,41,2141.7,10470.82,77338.88
OI0004369,O002189,P007,87,1499.07,5916.74,124502.35
OI0004370,O002190,P009,17,2075.52,1024.88,34258.96
OI0004371,O002190,P008,114,1440.76,6463.95,157782.69
OI0004372,O002190,P007,54,1669.19,2584.56,87551.7
OI0004373,O002191,P017,37,268.56,247.03,9689.69
OI0004374,O002191,P014,76,178.88,724.52,12870.36
OI0004375,O002191,P014,16,200.4,323.86,2882.54
OI0004376,O002192,P015,13,270.49,290.12,3226.25
OI0004377,O002192,P014,14,176.44,64.68,2405.48
OI0004378,O002193,P017,63,281.71,341.88,17405.85
OI0004379,O002194,P017,97,305.78,1501.8,28158.86
OI0004380,O002194,P018,14,279.75,79.13,3837.37
OI0004381,O002195,P016,59,128.95,568.63,7039.42
OI0004382,O002195,P018,25,276.55,421.75,6492.0
OI0004383,O002195,P014,111,186.94,349.7,20400.64
OI0004384,O002196,P021,118,230.07,1188.43,25959.83
OI0004385,O002197,P022,81,235.95,2155.95,16956.0
OI0004386,O002197,P024,108,203.75,962.3,21042.7
OI0004387,O002198,P022,66,221.46,1472.42,13143.94
OI0004388,O002198,P022,85,208.95,1165.43,16595.32
OI0004389,O002199,P028,82,112.02,627.88,8557.76
OI0004390,O002199,P026,27,166.15,376.99,4109.06
OI0004391,O002200,P004,106,1440.17,3981.91,148676.11
OI0004392,O002200,P004,119,1637.35,1261.92,193582.73
OI0004393,O002200,P002,40,1907.62,1783.05,74521.75
OI0004394,O002201,P002,7,1806.16,236.43,12406.69
OI0004395,O002201,P005,52,1000.01,1346.69,50653.83
OI0004396,O002201,P001,38,1588.77,7225.87,53147.39
OI0004397,O002202,P001,76,1534.94,9320.81,107334.63
OI0004398,O002202,P004,119,1615.27,12134.16,180082.97
OI0004399,O002203,P005,83,937.98,2832.32,75020.02
OI0004400,O002203,P006,119,1180.78,16748.31,123764.51
OI0004401,O002203,P002,99,1828.08,15040.21,165939.71
OI0004402,O002204,P004,23,1508.14,1549.26,33137.96
OI0004403,O002204,P005,33,983.44,301.58,32151.94
OI0004404,O002205,P001,65,1668.7,3766.2,104699.3
OI0004405,O002206,P004,65,1636.26,3498.89,102858.01
OI0004406,O002206,P001,115,1519.31,19773.94,154946.71
OI0004407,O002206,P003,105,837.96,1804.34,86181.46
OI0004408,O002207,P003,34,881.51,2478.17,27493.17
OI0004409,O002208,P003,76,813.43,3972.98,57847.7
OI0004410,O002208,P004,15,1516.32,1307.26,21437.54
OI0004411,O002208,P003,40,875.34,2751.58,32262.02
OI0004412,O002209,P012,15,1951.01,395.22,28869.93
OI0004413,O002209,P010,22,1642.2,4299.99,31828.41
OI0004414,O002209,P007,18,1610.47,315.02,28673.44
OI0004415,O002210,P010,48,1687.65,1528.26,79478.94
OI0004416,O002210,P009,92,1991.4,3753.18,179455.62
OI0004417,O002210,P007,37,1652.74,5361.73,55789.65
OI0004418,O002211,P010,82,1702.8,13527.01,126102.59
OI0004419,O002211,P009,49,2093.95,12282.53,90321.02
OI0004420,O002211,P011,22,2239.73,821.29,48452.77
OI0004421,O002212,P007,29,1594.49,4590.08,41650.13
OI0004422,O002212,P009,107,2153.64,1071.14,229368.34
OI0004423,O002213,P007,92,1554.74,443.51,142592.57
OI0004424,O002213,P009,104,2139.76,9560.85,212974.19
OI0004425,O002214,P014,7,199.2,132.67,1261.73
OI0004426,O002214,P016,111,131.93,77.69,14566.54
OI0004427,O002214,P013,17,205.56,117.35,3377.17
OI0004428,O002215,P013,102,205.79,2404.99,18585.59
OI0004429,O002215,P014,14,196.21,14.87,2732.07
OI0004430,O002215,P013,59,212.93,1155.13,11407.74
OI0004431,O002216,P013,116,202.48,2776.93,20710.75
OI0004432,O002217,P013,74,189.96,1513.42,12543.62
OI0004433,O002217,P017,56,268.71,1348.09,13699.67
OI0004434,O002217,P014,73,190.14,969.63,12910.59
OI0004435,O002218,P018,74,257.81,824.13,18253.81
OI0004436,O002219,P022,77,234.49,1367.6,16688.13
OI0004437,O002219,P019,5,125.03,63.03,562.12
OI0004438,O002219,P022,66,211.46,1652.17,12304.19
OI0004439,O002220,P023,34,230.47,467.97,7368.01
OI0004440,O002221,P019,65,128.24,339.3,7996.3
OI0004441,O002221,P021,120,219.91,2449.46,23939.74
OI0004442,O002222,P024,110,212.53,2065.12,21313.18
OI0004443,O002222,P022,114,224.55,1983.53,23615.17
OI0004444,O002222,P020,114,235.55,457.68,26395.02
OI0004445,O002223,P020,92,243.99,2515.72,19931.36
OI0004446,O002223,P024,90,207.59,1787.69,16895.41
OI0004447,O002223,P021,98,223.85,2514.89,19422.41
OI0004448,O002224,P026,76,175.76,1315.18,12042.58
OI0004449,O002224,P027,30,99.66,78.56,2911.24
OI0004450,O002224,P029,105,120.87,159.62,12531.73
OI0004451,O002225,P025,45,196.97,232.79,8630.86
OI0004452,O002225,P026,49,169.69,921.54,7393.27
OI0004453,O002226,P003,98,904.04,4558.96,84036.96
OI0004454,O002227,P001,91,1521.65,7195.73,131274.42
OI0004455,O002227,P002,41,1804.8,7666.01,66330.79
OI0004456,O002228,P003,61,859.11,5761.92,46643.79
OI0004457,O002229,P003,44,825.06,590.48,35712.16
OI0004458,O002229,P006,5,1258.72,118.28,6175.32
OI0004459,O002230,P004,57,1630.38,2908.4,90023.26
OI0004460,O002230,P006,41,1159.75,1591.11,45958.64
OI0004461,O002231,P004,88,1565.5,3120.83,134643.17
OI0004462,O002232,P002,114,1716.18,6225.71,189418.81
OI0004463,O002232,P002,82,1849.68,2739.17,148934.59
OI0004464,O002233,P003,38,905.06,1346.11,33046.17
OI0004465,O002233,P003,80,857.49,6928.85,61670.35
OI0004466,O002234,P006,109,1216.84,7131.95,125503.61
OI0004467,O002234,P005,111,1019.4,6036.09,107117.31
OI0004468,O002235,P005,108,911.04,9938.65,88453.67
OI0004469,O002235,P005,24,1011.82,1683.68,22600.0
OI0004470,O002235,P006,22,1215.46,1549.67,25190.45
OI0004471,O002236,P004,73,1411.86,8177.83,94887.95
OI0004472,O002237,P012,55,2064.56,3513.55,110037.25
OI0004473,O002237,P010,117,1670.89,2019.26,193474.87
OI0004474,O002237,P009,50,2122.8,8838.11,97301.89
OI0004475,O002238,P008,98,1486.97,12281.98,133441.08
OI0004476,O002238,P009,35,2170.18,4589.51,71366.79
OI0004477,O002238,P008,96,1528.27,8854.78,137859.14
OI0004478,O002239,P011,27,2104.12,1909.42,54901.82
OI0004479,O002239,P011,6,2235.22,105.57,13305.75
OI0004480,O002239,P009,6,2042.25,86.82,12166.68
OI0004481,O002240,P007,112,1558.82,17428.86,157158.98
OI0004482,O002241,P007,102,1533.1,16735.16,139641.04
OI0004483,O002242,P012,30,2161.61,1727.8,63120.5
OI0004484,O002242,P009,46,2193.94,10248.09,90673.15
OI0004485,O002243,P007,68,1702.87,1407.99,114387.17
OI0004486,O002243,P009,97,2112.39,9234.86,195666.97
OI0004487,O002244,P007,28,1630.12,5094.37,40548.99
OI0004488,O002244,P009,94,2221.05,17153.21,191625.49
OI0004489,O002244,P008,36,1485.1,3583.21,49880.39
OI0004490,O002245,P010,70,1708.66,11406.5,108199.7
OI0004491,O002245,P007,39,1546.97,825.99,59505.84
OI0004492,O002246,P015,53,269.03,1033.48,13225.11
OI0004493,O002246,P014,38,176.35,756.09,5945.21
OI0004494,O002247,P016,103,120.7,680.51,11751.59
OI0004495,O002248,P014,39,182.83,206.92,6923.45
OI0004496,O002248,P015,79,279.0,2010.35,20030.65
OI0004497,O002249,P017,100,282.68,1135.87,27132.13
OI0004498,O002249,P018,52,259.5,299.53,13194.47
OI0004499,O002249,P018,84,277.69,1687.86,21638.1
OI0004500,O002250,P018,24,255.85,98.35,6042.05
OI0004501,O002251,P014,21,197.75,428.21,3724.54
OI0004502,O002252,P018,79,277.39,2070.14,19843.67
OI0004503,O002252,P016,108,118.87,660.57,12177.39
OI0004504,O002252,P014,54,192.85,692.06,9721.84
OI0004505,O002253,P013,77,211.82,1877.69,14432.45
OI0004506,O002253,P018,114,288.42,647.92,32231.96
OI0004507,O002253,P014,11,196.18,61.69,2096.29
OI0004508,O002254,P017,16,305.37,13.56,4872.36
OI0004509,O002255,P014,53,201.69,341.93,10347.64
OI0004510,O002255,P013,56,205.78,634.9,10888.78
OI0004511,O002256,P015,19,280.08,593.85,4727.67
OI0004512,O002257,P022,64,217.3,239.57,13667.63
OI0004513,O002257,P021,63,221.16,477.04,13456.04
OI0004514,O002257,P021,28,226.38,708.86,5629.78
OI0004515,O002258,P020,73,223.07,836.23,15447.88
OI0004516,O002259,P022,68,229.0,238.87,15333.13
OI0004517,O002259,P021,98,226.74,2193.32,20027.2
OI0004518,O002260,P020,100,241.58,2043.43,22114.57
OI0004519,O002260,P019,112,129.16,1336.55,13129.37
OI0004520,O002261,P019,10,137.43,62.83,1311.47
OI0004521,O002262,P022,100,213.32,433.73,20898.27
OI0004522,O002263,P030,61,147.35,78.83,8909.52
OI0004523,O002263,P025,12,207.84,181.31,2312.77
OI0004524,O002263,P030,116,146.66,1484.12,15528.44
OI0004525,O002264,P028,13,123.36,23.86,1579.82
OI0004526,O002265,P006,57,1125.2,3431.58,60704.82
OI0004527,O002266,P002,114,1778.12,20265.66,182440.02
OI0004528,O002267,P004,115,1439.18,10129.87,155375.83
OI0004529,O002267,P004,96,1533.44,4084.46,143125.78
OI0004530,O002268,P002,109,1995.03,17866.09,199592.18
OI0004531,O002268,P004,70,1455.23,9050.84,92815.26
OI0004532,O002269,P002,55,1764.2,1908.34,95122.66
OI0004533,O002269,P001,19,1618.01,2656.46,28085.73
OI0004534,O002270,P006,14,1188.06,1078.26,15554.58
OI0004535,O002270,P001,28,1516.97,3509.04,38966.12
OI0004536,O002271,P004,12,1541.6,372.14,18127.06
OI0004537,O002272,P001,76,1690.22,4046.11,124410.61
OI0004538,O002272,P001,104,1626.23,483.35,168644.57
OI0004539,O002272,P003,119,855.65,3125.32,98697.03
OI0004540,O002273,P003,108,889.83,8505.49,87596.15
OI0004541,O002273,P003,101,869.13,7180.53,80601.6
OI0004542,O002273,P001,25,1668.51,3025.1,38687.65
OI0004543,O002274,P002,32,1911.73,2130.36,59045.0
OI0004544,O002274,P004,10,1439.04,1488.85,12901.55
OI0004545,O002274,P004,65,1499.96,5613.93,91883.47
OI0004546,O002275,P003,31,924.25,333.31,28318.44
OI0004547,O002275,P004,59,1636.17,5396.53,91137.5
OI0004548,O002275,P001,109,1614.32,10200.67,165760.21
OI0004549,O002276,P012,106,1922.43,13155.68,190621.9
OI0004550,O002276,P009,7,2132.1,842.88,14081.82
OI0004551,O002277,P010,84,1706.17,3667.85,139650.43
OI0004552,O002277,P012,53,2159.67,3227.78,111234.73
OI0004553,O002278,P010,74,1691.98,13676.58,111529.94
OI0004554,O002279,P008,6,1500.99,335.49,8670.45
OI0004555,O002279,P007,64,1551.18,8788.36,90487.16
OI0004556,O002279,P011,104,2127.62,4189.74,217082.74
OI0004557,O002280,P009,59,1907.49,2587.22,109954.69
OI0004558,O002280,P008,72,1447.42,6439.79,97774.45
OI0004559,O002280,P010,95,1689.28,5310.21,155171.39
OI0004560,O002281,P008,76,1362.53,10227.92,93324.36
OI0004561,O002282,P014,80,194.72,1775.31,13802.29
OI0004562,O002282,P017,36,303.92,346.42,10594.7
OI0004563,O002282,P013,9,200.0,160.05,1639.95
OI0004564,O002283,P014,84,186.87,634.26,15062.82
OI0004565,O002284,P014,111,200.86,1993.25,20302.21
OI0004566,O002285,P014,69,199.34,1584.17,12170.29
OI0004567,O002285,P014,112,186.02,1636.8,19197.44
OI0004568,O002286,P014,48,200.16,91.49,9516.19
OI0004569,O002286,P017,111,298.89,1120.94,32055.85
OI0004570,O002286,P018,58,273.07,357.98,15480.08
OI0004571,O002287,P016,103,113.5,651.21,11039.29
OI0004572,O002287,P015,41,251.74,629.99,9691.35
OI0004573,O002287,P014,16,189.85,280.08,2757.52
OI0004574,O002288,P013,24,204.9,4.46,4913.14
OI0004575,O002288,P017,80,307.17,372.32,24201.28
OI0004576,O002288,P014,58,186.29,1126.0,9678.82
OI0004577,O002289,P013,32,211.3,661.71,6099.89
OI0004578,O002289,P013,110,197.98,238.48,21539.32
OI0004579,O002289,P017,65,309.57,878.03,19244.02
OI0004580,O002290,P013,37,188.7,708.78,6273.12
OI0004581,O002290,P017,76,277.93,1142.55,19980.13
OI0004582,O002290,P016,107,130.84,657.91,13341.97
OI0004583,O002291,P017,91,271.29,1821.85,22865.54
OI0004584,O002291,P016,66,114.31,113.41,7431.05
OI0004585,O002291,P016,38,131.04,272.44,4707.08
OI0004586,O002292,P017,16,292.95,459.09,4228.11
OI0004587,O002292,P017,76,268.73,176.63,20246.85
OI0004588,O002292,P014,110,202.87,221.39,22094.31
OI0004589,O002293,P021,47,230.24,1054.37,9766.91
OI0004590,O002294,P022,8,212.58,109.33,1591.31
OI0004591,O002294,P023,81,228.51,1917.5,16591.81
OI0004592,O002295,P022,5,218.97,91.84,1003.01
OI0004593,O002295,P023,107,233.35,1449.27,23519.18
OI0004594,O002295,P020,119,241.36,2060.52,26661.32
OI0004595,O002296,P023,61,206.06,1275.59,11294.07
OI0004596,O002296,P022,54,208.38,1168.7,10083.82
OI0004597,O002297,P020,52,225.68,812.4,10922.96
OI0004598,O002297,P019,50,140.75,532.46,6505.04
OI0004599,O002297,P019,48,129.62,561.25,5660.51
OI0004600,O002298,P021,118,209.74,682.86,24066.46
OI0004601,O002298,P019,94,132.45,231.87,12218.43
OI0004602,O002299,P024,80,218.81,301.05,17203.75
OI0004603,O002299,P023,76,215.23,963.09,15394.39
OI0004604,O002300,P029,41,120.67,336.45,4611.02
OI0004605,O002300,P025,109,206.65,1324.47,21200.38
OI0004606,O002300,P030,109,164.87,1282.87,16687.96
OI0004607,O002301,P028,95,118.42,912.24,10337.66
OI0004608,O002302,P002,64,1718.16,9188.47,100773.77
OI0004609,O002302,P006,13,1160.33,525.2,14559.09
OI0004610,O002302,P001,102,1595.43,11894.52,150839.34
OI0004611,O002303,P001,106,1693.01,12122.65,167336.41
OI0004612,O002303,P005,21,1036.47,251.48,21514.39
OI0004613,O002303,P002,40,1979.03,8433.65,70727.55
OI0004614,O002304,P005,74,918.04,3074.12,64860.84
OI0004615,O002304,P004,39,1607.51,1453.91,61238.98
OI0004616,O002304,P002,93,1867.43,7833.74,165837.25
OI0004617,O002305,P004,49,1623.92,3516.5,76055.58
OI0004618,O002305,P002,100,1713.36,5755.94,165580.06
OI0004619,O002305,P003,49,909.84,4435.91,40146.25
OI0004620,O002306,P001,106,1560.87,18358.12,147094.1
OI0004621,O002307,P005,118,922.68,9968.7,98907.54
OI0004622,O002308,P003,113,875.01,2091.52,96784.61
OI0004623,O002309,P009,111,2097.51,15226.82,217596.79
OI0004624,O002309,P011,37,2079.4,8214.93,68722.87
OI0004625,O002310,P010,7,1734.79,1288.76,10854.77
OI0004626,O002310,P009,77,2047.57,4263.76,153399.13
OI0004627,O002310,P009,84,2002.73,2703.81,165525.51
OI0004628,O002311,P012,103,2020.57,5338.42,202780.29
OI0004629,O002311,P007,93,1500.58,6170.78,133383.16
OI0004630,O002311,P010,106,1596.69,10900.2,158348.94
OI0004631,O002312,P008,23,1539.33,810.0,34594.59
OI0004632,O002313,P017,38,294.19,985.7,10193.52
OI0004633,O002313,P016,10,118.07,138.75,1041.95
OI0004634,O002313,P015,118,284.47,1088.39,32479.07
OI0004635,O002314,P014,44,191.3,302.84,8114.36
OI0004636,O002314,P018,98,279.44,3282.84,24102.28
OI0004637,O002315,P016,8,127.95,88.49,935.11
OI0004638,O002316,P018,83,258.19,2132.53,19297.24
OI0004639,O002316,P014,107,190.98,2326.37,18108.49
OI0004640,O002316,P018,35,253.32,783.16,8083.04
OI0004641,O002317,P015,51,254.02,685.28,12269.74
OI0004642,O002318,P024,84,204.58,1337.69,15847.03
OI0004643,O002318,P022,45,234.81,72.28,10494.17
OI0004644,O002319,P021,33,223.18,28.11,7336.83
OI0004645,O002320,P028,56,119.16,86.11,6586.85
OI0004646,O002320,P026,81,155.13,1258.11,11307.42
OI0004647,O002321,P005,87,1001.17,2805.43,84296.36
OI0004648,O002322,P003,40,801.09,3127.66,28915.94
OI0004649,O002322,P003,47,885.05,4327.51,37269.84
OI0004650,O002322,P001,108,1605.73,10086.69,163332.15
OI0004651,O002323,P006,42,1141.54,3690.4,44254.28
OI0004652,O002324,P004,45,1464.33,6965.92,58928.93
OI0004653,O002324,P002,5,1723.97,374.4,8245.45
OI0004654,O002324,P004,40,1488.32,1894.51,57638.29
OI0004655,O002325,P004,105,1521.19,9889.32,149835.63
OI0004656,O002326,P005,67,1001.18,6436.45,60642.61
OI0004657,O002326,P003,43,883.71,3337.53,34662.0
OI0004658,O002327,P001,11,1628.73,1665.9,16250.13
OI0004659,O002327,P004,92,1528.16,4971.63,135619.09
OI0004660,O002327,P001,39,1544.82,739.59,59508.39
OI0004661,O002328,P009,6,1958.5,161.36,11589.64
OI0004662,O002328,P012,25,1888.04,2847.09,44353.91
OI0004663,O002329,P011,88,2286.39,3344.96,197857.36
OI0004664,O002329,P009,83,1949.81,6923.17,154911.06
OI0004665,O002329,P007,57,1597.72,340.46,90729.58
OI0004666,O002330,P009,106,2087.73,17661.06,203638.32
OI0004667,O002330,P010,39,1541.06,2520.96,57580.38
OI0004668,O002330,P008,93,1337.1,14491.4,109858.9
OI0004669,O002331,P010,111,1567.4,13508.58,160472.82
OI0004670,O002331,P008,105,1461.65,10243.89,143229.36
OI0004671,O002332,P015,94,265.36,2965.37,21978.47
OI0004672,O002333,P015,111,251.44,699.57,27210.27
OI0004673,O002333,P017,39,276.68,307.09,10483.43
OI0004674,O002333,P018,106,290.81,857.24,29968.62
OI0004675,O002334,P014,119,186.45,504.73,21682.82
OI0004676,O002334,P014,43,196.63,750.59,7704.5
OI0004677,O002335,P018,29,282.27,276.63,7909.2
OI0004678,O002336,P015,91,264.15,421.92,23615.73
OI0004679,O002336,P018,66,257.82,1989.52,15026.6
OI0004680,O002337,P017,117,271.37,1600.21,30150.08
OI0004681,O002338,P014,91,182.13,1834.65,14739.18
OI0004682,O002339,P024,71,223.94,268.24,15631.5
OI0004683,O002339,P023,26,229.27,111.72,5849.3
OI0004684,O002339,P021,8,219.93,186.13,1573.31
OI0004685,O002340,P024,73,196.2,267.1,14055.5
OI0004686,O002340,P024,50,225.34,1294.45,9972.55
OI0004687,O002341,P021,79,225.59,1886.44,15935.17
OI0004688,O002341,P024,27,219.41,37.15,5886.92
OI0004689,O002342,P027,36,102.42,36.9,3650.22
OI0004690,O002343,P005,102,969.26,5317.82,93546.7
OI0004691,O002344,P004,114,1530.62,4131.52,170359.16
OI0004692,O002345,P005,105,949.67,11328.44,88386.91
OI0004693,O002345,P004,83,1501.43,5433.16,119185.53
OI0004694,O002346,P001,82,1698.61,4978.31,134307.71
OI0004695,O002346,P003,90,885.12,7380.56,72280.24
OI0004696,O002347,P006,109,1270.72,8345.54,130162.94
OI0004697,O002347,P003,79,920.75,2985.81,69753.44
OI0004698,O002348,P002,9,1777.83,1474.02,14526.45
OI0004699,O002348,P003,53,884.31,2390.04,44478.39
OI0004700,O002349,P006,64,1170.52,2125.93,72787.35
OI0004701,O002349,P004,44,1450.26,6329.39,57482.05
OI0004702,O002350,P002,55,1816.86,4588.44,95338.86
OI0004703,O002351,P002,6,1770.54,981.12,9642.12
OI0004704,O002352,P006,79,1199.27,8260.4,86481.93
OI0004705,O002352,P004,95,1542.48,12550.63,133984.97
OI0004706,O002353,P004,50,1586.33,1108.61,78207.89
OI0004707,O002353,P005,106,927.6,1485.69,96839.91
OI0004708,O002353,P003,103,861.17,1981.72,86718.79
OI0004709,O002354,P003,28,899.46,819.61,24365.27
OI0004710,O002354,P005,47,910.37,1029.11,41758.28
OI0004711,O002355,P002,37,1894.01,1882.89,68195.48
OI0004712,O002355,P003,83,857.11,3011.71,68128.42
OI0004713,O002356,P011,73,2034.18,5082.24,143412.9
OI0004714,O002356,P012,95,2126.75,16401.39,185639.86
OI0004715,O002356,P011,33,2018.05,2137.4,64458.25
OI0004716,O002357,P008,37,1506.46,2172.87,53566.15
OI0004717,O002357,P011,73,2242.0,13104.28,150561.72
OI0004718,O002357,P009,35,2221.51,3904.79,73848.06
OI0004719,O002358,P011,34,2329.06,4673.5,74514.54
OI0004720,O002358,P011,72,2114.39,11118.52,141117.56
OI0004721,O002359,P012,33,1904.57,5752.02,57098.79
OI0004722,O002359,P011,115,2205.01,5450.07,248126.08
OI0004723,O002359,P010,57,1569.22,1649.22,87796.32
OI0004724,O002360,P010,66,1569.67,2867.99,100730.23
OI0004725,O002360,P008,104,1490.6,12.98,155009.42
OI0004726,O002360,P011,15,2285.84,1959.88,32327.72
OI0004727,O002361,P008,106,1356.01,112.31,143624.75
OI0004728,O002362,P007,86,1685.15,13222.19,131700.71
OI0004729,O002363,P015,46,252.64,96.48,11524.96
OI0004730,O002364,P014,32,184.83,496.6,5417.96
OI0004731,O002364,P013,41,211.26,389.12,8272.54
OI0004732,O002364,P013,82,203.79,166.13,16544.65
OI0004733,O002365,P014,82,188.86,1304.42,14182.1
OI0004734,O002366,P015,89,268.17,955.86,22911.27
OI0004735,O002366,P017,107,286.91,1145.4,29553.97
OI0004736,O002367,P014,24,177.97,232.93,4038.35
OI0004737,O002367,P014,6,176.26,120.09,937.47
OI0004738,O002367,P013,38,195.76,365.86,7073.02
OI0004739,O002368,P017,53,272.64,1578.34,12871.58
OI0004740,O002369,P015,104,270.21,2232.39,25869.45
OI0004741,O002370,P016,15,120.07,97.45,1703.6
OI0004742,O002370,P014,13,193.76,4.41,2514.47
OI0004743,O002370,P013,15,191.94,48.06,2831.04
OI0004744,O002371,P018,16,258.5,106.22,4029.78
OI0004745,O002371,P018,108,253.71,2452.12,24948.56
OI0004746,O002372,P016,63,129.57,908.6,7254.31
OI0004747,O002373,P018,77,278.92,935.86,20540.98
OI0004748,O002373,P018,119,258.43,2257.75,28495.42
OI0004749,O002374,P013,63,204.68,1391.93,11502.91
OI0004750,O002374,P015,75,252.14,1219.37,17691.13
OI0004751,O002374,P014,115,190.63,1156.7,20765.75
OI0004752,O002375,P015,113,275.92,23.08,31155.88
OI0004753,O002375,P016,95,127.06,1143.62,10927.08
OI0004754,O002375,P013,48,201.47,252.41,9418.15
OI0004755,O002376,P013,94,187.16,1820.95,15772.09
OI0004756,O002377,P024,7,209.64,9.55,1457.93
OI0004757,O002377,P024,71,218.37,435.35,15068.92
OI0004758,O002378,P024,13,211.39,32.37,2715.7
OI0004759,O002379,P021,5,218.23,33.96,1057.19
OI0004760,O002379,P021,76,217.85,1876.21,14680.39
OI0004761,O002380,P024,35,206.94,441.81,6801.09
OI0004762,O002380,P021,80,236.24,1271.81,17627.39
OI0004763,O002381,P023,110,208.2,9.81,22892.19
OI0004764,O002381,P022,88,236.25,1448.14,19341.86
OI0004765,O002381,P020,100,228.13,1587.85,21225.15
OI0004766,O002382,P019,91,133.14,1071.53,11044.21
OI0004767,O002383,P025,67,213.4,426.99,13870.81
OI0004768,O002383,P025,69,208.34,1309.33,13066.13
OI0004769,O002383,P026,117,177.23,729.23,20006.68
OI0004770,O002384,P026,40,179.43,630.9,6546.3
OI0004771,O002384,P026,37,175.69,311.93,6188.6
OI0004772,O002384,P026,60,154.63,646.83,8630.97
OI0004773,O002385,P028,33,110.89,52.34,3607.03
OI0004774,O002385,P027,94,98.94,494.75,8805.61
OI0004775,O002385,P026,97,178.42,35.93,17270.81
OI0004776,O002386,P004,98,1523.66,9478.68,139840.0
OI0004777,O002387,P003,80,836.6,69.45,66858.55
OI0004778,O002387,P004,109,1479.72,7994.87,153294.61
OI0004779,O002387,P005,33,996.01,259.06,32609.27
OI0004780,O002388,P004,15,1569.36,1728.39,21812.01
OI0004781,O002388,P002,56,1884.63,10545.76,94993.52
OI0004782,O002389,P001,58,1462.26,247.06,84564.02
OI0004783,O002389,P006,16,1166.94,262.36,18408.68
OI0004784,O002390,P005,79,948.38,1580.84,73341.18
OI0004785,O002390,P005,116,1022.07,8236.75,110323.37
OI0004786,O002390,P006,107,1157.94,10905.06,112994.52
OI0004787,O002391,P003,24,876.98,1149.29,19898.23
OI0004788,O002392,P001,15,1471.58,1545.83,20527.87
OI0004789,O002392,P006,120,1132.74,14689.64,121239.16
OI0004790,O002392,P004,113,1640.45,1867.6,183503.25
OI0004791,O002393,P006,61,1235.07,1911.07,73428.2
OI0004792,O002394,P004,111,1522.0,18611.53,150330.47
OI0004793,O002394,P006,93,1265.24,7901.09,109766.23
OI0004794,O002394,P005,104,948.75,6976.43,91693.57
OI0004795,O002395,P003,85,891.41,661.91,75107.94
OI0004796,O002395,P003,17,899.67,1032.89,14261.5
OI0004797,O002395,P004,41,1450.02,968.0,58482.82
OI0004798,O002396,P005,92,910.68,5931.13,77851.43
OI0004799,O002396,P002,119,1898.78,18350.69,207604.13
OI0004800,O002396,P006,114,1286.26,11687.19,134946.45
OI0004801,O002397,P011,93,2293.78,9319.84,204001.7
OI0004802,O002398,P010,23,1721.33,2003.95,37586.64
OI0004803,O002398,P007,57,1643.44,7167.14,86508.94
OI0004804,O002398,P008,33,1373.32,203.03,45116.53
OI0004805,O002399,P009,102,1906.48,13926.34,180534.62
OI0004806,O002399,P011,42,2018.38,2412.36,82359.6
OI0004807,O002400,P012,35,1932.82,5780.08,61868.62
OI0004808,O002400,P009,118,2077.69,18027.43,227139.99
OI0004809,O002400,P011,27,2150.54,6699.44,51365.14
OI0004810,O002401,P012,88,2049.43,20552.59,159797.25
OI0004811,O002401,P008,118,1392.73,4407.19,159934.95
OI0004812,O002401,P011,100,2227.5,23092.83,199657.17
OI0004813,O002402,P012,40,1964.78,7845.44,70745.76
OI0004814,O002402,P010,87,1776.85,5937.25,148648.7
OI0004815,O002403,P011,66,2318.49,6032.13,146988.21
OI0004816,O002404,P010,5,1784.83,996.27,7927.88
OI0004817,O002405,P007,75,1661.61,10709.38,113911.37
OI0004818,O002405,P007,107,1504.07,972.24,159963.25
OI0004819,O002406,P007,37,1600.37,1842.76,57370.93
OI0004820,O002407,P018,36,287.27,3.64,10338.08
OI0004821,O002408,P016,58,129.31,562.88,6937.1
OI0004822,O002408,P013,65,205.63,101.23,13264.72
OI0004823,O002408,P013,40,209.8,517.56,7874.44
OI0004824,O002409,P015,111,283.47,1332.89,30132.28
OI0004825,O002409,P016,89,130.19,1201.75,10385.16
OI0004826,O002410,P016,19,120.8,39.1,2256.1
OI0004827,O002411,P013,101,213.73,2102.97,19483.76
OI0004828,O002411,P017,18,266.89,191.33,4612.69
OI0004829,O002412,P017,29,279.12,817.95,7276.53
OI0004830,O002413,P017,65,269.56,1577.89,15943.51
OI0004831,O002413,P014,109,199.25,2562.74,19155.51
OI0004832,O002414,P013,108,185.15,1662.31,18333.89
OI0004833,O002414,P016,67,122.73,21.92,8200.99
OI0004834,O002415,P017,42,288.38,1145.59,10966.37
OI0004835,O002415,P016,68,126.21,984.03,7598.25
OI0004836,O002415,P013,13,208.81,30.62,2683.91
OI0004837,O002416,P018,33,274.66,735.54,8328.24
OI0004838,O002416,P018,50,280.84,1678.88,12363.12
OI0004839,O002416,P014,36,187.03,397.12,6335.96
OI0004840,O002417,P023,64,219.26,190.13,13842.51
OI0004841,O002418,P021,102,236.41,2711.92,21401.9
OI0004842,O002418,P023,101,211.0,1574.76,19736.24
OI0004843,O002419,P024,16,210.88,398.16,2975.92
OI0004844,O002420,P020,91,237.68,539.21,21089.67
OI0004845,O002420,P020,59,238.41,608.62,13457.57
OI0004846,O002420,P020,34,220.8,225.05,7282.15
OI0004847,O002421,P023,34,212.57,724.03,6503.35
OI0004848,O002421,P021,14,238.74,119.28,3223.08
OI0004849,O002421,P023,45,211.09,232.18,9266.87
OI0004850,O002422,P020,62,219.98,938.53,12700.23
OI0004851,O002422,P019,93,124.72,1063.72,10535.24
OI0004852,O002422,P023,12,204.02,114.2,2334.04
OI0004853,O002423,P022,52,214.13,1198.92,9935.84
OI0004854,O002423,P023,101,203.69,83.84,20488.85
OI0004855,O002423,P019,49,137.2,774.75,5948.05
OI0004856,O002424,P025,43,197.66,311.28,8188.1
OI0004857,O002424,P025,71,192.55,668.84,13002.21
OI0004858,O002425,P030,97,161.07,144.01,15479.78
OI0004859,O002425,P029,65,129.77,992.36,7442.69
OI0004860,O002425,P028,82,125.87,1069.03,9252.31
OI0004861,O002426,P002,92,1926.81,6871.0,170395.52
OI0004862,O002426,P002,110,1799.29,13962.94,183958.96
OI0004863,O002426,P002,37,1984.83,8473.87,64964.84
OI0004864,O002427,P001,91,1572.49,9799.91,133296.68
OI0004865,O002427,P001,57,1508.89,6488.02,79518.71
OI0004866,O002428,P004,82,1500.38,10053.02,112978.14
OI0004867,O002428,P006,24,1209.53,2034.02,26994.7
OI0004868,O002428,P006,52,1288.44,6077.87,60921.01
OI0004869,O002429,P001,70,1516.45,4833.57,101317.93
OI0004870,O002430,P001,11,1466.36,1545.26,14584.7
OI0004871,O002431,P007,117,1658.02,5352.77,188635.57
OI0004872,O002431,P011,106,2173.38,5303.18,225075.1
OI0004873,O002432,P008,98,1490.42,10930.26,135130.9
OI0004874,O002432,P009,72,2108.0,15892.04,135883.96
OI0004875,O002432,P010,77,1595.03,5244.8,117572.51
OI0004876,O002433,P009,15,1941.7,2301.96,26823.54
OI0004877,O002434,P011,40,2184.15,1417.69,85948.31
OI0004878,O002435,P016,47,123.07,581.5,5202.79
OI0004879,O002435,P017,6,290.87,184.17,1561.05
OI0004880,O002435,P018,75,270.79,109.97,20199.28
OI0004881,O002436,P018,30,276.76,939.35,7363.45
OI0004882,O002436,P014,28,188.93,95.02,5195.02
OI0004883,O002436,P015,48,264.85,282.99,12429.81
OI0004884,O002437,P014,75,183.67,242.68,13532.57
OI0004885,O002437,P017,6,289.62,115.85,1621.87
OI0004886,O002437,P014,92,179.82,1795.98,14747.46
OI0004887,O002438,P014,8,188.7,111.28,1398.32
OI0004888,O002439,P019,9,144.5,154.44,1146.06
OI0004889,O002440,P022,91,237.17,2365.7,19216.77
OI0004890,O002441,P022,36,219.78,805.46,7106.62
OI0004891,O002442,P022,77,232.1,377.69,17494.01
OI0004892,O002442,P021,41,228.62,982.5,8390.92
OI0004893,O002443,P026,9,158.44,71.06,1354.9
OI0004894,O002443,P025,28,205.71,560.83,5199.05
OI0004895,O002443,P025,52,190.53,528.36,9379.2
OI0004896,O002444,P004,93,1523.84,5917.3,135799.82
OI0004897,O002444,P001,95,1658.87,8951.48,148641.17
OI0004898,O002445,P006,106,1192.91,10915.05,115533.41
OI0004899,O002445,P001,46,1580.54,471.92,72232.92
OI0004900,O002445,P006,15,1229.79,1612.66,16834.19
OI0004901,O002446,P003,41,835.18,1094.58,33147.8
OI0004902,O002446,P003,30,878.44,832.03,25521.17
OI0004903,O002447,P003,49,916.35,3133.98,41767.17
OI0004904,O002447,P005,66,963.23,2621.55,60951.63
OI0004905,O002448,P004,110,1513.62,2718.99,163779.21
OI0004906,O002448,P001,76,1642.86,11535.88,113321.48
OI0004907,O002448,P004,51,1460.45,6720.65,67762.3
OI0004908,O002449,P006,15,1296.06,1510.85,17930.05
OI0004909,O002450,P003,55,899.53,5000.92,44473.23
OI0004910,O002451,P007,56,1496.85,2867.5,80956.1
OI0004911,O002452,P012,48,2083.83,10852.58,89171.26
OI0004912,O002452,P007,67,1600.6,9056.86,98183.34
OI0004913,O002452,P012,43,2172.28,9035.05,84372.99
OI0004914,O002453,P008,86,1473.97,7923.25,118838.17
OI0004915,O002453,P012,33,2100.89,2427.36,66902.01
OI0004916,O002453,P007,87,1528.54,14292.68,118690.3
OI0004917,O002454,P010,74,1595.68,209.6,117870.72
OI0004918,O002454,P008,7,1388.8,778.44,8943.16
OI0004919,O002454,P009,55,1955.31,2686.61,104855.44
OI0004920,O002455,P014,108,182.96,2101.89,17657.79
OI0004921,O002456,P013,75,195.33,506.69,14143.06
OI0004922,O002456,P016,109,118.42,831.05,12076.73
OI0004923,O002456,P016,37,126.43,503.34,4174.57
OI0004924,O002457,P016,93,120.96,153.04,11096.24
OI0004925,O002457,P016,76,120.28,1002.59,8138.69
OI0004926,O002458,P017,19,275.93,621.96,4620.71
OI0004927,O002458,P013,64,202.06,425.31,12506.53
OI0004928,O002459,P015,77,254.89,1004.08,18622.45
OI0004929,O002459,P017,50,293.03,1410.04,13241.46
OI0004930,O002459,P014,33,198.89,208.38,6354.99
OI0004931,O002460,P024,9,226.73,232.79,1807.78
OI0004932,O002461,P021,48,210.29,960.22,9133.7
OI0004933,O002462,P022,119,237.46,3204.69,25053.05
OI0004934,O002462,P022,72,218.49,1156.94,14574.34
OI0004935,O002462,P023,85,225.52,698.96,18470.24
OI0004936,O002463,P020,42,219.37,656.99,8556.55
OI0004937,O002463,P022,85,208.72,2075.05,15666.15
OI0004938,O002464,P026,100,161.02,576.52,15525.48
OI0004939,O002465,P001,109,1505.4,14731.96,149356.64
OI0004940,O002465,P002,40,1960.68,8823.02,69604.18
OI0004941,O002465,P005,74,1008.62,7030.64,67607.24
OI0004942,O002466,P002,37,1737.22,7299.2,56977.94
OI0004943,O002466,P001,75,1619.71,10556.03,110922.22
OI0004944,O002467,P004,83,1509.89,14616.91,110703.96
OI0004945,O002468,P006,36,1200.47,2888.16,40328.76
OI0004946,O002468,P006,77,1304.6,6608.86,93845.34
OI0004947,O002468,P006,6,1124.48,626.84,6120.04
OI0004948,O002469,P006,91,1249.31,4461.04,109226.17
OI0004949,O002469,P004,119,1550.84,10149.45,174400.51
OI0004950,O002470,P001,22,1467.97,1434.15,30861.19
OI0004951,O002470,P001,69,1634.25,10016.54,102746.71
OI0004952,O002470,P002,13,1728.7,778.63,21694.47
OI0004953,O002471,P005,20,951.76,1702.55,17332.65
OI0004954,O002472,P003,11,830.2,66.86,9065.34
OI0004955,O002473,P001,24,1689.81,2654.98,37900.46
OI0004956,O002473,P003,97,814.55,8933.91,70077.44
OI0004957,O002474,P001,64,1610.97,7023.22,96078.86
OI0004958,O002475,P006,52,1308.59,5460.2,62586.48
OI0004959,O002475,P005,119,928.81,7598.76,102929.63
OI0004960,O002476,P005,67,924.44,5653.44,56284.04
OI0004961,O002476,P002,9,1935.17,587.8,16828.73
OI0004962,O002476,P002,5,1732.02,685.23,7974.87
OI0004963,O002477,P004,44,1607.68,4739.64,65998.28
OI0004964,O002478,P002,102,1915.5,9349.57,186031.43
OI0004965,O002478,P001,84,1692.69,16274.49,125911.47
OI0004966,O002478,P006,120,1210.48,10807.64,134449.96
OI0004967,O002479,P007,99,1640.3,4242.71,158146.99
OI0004968,O002480,P009,66,1951.01,10439.91,118326.75
OI0004969,O002480,P011,58,2090.38,12958.62,108283.42
OI0004970,O002480,P009,89,2222.07,18552.04,179212.19
OI0004971,O002481,P009,92,2066.52,364.56,189755.28
OI0004972,O002482,P011,83,2108.1,10027.14,164945.16
OI0004973,O002482,P009,103,2163.19,24639.92,198168.65
OI0004974,O002482,P012,50,2004.39,615.91,99603.59
OI0004975,O002483,P011,35,2172.92,1089.55,74962.65
OI0004976,O002483,P008,52,1370.75,1548.41,69730.59
OI0004977,O002484,P012,23,1970.27,2957.81,42358.4
OI0004978,O002484,P011,91,2245.59,20270.58,184078.11
OI0004979,O002484,P009,74,1969.81,16380.91,129385.03
OI0004980,O002485,P015,77,259.19,1786.31,18171.32
OI0004981,O002486,P015,73,258.51,1263.36,17607.87
OI0004982,O002486,P017,74,280.4,2036.56,18713.04
OI0004983,O002486,P013,104,204.37,2023.46,19231.02
OI0004984,O002487,P017,73,280.44,2354.89,18117.23
OI0004985,O002487,P014,29,178.39,337.7,4835.61
OI0004986,O002488,P015,63,288.43,1176.87,16994.22
OI0004987,O002488,P018,12,281.07,80.61,3292.23
OI0004988,O002488,P013,56,210.34,617.43,11161.61
OI0004989,O002489,P014,91,184.89,1842.37,14982.62
OI0004990,O002489,P017,52,278.42,285.15,14192.69
OI0004991,O002490,P013,83,187.57,1796.16,13772.15
OI0004992,O002490,P015,67,285.58,1574.78,17559.08
OI0004993,O002491,P014,7,182.48,145.16,1132.2
OI0004994,O002492,P014,91,199.01,15.05,18094.86
OI0004995,O002492,P014,49,180.37,246.06,8592.07
OI0004996,O002493,P015,9,249.6,55.95,2190.45
OI0004997,O002493,P016,28,114.6,105.26,3103.54
OI0004998,O002493,P013,26,200.93,535.2,4688.98
OI0004999,O002494,P015,58,265.36,714.53,14676.35
OI0005000,O002494,P014,11,197.73,103.63,2071.4
OI0005001,O002495,P021,97,218.21,2103.43,19062.94
OI0005002,O002496,P023,45,209.09,120.1,9288.95
OI0005003,O002497,P021,102,217.94,483.71,21746.17
OI0005004,O002497,P020,13,229.14,83.83,2894.99
OI0005005,O002497,P024,96,209.12,1664.43,18411.09
OI0005006,O002498,P019,81,134.87,757.85,10166.62
OI0005007,O002499,P024,103,216.84,419.49,21915.03
OI0005008,O002499,P021,30,212.49,94.7,6280.0
OI0005009,O002500,P023,65,204.09,199.55,13066.3
OI0005010,O002500,P021,69,225.08,661.72,14868.8
OI0005011,O002500,P023,18,218.77,148.28,3789.58
OI0005012,O002501,P029,113,118.24,597.56,12763.56
OI0005013,O002501,P027,9,102.89,32.98,893.03
OI0005014,O002501,P026,103,171.19,1179.23,16453.34
OI0005015,O002502,P027,109,90.67,1168.68,8714.35
OI0005016,O002502,P030,52,141.86,795.39,6581.33
OI0005017,O002502,P029,39,124.42,242.14,4610.24
OI0005018,O002503,P006,96,1301.74,13208.83,111758.21
OI0005019,O002503,P002,67,1922.77,13171.34,115654.25
OI0005020,O002504,P006,116,1201.24,10400.54,128943.3
OI0005021,O002505,P002,54,1982.28,11968.44,95074.68
OI0005022,O002506,P006,118,1273.34,14335.11,135919.01
OI0005023,O002506,P003,69,858.81,792.17,58465.72
OI0005024,O002506,P002,78,1915.7,4680.52,144744.08
OI0005025,O002507,P006,117,1299.94,11572.5,140520.48
OI0005026,O002507,P004,87,1414.86,3749.24,119343.58
OI0005027,O002507,P006,58,1134.5,5873.3,59927.7
OI0005028,O002508,P002,102,1747.55,12521.4,165728.7
OI0005029,O002509,P001,80,1570.41,6986.35,118646.45
OI0005030,O002509,P004,102,1418.91,7972.83,136755.99
OI0005031,O002509,P003,31,823.68,2620.57,22913.51
OI0005032,O002510,P001,74,1680.46,881.31,123472.73
OI0005033,O002510,P003,7,882.82,445.32,5734.42
OI0005034,O002510,P006,36,1286.07,5195.53,41102.99
OI0005035,O002511,P004,30,1520.9,142.5,45484.5
OI0005036,O002511,P006,5,1123.37,602.07,5014.78
OI0005037,O002512,P012,10,2149.46,54.61,21439.99
OI0005038,O002512,P009,30,2163.26,871.37,64026.43
OI0005039,O002512,P012,79,2174.3,263.51,171506.19
OI0005040,O002513,P011,14,2197.48,1909.73,28854.99
OI0005041,O002513,P009,48,2216.95,8486.89,97926.71
OI0005042,O002513,P009,76,2091.74,8081.22,150891.02
OI0005043,O002514,P009,113,2067.6,7516.86,226121.94
OI0005044,O002515,P011,81,2221.09,459.56,179448.73
OI0005045,O002516,P010,54,1771.83,8218.44,87460.38
OI0005046,O002517,P008,16,1448.4,1066.51,22107.89
OI0005047,O002517,P012,83,2161.55,18022.37,161386.28
OI0005048,O002517,P012,24,2149.68,2029.39,49562.93
OI0005049,O002518,P012,102,2071.92,14978.56,196357.28
OI0005050,O002518,P008,27,1512.29,2012.25,38819.58
OI0005051,O002518,P009,36,2054.79,408.18,73564.26
OI0005052,O002519,P013,97,197.18,1082.59,18043.87
OI0005053,O002519,P015,98,289.2,164.62,28176.98
OI0005054,O002520,P014,63,196.84,133.72,12267.2
OI0005055,O002520,P016,107,113.56,502.3,11648.62
OI0005056,O002521,P017,47,285.78,466.9,12964.76
OI0005057,O002522,P015,32,270.58,341.62,8316.94
OI0005058,O002522,P018,27,277.51,808.66,6684.11
OI0005059,O002522,P015,50,274.82,1166.03,12574.97
OI0005060,O002523,P015,104,251.97,2129.63,24075.25
OI0005061,O002524,P015,40,268.36,1269.57,9464.83
OI0005062,O002525,P016,61,114.51,727.6,6257.51
OI0005063,O002525,P016,36,125.52,108.0,4410.72
OI0005064,O002526,P015,6,270.22,19.22,1602.1
OI0005065,O002527,P015,19,277.51,95.91,5176.78
OI0005066,O002528,P018,95,276.67,2628.14,23655.51
OI0005067,O002528,P017,55,290.53,204.77,15774.38
OI0005068,O002529,P017,91,306.08,481.92,27371.36
OI0005069,O002530,P024,26,201.5,235.09,5003.91
OI0005070,O002531,P020,107,249.2,549.55,26114.85
OI0005071,O002532,P019,86,135.99,923.98,10771.16
OI0005072,O002532,P023,90,231.23,2079.99,18730.71
OI0005073,O002533,P020,12,233.2,74.23,2724.17
OI0005074,O002534,P023,61,212.93,1074.75,11913.98
OI0005075,O002535,P020,11,240.08,79.15,2561.73
OI0005076,O002536,P025,23,199.15,392.39,4188.06
OI0005077,O002536,P028,76,127.27,903.08,8769.44
OI0005078,O002536,P025,34,195.26,126.18,6512.66
OI0005079,O002537,P028,81,125.74,677.63,9507.31
OI0005080,O002537,P025,52,187.99,505.23,9270.25
OI0005081,O002537,P026,68,177.71,679.69,11404.59
OI0005082,O002538,P001,48,1476.44,256.59,70612.53
OI0005083,O002539,P003,27,923.74,1915.21,23025.77
OI0005084,O002539,P004,87,1503.96,5301.12,125543.4
OI0005085,O002540,P005,35,971.87,175.4,33840.05
OI0005086,O002540,P001,98,1574.27,17067.81,137210.65
OI0005087,O002540,P004,86,1538.84,1882.02,130458.22
OI0005088,O002541,P003,5,868.27,256.74,4084.61
OI0005089,O002542,P006,19,1132.63,2220.93,19299.04
OI0005090,O002542,P001,10,1587.66,384.66,15491.94
OI0005091,O002542,P005,41,971.3,3784.57,36038.73
OI0005092,O002543,P001,11,1644.57,1770.81,16319.46
OI0005093,O002543,P004,102,1560.33,2131.21,157022.45
OI0005094,O002543,P004,80,1597.65,13856.2,113955.8
OI0005095,O002544,P003,104,902.88,9883.23,84016.29
OI0005096,O002545,P007,12,1492.33,1713.08,16194.88
OI0005097,O002546,P010,86,1752.22,14760.67,135930.25
OI0005098,O002546,P011,23,2229.61,625.88,50655.15
OI0005099,O002546,P010,81,1747.09,3812.01,137702.28
OI0005100,O002547,P007,111,1510.55,19759.45,147911.6
OI0005101,O002547,P009,27,2012.09,1464.25,52862.18
OI0005102,O002548,P017,34,287.13,1130.62,8631.8
OI0005103,O002548,P018,72,281.67,1704.85,18575.39
OI0005104,O002549,P013,62,194.45,1331.0,10724.9
OI0005105,O002549,P017,67,268.75,480.58,17525.67
OI0005106,O002549,P018,73,283.13,313.57,20354.92
OI0005107,O002550,P013,114,193.43,287.46,21763.56
OI0005108,O002550,P013,27,203.59,265.33,5231.6
OI0005109,O002551,P015,60,281.72,885.34,16017.86
OI0005110,O002551,P018,75,260.17,427.47,19085.28
OI0005111,O002552,P020,102,251.89,1102.34,24590.44
OI0005112,O002553,P023,91,204.28,1403.68,17185.8
OI0005113,O002553,P023,58,213.29,1329.17,11041.65
OI0005114,O002553,P021,32,211.29,768.58,5992.7
OI0005115,O002554,P023,91,200.73,719.82,17546.61
OI0005116,O002554,P021,37,230.12,852.69,7661.75
OI0005117,O002555,P029,48,132.03,712.3,5625.14
OI0005118,O002556,P006,102,1207.33,3404.67,119742.99
OI0005119,O002556,P001,119,1628.39,13099.04,180679.37
OI0005120,O002556,P003,76,925.44,1217.04,69116.4
OI0005121,O002557,P003,92,828.74,1897.34,74346.74
OI0005122,O002558,P002,80,1964.35,293.93,156854.07
OI0005123,O002558,P003,66,865.69,2914.96,54220.58
OI0005124,O002559,P006,75,1135.73,9463.44,75716.31
OI0005125,O002560,P001,119,1549.8,13030.39,171395.81
OI0005126,O002560,P001,114,1524.51,20716.0,153078.14
OI0005127,O002561,P005,100,1034.74,4767.65,98706.35
OI0005128,O002561,P006,104,1170.85,3552.69,118215.71
OI0005129,O002561,P005,10,954.16,395.58,9146.02
OI0005130,O002562,P004,90,1501.65,1040.29,134108.21
OI0005131,O002562,P005,79,978.73,1464.81,75854.86
OI0005132,O002562,P004,81,1570.81,7221.08,120014.53
OI0005133,O002563,P010,32,1700.43,2003.06,52410.7
OI0005134,O002564,P010,75,1589.82,5080.16,114156.34
OI0005135,O002565,P007,92,1557.88,12042.26,131282.7
OI0005136,O002565,P011,11,2151.26,1541.92,22121.94
OI0005137,O002565,P007,68,1632.32,11599.08,99398.68
OI0005138,O002566,P007,73,1547.94,13464.61,99535.01
OI0005139,O002567,P012,57,2099.8,1651.21,118037.39
OI0005140,O002567,P009,76,2162.26,229.0,164102.76
OI0005141,O002567,P012,38,2163.25,3385.05,78818.45
OI0005142,O002568,P008,26,1487.49,785.19,37889.55
OI0005143,O002569,P010,29,1647.31,4493.84,43278.15
OI0005144,O002569,P010,48,1772.18,10154.01,74910.63
OI0005145,O002569,P010,104,1650.79,409.25,171272.91
OI0005146,O002570,P017,81,298.69,390.47,23803.42
OI0005147,O002570,P017,93,269.84,1507.99,23587.13
OI0005148,O002571,P013,33,185.38,706.43,5411.11
OI0005149,O002571,P015,83,272.41,710.34,21899.69
OI0005150,O002571,P018,78,275.57,842.72,20651.74
OI0005151,O002572,P017,37,292.0,404.0,10400.0
OI0005152,O002572,P015,96,258.48,1094.75,23719.33
OI0005153,O002573,P015,8,278.99,136.64,2095.28
OI0005154,O002573,P018,57,279.04,180.66,15724.62
OI0005155,O002573,P016,120,120.37,1396.63,13047.77
OI0005156,O002574,P015,47,274.32,204.98,12688.06
OI0005157,O002575,P023,71,212.65,545.42,14552.73
OI0005158,O002576,P024,35,222.68,554.12,7239.68
OI0005159,O002576,P020,70,253.53,1335.54,16411.56
OI0005160,O002576,P023,32,219.99,651.93,6387.75
OI0005161,O002577,P024,81,216.06,1918.82,15582.04
OI0005162,O002577,P023,7,228.3,89.76,1508.34
OI0005163,O002578,P019,33,140.79,477.71,4168.36
OI0005164,O002578,P021,69,209.66,440.52,14026.02
OI0005165,O002579,P029,66,118.35,448.55,7362.55
OI0005166,O002580,P005,13,978.96,56.81,12669.67
OI0005167,O002580,P005,94,987.17,7916.24,84877.74
OI0005168,O002580,P002,11,1896.49,2178.89,18682.5
OI0005169,O002581,P006,79,1268.57,5862.81,94354.22
OI0005170,O002582,P003,110,838.11,2878.65,89313.45
OI0005171,O002582,P002,90,1827.38,13301.41,151162.79
OI0005172,O002583,P002,78,1856.83,16543.3,128289.44
OI0005173,O002583,P003,27,801.63,2296.03,19347.98
OI0005174,O002583,P004,6,1503.39,9.25,9011.09
OI0005175,O002584,P005,34,990.51,1665.04,32012.3
OI0005176,O002584,P003,49,802.8,374.31,38962.89
OI0005177,O002584,P003,43,857.45,90.26,36780.09
OI0005178,O002585,P001,95,1461.68,10685.14,128174.46
OI0005179,O002585,P001,68,1525.87,2972.69,100786.47
OI0005180,O002586,P002,10,1758.1,1128.53,16452.47
OI0005181,O002586,P001,38,1573.42,1749.0,58040.96
OI0005182,O002586,P002,16,1990.05,1668.88,30171.92
OI0005183,O002587,P006,110,1305.65,8842.67,134778.83
OI0005184,O002587,P006,100,1146.82,12338.62,102343.38
OI0005185,O002587,P002,82,1778.15,3611.7,142196.6
OI0005186,O002588,P004,19,1528.25,859.72,28177.03
OI0005187,O002589,P003,66,897.33,3983.6,55240.18
OI0005188,O002589,P003,114,827.36,3382.67,90936.37
OI0005189,O002589,P001,109,1627.57,962.11,176443.02
OI0005190,O002590,P001,66,1564.81,5113.87,98163.59
OI0005191,O002591,P001,91,1592.9,12474.25,132479.65
OI0005192,O002592,P008,90,1429.13,975.14,127646.56
OI0005193,O002592,P011,58,2118.45,7094.73,115775.37
OI0005194,O002593,P010,51,1626.6,3397.19,79559.41
OI0005195,O002594,P010,72,1734.13,6613.06,118244.3
OI0005196,O002595,P007,105,1541.23,19384.6,142444.55
OI0005197,O002595,P011,39,2136.76,5659.09,77674.55
OI0005198,O002595,P007,60,1517.07,7226.94,83797.26
OI0005199,O002596,P010,108,1660.7,7789.01,171566.59
OI0005200,O002596,P008,44,1389.3,5211.46,55917.74
OI0005201,O002596,P009,77,2159.79,12368.61,153935.22
OI0005202,O002597,P007,18,1656.82,532.81,29289.95
OI0005203,O002597,P008,101,1347.7,16084.0,120033.7
OI0005204,O002597,P010,27,1735.2,1099.69,45750.71
OI0005205,O002598,P011,96,2238.73,18824.45,196093.63
OI0005206,O002599,P007,14,1527.73,1337.09,20051.13
OI0005207,O002599,P007,40,1523.05,7126.95,53795.05
OI0005208,O002599,P011,18,2165.62,2958.67,36022.49
OI0005209,O002600,P018,19,288.83,358.26,5129.51
OI0005210,O002600,P015,55,277.53,270.44,14993.71
OI0005211,O002601,P014,56,182.19,189.88,10012.76
OI0005212,O002601,P018,79,260.44,1547.24,19027.52
OI0005213,O002601,P017,47,288.8,1103.09,12470.51
OI0005214,O002602,P014,116,182.34,354.53,20796.91
OI0005215,O002602,P018,43,281.24,1036.36,11056.96
OI0005216,O002603,P015,21,277.55,200.14,5628.41
OI0005217,O002604,P013,86,207.68,873.62,16986.86
OI0005218,O002604,P017,115,298.01,2644.9,31626.25
OI0005219,O002604,P016,57,124.05,758.9,6311.95
OI0005220,O002605,P016,106,125.52,704.06,12601.06
OI0005221,O002606,P014,64,191.52,1298.5,10958.78
OI0005222,O002606,P014,120,179.45,1260.39,20273.61
OI0005223,O002606,P015,42,285.11,843.03,11131.59
OI0005224,O002607,P016,60,130.93,458.11,7397.69
OI0005225,O002608,P019,8,144.09,26.61,1126.11
OI0005226,O002608,P019,106,127.18,1361.31,12119.77
OI0005227,O002609,P022,102,211.11,635.83,20897.39
OI0005228,O002609,P023,27,223.42,533.38,5498.96
OI0005229,O002609,P019,103,124.63,1354.95,11481.94
OI0005230,O002610,P019,32,143.59,485.51,4109.37
OI0005231,O002610,P020,88,248.23,1908.61,19935.63
OI0005232,O002610,P020,111,250.18,2391.42,25378.56
OI0005233,O002611,P019,8,125.3,104.97,897.43
OI0005234,O002612,P022,11,225.17,255.62,2221.25
OI0005235,O002612,P019,42,134.56,14.12,5637.4
OI0005236,O002612,P023,21,226.71,481.63,4279.28
OI0005237,O002613,P026,29,177.93,324.04,4835.93
OI0005238,O002613,P026,13,170.08,236.86,1974.18
OI0005239,O002614,P025,104,192.3,486.28,19512.92
OI0005240,O002615,P027,77,99.03,552.99,7072.32
OI0005241,O002615,P027,19,102.64,130.38,1819.78
OI0005242,O002615,P029,60,129.34,919.31,6841.09
OI0005243,O002616,P001,27,1555.02,959.49,41026.05
OI0005244,O002617,P002,11,1727.03,1083.41,17913.92
OI0005245,O002618,P002,81,1973.19,12313.46,147514.93
OI0005246,O002618,P006,78,1299.17,6704.94,94630.32
OI0005247,O002618,P004,78,1421.42,2196.72,108674.04
OI0005248,O002619,P003,11,901.76,732.99,9186.37
OI0005249,O002619,P004,79,1492.7,703.89,117219.41
OI0005250,O002620,P001,120,1490.18,16294.46,162527.14
OI0005251,O002621,P002,84,1898.77,13426.96,146069.72
OI0005252,O002621,P006,87,1170.37,3005.28,98816.91
OI0005253,O002622,P003,45,842.33,3917.88,33986.97
OI0005254,O002622,P002,50,1757.54,1359.03,86517.97
OI0005255,O002623,P001,113,1615.05,2283.84,180216.81
OI0005256,O002624,P003,14,918.63,979.45,11881.37
OI0005257,O002625,P005,41,945.74,3228.43,35546.91
OI0005258,O002625,P006,95,1209.76,137.38,114789.82
OI0005259,O002626,P004,102,1498.31,8408.81,144418.81
OI0005260,O002626,P005,76,926.57,6482.72,63936.6
OI0005261,O002627,P001,86,1546.26,11095.4,121882.96
OI0005262,O002627,P001,5,1487.76,573.71,6865.09
OI0005263,O002627,P002,36,1968.86,3354.19,67524.77
OI0005264,O002628,P011,21,2200.95,2041.18,44178.77
OI0005265,O002629,P010,68,1706.65,10583.23,105468.97
OI0005266,O002630,P009,119,2184.75,8817.27,251167.98
OI0005267,O002630,P012,92,2014.54,21967.09,163370.59
OI0005268,O002630,P008,60,1478.59,1845.39,86870.01
OI0005269,O002631,P012,34,1971.87,4993.66,62049.92
OI0005270,O002631,P012,91,1957.0,3749.01,174337.99
OI0005271,O002632,P011,68,2082.25,174.42,141418.58
OI0005272,O002632,P007,64,1615.83,11360.47,92052.65
OI0005273,O002632,P010,52,1675.3,4155.66,82959.94
OI0005274,O002633,P008,67,1338.04,1451.33,88197.35
OI0005275,O002633,P009,64,2083.93,9873.02,123498.5
OI0005276,O002633,P009,26,2127.66,930.66,54388.5
OI0005277,O002634,P009,57,2086.69,13331.27,105610.06
OI0005278,O002635,P010,5,1771.72,670.73,8187.87
OI0005279,O002636,P013,85,203.38,839.73,16447.57
OI0005280,O002636,P017,38,310.78,268.6,11541.04
OI0005281,O002637,P015,50,278.12,40.48,13865.52
OI0005282,O002638,P018,63,290.84,1123.13,17199.79
OI0005283,O002639,P015,38,270.01,403.53,9856.85
OI0005284,O002639,P015,92,270.55,1185.74,23704.86
OI0005285,O002640,P016,68,130.57,1018.51,7860.25
OI0005286,O002640,P016,97,126.14,1399.99,10835.59
OI0005287,O002641,P015,53,276.57,459.17,14199.04
OI0005288,O002642,P013,100,211.44,794.78,20349.22
OI0005289,O002642,P014,5,178.35,85.49,806.26
OI0005290,O002643,P016,72,121.31,578.09,8156.23
OI0005291,O002644,P013,65,191.28,751.62,11681.58
OI0005292,O002644,P016,105,114.42,1288.97,10725.13
OI0005293,O002644,P014,51,176.07,49.22,8930.35
OI0005294,O002645,P016,17,117.62,212.65,1786.89
OI0005295,O002645,P016,110,118.39,1259.34,11763.56
OI0005296,O002646,P017,34,269.41,180.32,8979.62
OI0005297,O002646,P016,49,116.86,223.43,5502.71
OI0005298,O002647,P024,14,211.36,134.43,2824.61
OI0005299,O002647,P022,118,222.2,2238.69,23980.91
OI0005300,O002647,P024,24,201.38,432.25,4400.87
OI0005301,O002648,P022,95,214.66,445.62,19947.08
OI0005302,O002648,P022,10,229.83,203.95,2094.35
OI0005303,O002649,P019,17,126.35,16.64,2131.31
OI0005304,O002649,P021,29,236.51,324.27,6534.52
OI0005305,O002650,P024,29,223.25,253.73,6220.52
OI0005306,O002650,P023,98,223.72,2414.57,19509.99
OI0005307,O002651,P020,27,223.47,184.79,5848.9
OI0005308,O002651,P022,114,237.14,3136.53,23897.43
OI0005309,O002651,P020,17,240.83,355.12,3738.99
OI0005310,O002652,P022,109,219.63,796.24,23143.43
OI0005311,O002652,P021,39,213.09,68.63,8241.88
OI0005312,O002653,P022,20,210.68,240.82,3972.78
OI0005313,O002653,P022,30,216.42,268.71,6223.89
OI0005314,O002654,P024,93,220.17,2427.76,18048.05
OI0005315,O002654,P020,5,235.41,53.51,1123.54
OI0005316,O002655,P025,119,186.48,1964.06,20227.06
OI0005317,O002656,P030,98,156.03,236.24,15054.7
OI0005318,O002656,P029,95,131.54,1020.98,11475.32
OI0005319,O002656,P026,53,162.99,928.91,7709.56
OI0005320,O002657,P030,13,162.18,149.79,1958.55
OI0005321,O002658,P006,10,1253.73,847.84,11689.46
OI0005322,O002658,P003,37,886.74,1242.1,31567.28
OI0005323,O002659,P002,74,1743.04,14205.82,114779.14
OI0005324,O002659,P002,67,1954.64,13774.1,117186.78
OI0005325,O002659,P004,74,1571.99,9186.35,107140.91
OI0005326,O002660,P006,76,1244.84,10574.63,84033.21
OI0005327,O002660,P006,32,1236.51,1120.1,38448.22
OI0005328,O002660,P003,107,870.1,1206.33,91894.37
OI0005329,O002661,P005,113,1015.07,7702.01,107000.9
OI0005330,O002661,P002,54,1857.33,10479.16,89816.66
OI0005331,O002662,P003,70,924.72,5921.9,58808.5
OI0005332,O002662,P002,47,1881.51,4493.91,83937.06
OI0005333,O002662,P002,108,1982.98,15896.72,198265.12
OI0005334,O002663,P002,44,1757.22,1269.38,76048.3
OI0005335,O002663,P003,101,845.83,5002.32,80426.51
OI0005336,O002664,P009,82,2149.41,18960.32,157291.3
OI0005337,O002664,P008,43,1370.46,5557.04,53372.74
OI0005338,O002665,P012,69,2176.77,819.56,149377.57
OI0005339,O002665,P012,28,1988.04,4326.79,51338.33
OI0005340,O002666,P008,66,1530.32,12018.52,88982.6
OI0005341,O002666,P009,96,2214.21,12681.59,199882.57
OI0005342,O002666,P011,28,2069.7,3921.08,54030.52
OI0005343,O002667,P017,77,268.22,755.87,19897.07
OI0005344,O002668,P015,64,272.24,2055.37,15367.99
OI0005345,O002668,P015,82,249.53,127.25,20334.21
OI0005346,O002668,P018,64,267.49,1037.48,16081.88
OI0005347,O002669,P016,49,126.43,299.48,5895.59
OI0005348,O002669,P013,117,193.42,2006.42,20623.72
OI0005349,O002669,P015,117,288.62,2759.5,31009.04
OI0005350,O002670,P015,55,267.88,1257.53,13475.87
OI0005351,O002670,P018,99,291.13,1177.74,27644.13
OI0005352,O002670,P014,84,175.37,1730.88,13000.2
OI0005353,O002671,P019,24,133.52,343.19,2861.29
OI0005354,O002671,P020,64,252.2,433.25,15707.55
OI0005355,O002672,P023,107,219.52,1676.53,21812.11
OI0005356,O002672,P023,75,222.3,1938.79,14733.71
OI0005357,O002672,P023,52,228.49,6.23,11875.25
OI0005358,O002673,P019,87,136.02,1264.12,10569.62
OI0005359,O002674,P025,65,189.46,74.0,12240.9
OI0005360,O002674,P029,15,123.73,108.22,1747.73
OI0005361,O002675,P006,39,1170.09,954.41,44679.1
OI0005362,O002676,P003,32,852.23,86.27,27185.09
OI0005363,O002676,P003,54,825.86,3454.95,41141.49
OI0005364,O002677,P001,118,1594.79,22423.66,165761.56
OI0005365,O002677,P001,16,1486.72,1554.77,22232.75
OI0005366,O002678,P002,30,1878.22,4687.74,51658.86
OI0005367,O002678,P005,25,1001.4,1255.81,23779.19
OI0005368,O002679,P005,108,990.14,6315.33,100619.79
OI0005369,O002679,P003,99,834.31,1379.36,81217.33
OI0005370,O002680,P010,74,1601.25,6705.08,111787.42
OI0005371,O002680,P012,30,2105.69,1088.76,62081.94
OI0005372,O002681,P009,11,2009.41,2090.51,20013.0
OI0005373,O002682,P007,70,1601.09,6986.37,105089.93
OI0005374,O002682,P009,25,1989.57,2248.41,47490.84
OI0005375,O002683,P016,35,124.04,448.9,3892.5
OI0005376,O002683,P018,74,285.82,2500.24,18650.44
OI0005377,O002684,P018,29,272.72,461.07,7447.81
OI0005378,O002685,P018,110,282.89,1616.73,29501.17
OI0005379,O002685,P016,46,113.68,335.58,4893.7
OI0005380,O002686,P016,15,127.71,18.99,1896.66
OI0005381,O002687,P014,63,174.05,1092.07,9873.08
OI0005382,O002687,P015,101,287.52,1093.61,27945.91
OI0005383,O002687,P013,99,201.25,1833.02,18090.73
OI0005384,O002688,P022,103,240.14,2.47,24731.95
OI0005385,O002689,P023,79,203.77,1247.77,14850.06
OI0005386,O002690,P024,63,220.84,1001.05,12911.87
OI0005387,O002690,P024,68,217.0,775.2,13980.8
OI0005388,O002691,P030,24,146.73,7.01,3514.51
OI0005389,O002691,P029,109,136.38,736.58,14128.84
OI0005390,O002692,P003,102,868.66,7966.81,80636.51
OI0005391,O002692,P004,68,1573.21,7182.3,99795.98
OI0005392,O002693,P005,96,1033.58,8233.03,90990.65
OI0005393,O002694,P004,54,1501.5,6309.44,74771.56
OI0005394,O002694,P001,111,1560.76,1237.87,172006.49
OI0005395,O002695,P003,18,839.0,769.71,14332.29
OI0005396,O002695,P005,98,1011.1,11400.23,87687.57
OI0005397,O002695,P003,65,806.29,3902.31,48506.54
OI0005398,O002696,P002,37,1852.71,4653.14,63897.13
OI0005399,O002696,P005,109,999.67,7747.5,101216.53
OI0005400,O002697,P001,23,1571.85,4154.45,31998.1
OI0005401,O002697,P005,88,1004.58,1194.92,87208.12
OI0005402,O002698,P001,20,1479.47,2150.55,27438.85
OI0005403,O002698,P001,68,1466.3,2495.7,97212.7
OI0005404,O002699,P002,28,1854.19,5276.09,46641.23
OI0005405,O002700,P001,114,1630.68,17277.63,168619.89
OI0005406,O002700,P005,23,972.91,64.89,22312.04
OI0005407,O002701,P002,85,1782.14,11151.19,140330.71
OI0005408,O002701,P005,83,984.65,3577.34,78148.61
OI0005409,O002702,P006,20,1145.1,229.42,22672.58
OI0005410,O002703,P006,104,1188.33,1966.79,121619.53
OI0005411,O002704,P008,65,1362.49,10329.73,78232.12
OI0005412,O002705,P010,101,1665.3,3529.56,164665.74
OI0005413,O002705,P007,90,1719.68,16081.35,138689.85
OI0005414,O002705,P009,53,2127.3,9174.03,103572.87
OI0005415,O002706,P012,54,1988.19,4192.9,103169.36
OI0005416,O002706,P009,38,2105.83,1257.75,78763.79
OI0005417,O002706,P012,30,1965.64,6668.37,52300.83
OI0005418,O002707,P009,57,2082.72,8964.42,109750.62
OI0005419,O002707,P012,67,1949.53,10959.64,119658.87
OI0005420,O002707,P012,20,1974.71,3540.55,35953.65
OI0005421,O002708,P011,76,2085.41,10504.53,147986.63
OI0005422,O002709,P010,80,1756.45,145.72,140370.28
OI0005423,O002709,P008,113,1525.21,15817.2,156531.53
OI0005424,O002710,P010,105,1703.65,7184.04,171699.21
OI0005425,O002711,P007,82,1676.46,628.13,136841.59
OI0005426,O002711,P010,90,1685.32,3057.04,148621.76
OI0005427,O002711,P007,67,1627.71,8483.23,100573.34
OI0005428,O002712,P008,100,1343.73,9986.86,124386.14
OI0005429,O002712,P012,6,1976.74,247.03,11613.41
OI0005430,O002712,P011,114,2172.0,26953.56,220654.44
OI0005431,O002713,P013,22,202.23,253.32,4195.74
OI0005432,O002713,P015,23,268.28,414.2,5756.24
OI0005433,O002714,P016,38,119.47,26.73,4513.13
OI0005434,O002715,P015,56,274.31,884.02,14477.34
OI0005435,O002716,P017,92,269.54,1832.38,22965.3
OI0005436,O002716,P015,88,283.01,2471.3,22433.58
OI0005437,O002716,P013,31,214.51,406.67,6243.14
OI0005438,O002717,P013,91,199.01,1602.1,16507.81
OI0005439,O002717,P015,8,254.83,38.95,1999.69
OI0005440,O002717,P013,94,204.35,1234.92,17973.98
OI0005441,O002718,P013,5,202.97,101.21,913.64
OI0005442,O002718,P016,55,127.01,257.22,6728.33
OI0005443,O002718,P015,73,269.09,794.15,18849.42
OI0005444,O002719,P018,25,291.17,380.42,6898.83
OI0005445,O002719,P016,108,125.34,1241.11,12295.61
OI0005446,O002720,P015,9,258.6,31.93,2295.47
OI0005447,O002721,P022,44,221.7,156.75,9598.05
OI0005448,O002722,P021,7,206.47,141.84,1303.45
OI0005449,O002722,P020,23,218.26,357.39,4662.59
OI0005450,O002722,P019,111,137.23,177.81,15054.72
OI0005451,O002723,P024,111,202.47,1329.77,21144.4
OI0005452,O002723,P024,119,226.21,1883.32,25035.67
OI0005453,O002723,P021,31,224.03,733.6,6211.33
OI0005454,O002724,P021,97,215.58,2358.49,18552.77
OI0005455,O002724,P020,104,234.16,176.35,24176.29
OI0005456,O002725,P021,32,238.08,695.55,6923.01
OI0005457,O002726,P023,119,203.45,602.67,23607.88
OI0005458,O002726,P024,110,202.81,1109.47,21199.63
OI0005459,O002727,P024,65,225.13,960.71,13672.74
OI0005460,O002727,P022,103,225.44,2666.84,20553.48
OI0005461,O002728,P030,43,163.51,779.92,6251.01
OI0005462,O002729,P027,10,93.09,109.65,821.25
OI0005463,O002729,P026,62,170.64,1168.8,9410.88
OI0005464,O002730,P026,50,175.82,259.26,8531.74
OI0005465,O002731,P002,72,1726.17,7092.9,117191.34
OI0005466,O002732,P002,83,1741.15,1214.68,143300.77
OI0005467,O002733,P005,117,962.9,7478.37,105180.93
OI0005468,O002733,P002,49,1720.15,7057.58,77229.77
OI0005469,O002734,P002,13,1840.09,2523.26,21397.91
OI0005470,O002734,P002,109,1989.15,25011.07,191806.28
OI0005471,O002734,P002,75,1862.58,8712.55,130980.95
OI0005472,O002735,P003,62,862.73,550.11,52939.15
OI0005473,O002735,P002,63,1751.67,12228.11,98127.1
OI0005474,O002736,P004,84,1633.98,26.41,137227.91
OI0005475,O002737,P003,61,797.07,3497.57,45123.7
OI0005476,O002737,P001,115,1697.34,5725.7,189468.4
OI0005477,O002737,P003,11,922.86,110.98,10040.48
OI0005478,O002738,P002,17,1816.73,1016.75,29867.66
OI0005479,O002738,P005,70,968.85,2164.2,65655.3
OI0005480,O002738,P005,34,957.36,3266.89,29283.35
OI0005481,O002739,P004,119,1597.79,5652.57,184484.44
OI0005482,O002740,P004,115,1576.82,11137.13,170197.17
OI0005483,O002741,P001,101,1481.84,16423.36,133242.48
OI0005484,O002742,P005,47,985.16,2845.44,43457.08
OI0005485,O002743,P004,67,1475.26,9306.62,89535.8
OI0005486,O002743,P006,111,1244.02,9558.53,128527.69
OI0005487,O002743,P001,29,1644.16,4473.02,43207.62
OI0005488,O002744,P006,62,1165.72,3491.66,68782.98
OI0005489,O002744,P001,105,1584.22,13613.86,152729.24
OI0005490,O002745,P006,37,1234.56,598.09,45080.63
OI0005491,O002746,P004,35,1512.52,4684.8,48253.4
OI0005492,O002746,P002,50,1779.54,1810.48,87166.52
OI0005493,O002747,P006,67,1143.82,621.47,76014.47
OI0005494,O002747,P006,25,1300.21,37.72,32467.53
OI0005495,O002748,P007,107,1497.83,13008.89,147258.92
OI0005496,O002749,P010,51,1697.65,4173.65,82406.5
OI0005497,O002749,P011,29,2293.78,342.31,66177.31
OI0005498,O002750,P012,100,2159.5,24992.57,190957.43
OI0005499,O002750,P012,52,2151.13,4465.53,107393.23
OI0005500,O002750,P009,105,1987.81,16625.18,192094.87
OI0005501,O002751,P010,51,1598.09,9503.01,71999.58
OI0005502,O002752,P007,12,1532.06,786.62,17598.1
OI0005503,O002752,P009,112,2050.58,8260.6,221404.36
OI0005504,O002752,P007,35,1515.46,4136.18,48904.92
OI0005505,O002753,P012,65,2049.05,15658.78,117529.47
OI0005506,O002753,P008,90,1380.27,3129.43,121094.87
OI0005507,O002754,P007,55,1665.41,4809.01,86788.54
OI0005508,O002755,P012,57,1916.41,5033.25,104202.12
OI0005509,O002755,P010,66,1562.43,10860.76,92259.62
OI0005510,O002756,P013,79,214.9,1361.52,15615.58
OI0005511,O002756,P016,15,113.84,123.76,1583.84
OI0005512,O002757,P016,99,124.74,1124.41,11224.85
OI0005513,O002757,P015,77,280.05,350.94,21212.91
OI0005514,O002757,P017,85,298.8,1416.78,23981.22
OI0005515,O002758,P017,7,284.89,72.63,1921.6
OI0005516,O002759,P015,56,277.57,1423.67,14120.25
OI0005517,O002760,P015,87,277.12,1345.6,22763.84
OI0005518,O002760,P013,37,205.2,68.92,7523.48
OI0005519,O002761,P017,25,306.21,868.09,6787.16
OI0005520,O002761,P016,78,129.53,356.0,9747.34
OI0005521,O002762,P014,70,190.51,1382.41,11953.29
OI0005522,O002762,P017,10,293.3,275.13,2657.87
OI0005523,O002763,P016,43,130.92,241.69,5387.87
OI0005524,O002764,P015,61,268.1,827.72,15526.38
OI0005525,O002764,P018,27,252.34,247.91,6565.27
OI0005526,O002764,P013,99,193.92,1999.85,17198.23
OI0005527,O002765,P018,72,284.68,193.09,20303.87
OI0005528,O002765,P013,16,208.5,79.71,3256.29
OI0005529,O002765,P015,113,266.77,97.52,30047.49
OI0005530,O002766,P014,27,183.37,357.12,4593.87
OI0005531,O002766,P018,23,261.53,130.76,5884.43
OI0005532,O002766,P013,106,203.07,2461.6,19063.82
OI0005533,O002767,P018,98,276.54,2277.64,24823.28
OI0005534,O002767,P015,76,273.89,629.63,20186.01
OI0005535,O002768,P015,104,287.86,2037.19,27900.25
OI0005536,O002768,P013,34,215.41,261.06,7062.88
OI0005537,O002768,P013,53,210.5,1118.58,10037.92
OI0005538,O002769,P023,69,224.34,548.7,14930.76
OI0005539,O002769,P021,40,238.64,1123.54,8422.06
OI0005540,O002769,P022,46,217.15,977.05,9011.85
OI0005541,O002770,P022,8,231.5,175.1,1676.9
OI0005542,O002771,P020,10,236.75,218.49,2149.01
OI0005543,O002772,P021,33,229.13,259.33,7301.96
OI0005544,O002772,P020,77,218.19,1951.98,14848.65
OI0005545,O002773,P019,39,137.35,416.87,4939.78
OI0005546,O002774,P021,51,220.77,347.34,10911.93
OI0005547,O002774,P024,60,199.65,49.89,11929.11
OI0005548,O002774,P024,65,218.59,172.42,14035.93
OI0005549,O002775,P019,54,126.79,486.69,6359.97
OI0005550,O002776,P019,92,141.84,1098.55,11950.73
OI0005551,O002776,P021,32,221.38,768.29,6315.87
OI0005552,O002776,P021,50,214.29,507.83,10206.67
OI0005553,O002777,P022,93,237.68,1077.44,21026.8
OI0005554,O002777,P019,108,140.26,1691.9,13456.18
OI0005555,O002777,P023,33,227.04,352.7,7139.62
OI0005556,O002778,P028,62,110.58,768.37,6087.59
OI0005557,O002778,P026,12,158.27,198.78,1700.46
OI0005558,O002779,P030,46,144.56,670.35,5979.41
OI0005559,O002779,P027,78,93.67,478.71,6827.55
OI0005560,O002779,P026,86,170.84,889.26,13802.98
OI0005561,O002780,P027,30,91.28,219.77,2518.63
OI0005562,O002781,P006,23,1199.24,429.33,27153.19
OI0005563,O002781,P002,70,1754.16,6800.98,115990.22
OI0005564,O002781,P001,32,1642.5,3052.33,49507.67
OI0005565,O002782,P001,81,1475.26,13868.3,105627.76
OI0005566,O002783,P004,39,1530.04,2539.83,57131.73
OI0005567,O002783,P002,59,1953.72,11742.51,103526.97
OI0005568,O002784,P005,26,1018.4,137.65,26340.75
OI0005569,O002784,P003,50,907.42,578.32,44792.68
OI0005570,O002785,P010,30,1578.96,2608.84,44759.96
OI0005571,O002785,P010,59,1631.51,14.96,96244.13
OI0005572,O002786,P010,35,1543.53,2765.81,51257.74
OI0005573,O002786,P007,76,1519.92,9171.51,106342.41
OI0005574,O002787,P007,41,1630.49,1871.75,64978.34
OI0005575,O002787,P010,37,1598.06,5874.62,53253.6
OI0005576,O002788,P017,88,281.23,2895.87,21852.37
OI0005577,O002789,P016,100,121.36,1215.59,10920.41
OI0005578,O002789,P015,21,253.35,194.16,5126.19
OI0005579,O002790,P015,92,266.4,2413.68,22095.12
OI0005580,O002791,P014,51,192.3,761.53,9045.77
OI0005581,O002791,P015,61,286.58,1492.98,15988.4
OI0005582,O002792,P024,96,218.12,261.39,20678.13
OI0005583,O002792,P023,49,223.73,640.39,10322.38
OI0005584,O002793,P021,65,229.25,617.02,14284.23
OI0005585,O002794,P021,71,217.92,556.02,14916.3
OI0005586,O002795,P022,42,233.59,344.87,9465.91
OI0005587,O002796,P025,62,215.04,376.32,12956.16
OI0005588,O002796,P029,31,119.3,415.58,3282.72
OI0005589,O002796,P030,80,158.48,107.98,12570.42
OI0005590,O002797,P001,97,1491.59,1197.93,143486.3
OI0005591,O002797,P001,94,1524.42,4765.71,138529.77
OI0005592,O002797,P001,5,1666.28,899.62,7431.78
OI0005593,O002798,P002,92,1720.19,3630.06,154627.42
OI0005594,O002799,P003,37,816.04,3342.16,26851.32
OI0005595,O002799,P006,75,1305.7,4593.63,93333.87
OI0005596,O002800,P006,54,1175.03,1754.68,61696.94
OI0005597,O002800,P002,62,1759.59,9121.08,99973.5
OI0005598,O002800,P006,6,1304.84,672.69,7156.35
OI0005599,O002801,P004,63,1553.19,4114.92,93736.05
OI0005600,O002802,P002,32,1963.43,5070.38,57759.38
OI0005601,O002802,P002,70,1828.94,3205.43,124820.37
OI0005602,O002803,P003,90,843.77,1065.2,74874.1
OI0005603,O002804,P006,48,1148.1,2032.85,53075.95
OI0005604,O002805,P009,25,2064.14,1260.2,50343.3
OI0005605,O002806,P010,93,1696.98,11187.22,146631.92
OI0005606,O002806,P012,19,1889.88,799.81,35107.91
OI0005607,O002806,P007,59,1546.12,1002.79,90218.29
OI0005608,O002807,P010,66,1784.48,4179.11,113596.57
OI0005609,O002808,P008,115,1373.54,6390.41,151566.69
OI0005610,O002808,P009,112,1936.26,1780.56,215080.56
OI0005611,O002808,P009,81,2216.35,19287.31,160237.04
OI0005612,O002809,P010,87,1755.35,17363.59,135351.86
OI0005613,O002809,P007,81,1635.13,11863.35,120582.18
OI0005614,O002810,P011,37,2064.73,6345.4,70049.61
OI0005615,O002810,P009,9,2189.23,2345.31,17357.76
OI0005616,O002811,P016,82,124.5,836.57,9372.43
OI0005617,O002811,P014,85,174.57,1561.82,13276.63
OI0005618,O002811,P017,92,280.12,2765.03,23006.01
OI0005619,O002812,P013,68,185.36,1369.39,11235.09
OI0005620,O002813,P017,16,271.76,35.26,4312.9
OI0005621,O002814,P014,25,192.98,155.53,4668.97
OI0005622,O002815,P014,52,191.81,222.53,9751.59
OI0005623,O002815,P015,58,272.55,964.29,14843.61
OI0005624,O002816,P015,77,264.43,480.05,19881.06
OI0005625,O002816,P018,53,260.57,1198.39,12611.82
OI0005626,O002816,P018,54,285.63,1320.05,14103.97
OI0005627,O002817,P022,15,226.77,312.86,3088.69
OI0005628,O002817,P020,21,245.87,45.63,5117.64
OI0005629,O002818,P023,98,215.37,1816.4,19289.86
OI0005630,O002818,P019,117,133.18,1652.5,13929.56
OI0005631,O002819,P020,62,253.41,586.79,15124.63
OI0005632,O002820,P020,67,222.58,134.79,14778.07
OI0005633,O002820,P023,50,216.06,1067.73,9735.27
OI0005634,O002820,P021,18,218.36,70.17,3860.31
OI0005635,O002821,P023,111,208.8,2559.51,20617.29
OI0005636,O002821,P024,51,209.14,597.89,10068.25
OI0005637,O002822,P027,33,98.05,146.34,3089.31
OI0005638,O002822,P025,84,190.37,1584.26,14406.82
OI0005639,O002823,P027,94,94.85,952.3,7963.6
OI0005640,O002824,P003,36,845.7,2756.9,27688.3
OI0005641,O002824,P006,90,1174.43,5271.77,100426.93
OI0005642,O002824,P006,51,1220.24,3111.23,59121.01
OI0005643,O002825,P004,80,1445.79,5140.65,110522.55
OI0005644,O002826,P006,45,1294.94,5776.28,52496.02
OI0005645,O002827,P005,48,1047.03,3010.76,47246.68
OI0005646,O002827,P001,22,1682.16,1017.03,35990.49
OI0005647,O002827,P002,71,1893.0,455.23,133947.77
OI0005648,O002828,P006,5,1159.81,573.69,5225.36
OI0005649,O002829,P001,61,1535.17,9074.59,84570.78
OI0005650,O002829,P001,94,1605.78,5653.9,145289.42
OI0005651,O002830,P003,31,835.56,333.16,25569.2
OI0005652,O002831,P003,10,897.68,957.75,8019.05
OI0005653,O002831,P005,58,982.15,5029.11,51935.59
OI0005654,O002832,P005,11,1032.86,541.38,10820.08
OI0005655,O002832,P004,18,1630.92,271.11,29085.45
OI0005656,O002833,P005,22,956.51,866.98,20176.24
OI0005657,O002834,P006,85,1146.03,8699.53,88713.02
OI0005658,O002834,P003,105,820.33,8817.16,77317.49
OI0005659,O002835,P006,73,1235.79,2213.52,87999.15
OI0005660,O002835,P002,5,1869.34,462.97,8883.73
OI0005661,O002836,P005,109,970.91,7690.84,98138.35
OI0005662,O002836,P005,88,909.61,3015.18,77030.5
OI0005663,O002837,P009,54,2082.98,609.92,111871.0
OI0005664,O002838,P008,104,1382.55,8078.88,135706.32
OI0005665,O002839,P007,97,1615.92,13067.96,143676.28
OI0005666,O002839,P011,63,2155.56,8634.61,127165.67
OI0005667,O002839,P011,80,2201.16,13801.85,162290.95
OI0005668,O002840,P010,95,1784.0,15547.19,153932.81
OI0005669,O002840,P008,39,1458.76,5498.31,51393.33
OI0005670,O002841,P008,23,1373.08,722.6,30858.24
OI0005671,O002842,P008,113,1390.43,1413.85,155704.74
OI0005672,O002843,P007,36,1483.97,4465.06,48957.86
OI0005673,O002843,P007,113,1709.97,8929.49,184297.12
OI0005674,O002843,P007,97,1649.38,11612.11,148377.75
OI0005675,O002844,P008,94,1403.5,15326.65,116602.35
OI0005676,O002845,P016,93,130.87,481.05,11689.86
OI0005677,O002845,P014,12,182.07,203.65,1981.19
OI0005678,O002846,P016,76,129.62,106.94,9744.18
OI0005679,O002846,P014,99,186.63,1992.92,16483.45
OI0005680,O002847,P014,12,197.6,135.75,2235.45
OI0005681,O002847,P014,29,180.36,285.27,4945.17
OI0005682,O002847,P017,75,280.12,672.92,20336.08
OI0005683,O002848,P014,44,184.51,450.14,7668.3
OI0005684,O002848,P014,110,192.19,1837.13,19303.77
OI0005685,O002848,P013,105,208.06,2172.69,19673.61
OI0005686,O002849,P014,41,178.32,54.96,7256.16
OI0005687,O002850,P014,23,196.49,533.84,3985.43
OI0005688,O002851,P013,9,213.34,224.58,1695.48
OI0005689,O002851,P018,51,273.93,220.39,13750.04
OI0005690,O002851,P013,49,192.56,289.86,9145.58
OI0005691,O002852,P015,117,257.28,2055.1,28046.66
OI0005692,O002852,P016,16,128.3,123.58,1929.22
OI0005693,O002852,P018,90,270.14,2544.38,21768.22
OI0005694,O002853,P017,62,284.85,816.54,16844.16
OI0005695,O002853,P017,88,277.61,2446.06,21983.62
OI0005696,O002853,P014,42,186.83,307.53,7539.33
OI0005697,O002854,P013,33,198.9,656.94,5906.76
OI0005698,O002855,P021,117,234.84,2095.7,25380.58
OI0005699,O002855,P021,110,237.77,2353.84,23800.86
OI0005700,O002855,P022,90,236.96,1746.75,19579.65
OI0005701,O002856,P024,10,202.55,7.03,2018.47
OI0005702,O002856,P023,59,206.45,540.31,11640.24
OI0005703,O002856,P024,19,224.18,72.74,4186.68
OI0005704,O002857,P020,113,234.56,562.39,25942.89
OI0005705,O002858,P021,23,240.46,657.53,4873.05
OI0005706,O002858,P023,120,216.95,1514.19,24519.81
OI0005707,O002859,P019,47,136.68,169.65,6254.31
OI0005708,O002859,P020,89,233.53,1114.29,19669.88
OI0005709,O002859,P020,8,233.53,85.08,1783.16
OI0005710,O002860,P021,44,240.06,166.4,10396.24
OI0005711,O002860,P019,34,136.01,162.27,4462.07
OI0005712,O002861,P022,77,209.95,1710.23,14455.92
OI0005713,O002861,P020,55,252.02,1371.71,12489.39
OI0005714,O002862,P023,40,231.86,302.58,8971.82
OI0005715,O002862,P019,8,125.58,98.67,905.97
OI0005716,O002863,P030,23,160.58,70.38,3622.96
OI0005717,O002864,P029,98,123.78,1429.88,10700.56
OI0005718,O002865,P028,112,126.51,523.21,13645.91
OI0005719,O002865,P026,101,159.72,248.54,15883.18
OI0005720,O002865,P029,61,135.99,462.44,7832.95
OI0005721,O002866,P001,49,1629.72,399.79,79456.49
OI0005722,O002866,P005,120,1040.94,7717.87,117194.93
OI0005723,O002866,P005,50,929.26,2635.68,43827.32
OI0005724,O002867,P001,114,1538.96,10590.73,164850.71
OI0005725,O002868,P004,90,1437.08,3322.94,126014.26
OI0005726,O002869,P005,61,995.49,2973.32,57751.57
OI0005727,O002869,P003,87,819.37,466.51,70818.68
OI0005728,O002869,P005,50,941.71,2722.96,44362.54
OI0005729,O002870,P001,108,1523.32,2509.89,162008.67
OI0005730,O002870,P003,87,845.94,238.16,73358.62
OI0005731,O002871,P002,46,1714.79,5736.82,73143.52
OI0005732,O002871,P002,29,1893.23,2236.9,52666.77
OI0005733,O002872,P002,8,1950.65,1324.9,14280.3
OI0005734,O002872,P004,64,1574.4,4220.76,96540.84
OI0005735,O002872,P003,56,919.98,2959.25,48559.63
OI0005736,O002873,P004,86,1543.44,15187.06,117548.78
OI0005737,O002874,P005,39,995.51,2794.53,36030.36
OI0005738,O002874,P002,118,1767.85,1291.29,207315.01
OI0005739,O002874,P006,62,1207.44,3485.42,71375.86
OI0005740,O002875,P001,74,1566.81,12732.94,103211.0
OI0005741,O002875,P005,33,1032.54,571.78,33502.04
OI0005742,O002876,P003,24,806.46,1818.38,17536.66
OI0005743,O002876,P004,78,1626.65,7153.86,119724.84
OI0005744,O002876,P005,23,1006.97,750.39,22409.92
OI0005745,O002877,P003,81,814.17,1381.37,64566.4
OI0005746,O002877,P005,79,1049.89,6705.39,76235.92
OI0005747,O002877,P006,71,1303.37,4040.04,88499.23
OI0005748,O002878,P001,71,1495.42,2752.08,103422.74
OI0005749,O002879,P010,43,1542.44,7324.13,59000.79
OI0005750,O002879,P010,31,1725.49,2670.77,50819.42
OI0005751,O002880,P011,95,2311.82,18118.89,201504.01
OI0005752,O002880,P008,72,1439.76,7142.74,96519.98
OI0005753,O002881,P010,25,1659.84,308.94,41187.06
OI0005754,O002882,P012,65,2034.7,8923.19,123332.31
OI0005755,O002882,P012,9,1917.27,92.38,17163.05
OI0005756,O002882,P011,114,2130.59,7109.51,235777.75
OI0005757,O002883,P010,119,1637.25,18450.38,176382.37
OI0005758,O002884,P008,57,1387.87,6351.26,72757.33
OI0005759,O002884,P011,54,2309.08,11970.91,112719.41
OI0005760,O002884,P010,98,1772.14,14723.42,158946.3
OI0005761,O002885,P007,24,1522.91,90.0,36459.84
OI0005762,O002885,P011,37,2183.55,5971.05,74820.3
OI0005763,O002886,P012,14,2094.27,2688.99,26630.79
OI0005764,O002886,P007,69,1583.01,9867.31,99360.38
OI0005765,O002887,P008,104,1531.49,9767.3,149507.66
OI0005766,O002888,P008,57,1525.16,4135.22,82798.9
OI0005767,O002888,P007,117,1527.72,20842.22,157901.02
OI0005768,O002888,P009,8,2105.83,1498.82,15347.82
OI0005769,O002889,P018,116,285.47,2904.24,30210.28
OI0005770,O002889,P014,111,189.36,2175.05,18843.91
OI0005771,O002890,P018,86,255.82,2264.88,19735.64
OI0005772,O002891,P016,100,114.53,1013.7,10439.3
OI0005773,O002891,P014,42,202.88,454.82,8066.14
OI0005774,O002892,P018,78,252.41,850.62,18837.36
OI0005775,O002892,P015,91,272.82,1060.17,23766.45
OI0005776,O002893,P013,8,207.16,64.7,1592.58
OI0005777,O002894,P017,16,300.85,180.87,4632.73
OI0005778,O002895,P013,72,204.3,412.84,14296.76
OI0005779,O002896,P014,58,193.91,560.96,10685.82
OI0005780,O002897,P013,54,194.17,1039.08,9446.1
OI0005781,O002898,P018,113,270.82,2180.69,28421.97
OI0005782,O002898,P017,21,271.79,678.66,5028.93
OI0005783,O002899,P014,99,192.36,312.9,18730.74
OI0005784,O002899,P014,98,181.17,88.77,17665.89
OI0005785,O002900,P019,71,126.16,226.71,8730.65
OI0005786,O002900,P020,81,233.9,1346.84,17599.06
OI0005787,O002900,P022,67,209.22,1599.6,12418.14
OI0005788,O002901,P022,21,208.34,333.2,4041.94
OI0005789,O002901,P023,67,203.8,74.82,13579.78
OI0005790,O002901,P024,46,220.17,318.31,9809.51
OI0005791,O002902,P023,64,225.82,211.98,14240.5
OI0005792,O002902,P021,64,238.11,450.76,14788.28
OI0005793,O002902,P024,42,225.1,607.62,8846.58
OI0005794,O002903,P021,24,206.71,285.14,4675.9
OI0005795,O002903,P023,24,226.92,149.46,5296.62
OI0005796,O002904,P019,29,124.96,56.97,3566.87
OI0005797,O002904,P024,9,197.42,69.32,1707.46
OI0005798,O002905,P021,68,225.89,1035.95,14324.57
OI0005799,O002905,P020,92,248.63,2564.47,20309.49
OI0005800,O002906,P029,57,130.92,41.57,7420.87
OI0005801,O002907,P029,45,127.98,590.11,5168.99
OI0005802,O002907,P029,16,132.09,122.44,1991.0
OI0005803,O002908,P025,15,201.83,103.14,2924.31
OI0005804,O002909,P004,118,1510.48,18926.55,159310.09
OI0005805,O002909,P001,5,1469.52,653.54,6694.06
OI0005806,O002909,P002,13,1723.76,1557.26,20851.62
OI0005807,O002910,P004,58,1540.14,135.71,89192.41
OI0005808,O002910,P005,120,945.25,13397.51,100032.49
OI0005809,O002910,P002,83,1859.52,8637.87,145702.29
OI0005810,O002911,P005,98,903.59,7934.7,80617.12
OI0005811,O002911,P005,85,1039.9,6087.16,82304.34
OI0005812,O002912,P005,65,1044.66,4342.26,63560.64
OI0005813,O002913,P005,74,1025.56,1898.21,73993.23
OI0005814,O002914,P003,92,823.34,2896.12,72851.16
OI0005815,O002915,P010,68,1593.12,10028.26,98303.9
OI0005816,O002915,P010,72,1655.1,3475.1,115692.1
OI0005817,O002916,P007,12,1533.64,77.25,18326.43
OI0005818,O002916,P011,10,2326.03,45.53,23214.77
OI0005819,O002917,P017,45,280.8,237.22,12398.78
OI0005820,O002917,P016,83,128.01,1248.19,9376.64
OI0005821,O002918,P015,52,280.87,1252.7,13352.54
OI0005822,O002918,P016,104,126.84,1278.53,11912.83
OI0005823,O002918,P018,13,269.24,204.76,3295.36
OI0005824,O002919,P017,118,296.99,4036.49,31008.33
OI0005825,O002919,P018,89,282.52,2558.21,22586.07
OI0005826,O002920,P019,61,134.19,921.63,7263.96
OI0005827,O002920,P019,68,141.32,530.76,9079.0
OI0005828,O002921,P020,83,246.22,1396.44,19039.82
OI0005829,O002921,P021,106,232.98,1360.44,23335.44
OI0005830,O002921,P019,6,135.43,93.87,718.71
OI0005831,O002922,P021,47,223.27,294.97,10198.72
OI0005832,O002922,P019,47,138.56,150.99,6361.33
OI0005833,O002923,P025,13,188.02,1.78,2442.48
OI0005834,O002924,P002,110,1837.38,11766.85,190344.95
OI0005835,O002924,P004,84,1551.39,10679.23,119637.53
OI0005836,O002925,P003,14,916.23,1355.84,11471.38
OI0005837,O002925,P001,50,1638.64,2984.86,78947.14
OI0005838,O002925,P005,106,1042.74,906.55,109623.89
OI0005839,O002926,P005,114,1011.4,442.31,114857.29
OI0005840,O002926,P002,46,1873.94,1779.14,84422.1
OI0005841,O002926,P002,116,1882.77,20876.52,197524.8
OI0005842,O002927,P002,22,1802.07,2662.57,36982.97
OI0005843,O002927,P004,35,1557.91,4536.35,49990.5
OI0005844,O002928,P006,36,1187.61,4341.54,38412.42
OI0005845,O002928,P003,29,810.4,270.11,23231.49
OI0005846,O002928,P001,16,1513.65,1227.5,22990.9
OI0005847,O002929,P003,91,891.21,7566.26,73533.85
OI0005848,O002929,P006,98,1169.06,7812.25,106755.63
OI0005849,O002929,P006,99,1188.18,13764.26,103865.56
OI0005850,O002930,P006,8,1214.14,86.86,9626.26
OI0005851,O002931,P011,44,2275.99,7918.94,92224.62
OI0005852,O002931,P008,10,1442.4,1556.63,12867.37
OI0005853,O002932,P008,63,1451.0,1187.3,90225.7
OI0005854,O002933,P009,94,2141.77,14053.06,187273.32
OI0005855,O002933,P012,117,2135.23,14661.63,235160.28
OI0005856,O002933,P012,118,2149.53,18508.26,235136.28
OI0005857,O002934,P007,7,1583.73,722.17,10363.94
OI0005858,O002934,P012,105,2153.83,3223.56,222928.59
OI0005859,O002934,P007,88,1721.05,14500.16,136952.24
OI0005860,O002935,P012,68,1949.09,3709.83,128828.29
OI0005861,O002936,P014,115,177.31,2266.76,18123.89
OI0005862,O002937,P018,36,284.2,513.26,9717.94
OI0005863,O002937,P014,93,199.02,255.06,18253.8
OI0005864,O002938,P018,106,263.91,1495.04,26479.42
OI0005865,O002939,P015,20,288.09,231.59,5530.21
OI0005866,O002940,P015,106,285.81,2866.87,27428.99
OI0005867,O002940,P015,105,262.74,2232.23,25355.47
OI0005868,O002940,P016,41,119.32,128.04,4764.08
OI0005869,O002941,P017,44,271.83,462.21,11498.31
OI0005870,O002941,P017,22,297.66,162.64,6385.88
OI0005871,O002942,P019,57,141.89,402.87,7684.86
OI0005872,O002942,P020,55,248.63,889.77,12784.88
OI0005873,O002943,P023,92,222.35,837.25,19618.95
OI0005874,O002943,P024,105,196.23,1375.25,19228.9
OI0005875,O002943,P023,9,233.63,205.24,1897.43
OI0005876,O002944,P020,110,219.62,517.61,23640.59
OI0005877,O002944,P019,92,135.25,1045.49,11397.51
OI0005878,O002945,P022,77,214.04,1304.19,15176.89
OI0005879,O002945,P023,85,226.3,307.12,18928.38
OI0005880,O002945,P022,19,233.54,123.24,4314.02
OI0005881,O002946,P022,100,219.43,658.19,21284.81
OI0005882,O002946,P022,25,216.53,129.54,5283.71
OI0005883,O002947,P027,72,92.2,205.49,6432.91
OI0005884,O002947,P028,96,111.26,938.87,9742.09
OI0005885,O002947,P027,82,95.96,577.62,7291.1
OI0005886,O002948,P003,48,828.52,614.78,39154.18
OI0005887,O002948,P004,76,1558.21,7768.0,110655.96
OI0005888,O002948,P004,62,1574.64,5767.83,91859.85
OI0005889,O002949,P001,64,1667.16,8264.51,98433.73
OI0005890,O002950,P006,35,1191.48,3219.58,38482.22
OI0005891,O002950,P005,70,992.56,641.44,68837.76
OI0005892,O002950,P004,19,1445.98,537.8,26935.82
OI0005893,O002951,P005,95,1015.6,5086.8,91395.2
OI0005894,O002951,P003,39,803.31,3727.44,27601.65
OI0005895,O002951,P005,38,957.9,3228.88,33171.32
OI0005896,O002952,P001,83,1494.11,10897.82,113113.31
OI0005897,O002952,P001,44,1613.05,6317.36,64656.84
OI0005898,O002952,P005,33,941.85,911.74,30169.31
OI0005899,O002953,P005,26,1050.16,1868.64,25435.52
OI0005900,O002953,P004,119,1605.92,21231.23,169873.25
OI0005901,O002954,P002,80,1990.81,659.58,158605.22
OI0005902,O002954,P002,83,1983.16,12756.45,151845.83
OI0005903,O002955,P003,7,803.4,443.68,5180.12
OI0005904,O002956,P003,98,891.13,82.94,87247.8
OI0005905,O002956,P004,101,1513.27,3374.72,149465.55
OI0005906,O002957,P005,7,959.88,717.93,6001.23
OI0005907,O002958,P002,72,1892.92,737.14,135553.1
OI0005908,O002959,P003,110,806.35,4140.43,84558.07
OI0005909,O002959,P006,28,1165.97,2391.33,30255.83
OI0005910,O002960,P002,13,1794.42,256.59,23070.87
OI0005911,O002961,P006,47,1241.69,6769.96,51589.47
OI0005912,O002961,P006,29,1166.28,1396.77,32425.35
OI0005913,O002961,P004,78,1486.16,3300.04,112620.44
OI0005914,O002962,P005,72,1051.92,357.37,75380.87
OI0005915,O002962,P003,84,865.37,2563.08,70128.0
OI0005916,O002962,P006,117,1134.76,7480.59,125286.33
OI0005917,O002963,P005,61,1052.49,3541.16,60660.73
OI0005918,O002964,P005,71,975.91,5594.48,63695.13
OI0005919,O002964,P003,20,876.59,1685.22,15846.58
OI0005920,O002964,P006,90,1233.04,8024.67,102948.93
OI0005921,O002965,P011,27,2104.49,5471.51,51349.72
OI0005922,O002965,P011,74,2152.59,4601.16,154690.5
OI0005923,O002966,P012,105,2038.24,18339.82,195675.38
OI0005924,O002966,P010,90,1658.24,58.8,149182.8
OI0005925,O002966,P008,47,1328.71,5446.05,57003.32
OI0005926,O002967,P007,120,1672.64,12485.14,188231.66
OI0005927,O002967,P007,119,1632.8,12129.74,182173.46
OI0005928,O002968,P008,20,1466.26,1573.92,27751.28
OI0005929,O002968,P012,52,2180.58,7633.14,105757.02
OI0005930,O002968,P008,92,1506.03,12443.63,126111.13
OI0005931,O002969,P011,114,2127.7,17266.02,225291.78
OI0005932,O002969,P012,94,1933.49,21111.0,160637.06
OI0005933,O002970,P011,31,2333.82,134.05,72214.37
OI0005934,O002971,P009,105,2185.76,9755.06,219749.74
OI0005935,O002972,P011,112,2133.85,27084.62,211906.58
OI0005936,O002972,P007,82,1585.08,6343.26,123633.3
OI0005937,O002973,P016,101,125.3,745.7,11909.6
OI0005938,O002973,P014,21,195.36,352.66,3749.9
OI0005939,O002974,P017,45,298.25,55.52,13365.73
OI0005940,O002974,P015,60,258.04,1534.48,13947.92
OI0005941,O002974,P018,97,263.29,1981.18,23557.95
OI0005942,O002975,P018,73,285.83,1942.08,18923.51
OI0005943,O002975,P018,17,286.14,414.3,4450.08
OI0005944,O002976,P018,115,253.98,1565.15,27642.55
OI0005945,O002976,P015,111,268.81,1986.67,27851.24
OI0005946,O002977,P018,19,277.71,173.69,5102.8
OI0005947,O002977,P018,49,271.34,863.4,12432.26
OI0005948,O002977,P013,23,209.53,428.05,4391.14
OI0005949,O002978,P014,74,184.89,333.03,13348.83
OI0005950,O002978,P013,34,214.91,751.93,6555.01
OI0005951,O002979,P018,32,271.18,332.35,8345.41
OI0005952,O002979,P017,13,269.14,126.23,3372.59
OI0005953,O002979,P016,23,125.18,203.31,2675.83
OI0005954,O002980,P018,110,274.62,312.81,29895.39
OI0005955,O002981,P017,14,295.79,83.64,4057.42
OI0005956,O002982,P015,88,274.02,2471.65,21642.11
OI0005957,O002982,P014,69,189.76,494.52,12598.92
OI0005958,O002982,P013,95,196.7,286.01,18400.49
OI0005959,O002983,P022,50,238.21,1151.42,10759.08
OI0005960,O002983,P023,45,218.15,830.67,8986.08
OI0005961,O002984,P023,72,215.4,1113.09,14395.71
OI0005962,O002984,P024,77,212.17,1502.2,14834.89
OI0005963,O002985,P020,27,236.42,498.62,5884.72
OI0005964,O002986,P019,7,142.83,71.11,928.7
OI0005965,O002987,P023,85,226.98,1069.41,18223.89
OI0005966,O002987,P021,74,234.56,210.76,17146.68
OI0005967,O002988,P019,5,136.6,46.3,636.7
OI0005968,O002989,P022,23,221.67,415.94,4682.47
OI0005969,O002989,P020,120,249.75,874.73,29095.27
OI0005970,O002990,P022,59,227.46,208.62,13211.52
OI0005971,O002990,P019,71,138.06,1119.47,8682.79
OI0005972,O002990,P020,71,246.79,1469.4,16052.69
OI0005973,O002991,P028,48,123.8,665.92,5276.48
OI0005974,O002991,P027,80,97.37,201.56,7588.04
OI0005975,O002992,P028,41,112.72,387.92,4233.6
OI0005976,O002992,P030,51,164.5,540.29,7849.21
OI0005977,O002993,P005,80,975.48,8475.57,69562.83
OI0005978,O002994,P006,45,1279.76,6182.12,51407.08
OI0005979,O002995,P002,94,1847.3,14037.23,159608.97
OI0005980,O002995,P006,6,1202.36,454.96,6759.2
OI0005981,O002995,P001,7,1473.06,1041.48,9269.94
OI0005982,O002996,P004,16,1468.53,1387.78,22108.7
OI0005983,O002997,P002,95,1721.86,9144.98,154431.72
OI0005984,O002997,P006,119,1157.05,1818.22,135870.73
OI0005985,O002998,P003,75,894.46,7231.57,59852.93
OI0005986,O002998,P005,7,1026.65,689.58,6496.97
OI0005987,O002999,P006,109,1280.34,14533.71,125023.35
OI0005988,O002999,P001,12,1628.03,1674.49,17861.87
OI0005989,O002999,P005,35,1051.28,3139.04,33655.76
OI0005990,O003000,P005,65,954.02,6651.83,55359.47
OI0005991,O003000,P005,70,1000.83,7693.5,62364.6
OI0005992,O003000,P006,6,1160.49,120.27,6842.67
OI0005993,O003001,P002,101,1913.42,5570.01,187685.41
OI0005994,O003002,P004,90,1577.71,15665.27,126328.63
OI0005995,O003002,P003,43,892.42,3361.54,35012.52
OI0005996,O003003,P001,32,1600.91,291.92,50937.2
OI0005997,O003003,P006,118,1176.13,12124.89,126658.45
OI0005998,O003004,P004,20,1601.96,3511.75,28527.45
OI0005999,O003004,P006,59,1159.38,2090.08,66313.34
OI0006000,O003005,P005,120,1042.67,14140.81,110979.59
OI0006001,O003005,P004,22,1582.62,1906.48,32911.16
OI0006002,O003006,P002,94,1851.6,4615.17,169435.23
OI0006003,O003006,P004,55,1523.83,4048.96,79761.69
OI0006004,O003007,P004,22,1599.8,4002.57,31193.03
OI0006005,O003007,P002,42,1898.35,9016.63,70714.07
OI0006006,O003007,P002,119,1812.68,3728.54,211980.38
OI0006007,O003008,P001,35,1573.87,3176.67,51908.78
OI0006008,O003009,P001,58,1481.57,4630.21,81300.85
OI0006009,O003010,P010,18,1733.97,1840.8,29370.66
OI0006010,O003011,P012,115,2096.73,8717.48,232406.47
OI0006011,O003011,P008,31,1439.36,5141.92,39478.24
OI0006012,O003011,P012,40,2098.4,7030.81,76905.19
OI0006013,O003012,P011,33,2312.39,6778.75,69530.12
OI0006014,O003013,P010,104,1570.71,4399.39,158954.45
OI0006015,O003013,P008,101,1372.15,561.54,138025.61
OI0006016,O003013,P007,40,1567.24,5394.43,57295.17
OI0006017,O003014,P009,18,1979.42,1801.02,33828.54
OI0006018,O003014,P011,48,2150.33,10995.75,92220.09
OI0006019,O003015,P008,95,1470.93,14502.74,125235.61
OI0006020,O003015,P008,116,1342.94,8265.95,147515.09
OI0006021,O003015,P010,115,1603.58,2536.12,181875.58
OI0006022,O003016,P012,91,2048.89,21777.99,164671.0
OI0006023,O003016,P012,106,1988.88,18334.7,192486.58
OI0006024,O003017,P008,39,1440.23,27.61,56141.36
OI0006025,O003017,P010,69,1746.27,3892.84,116599.79
OI0006026,O003018,P012,117,1984.6,26147.11,206051.09
OI0006027,O003018,P008,83,1349.7,10771.29,101253.81
OI0006028,O003019,P017,97,268.94,789.42,25297.76
OI0006029,O003019,P016,33,128.98,347.93,3908.41
OI0006030,O003020,P015,58,283.02,1367.42,15047.74
OI0006031,O003021,P017,118,295.28,1886.12,32956.92
OI0006032,O003022,P013,94,185.5,1229.37,16207.63
OI0006033,O003023,P018,107,276.09,2509.04,27032.59
OI0006034,O003024,P013,92,196.06,556.19,17481.33
OI0006035,O003025,P017,109,267.23,2203.75,26924.32
OI0006036,O003025,P013,11,207.83,0.32,2285.81
OI0006037,O003025,P014,34,188.26,743.64,5657.2
OI0006038,O003026,P016,99,125.75,752.37,11696.88
OI0006039,O003027,P018,54,264.89,1193.98,13110.08
OI0006040,O003027,P018,117,264.67,258.88,30707.51
OI0006041,O003027,P018,63,275.46,542.61,16811.37
OI0006042,O003028,P016,106,127.98,594.01,12971.87
OI0006043,O003028,P017,19,276.84,221.74,5038.22
OI0006044,O003029,P022,7,208.21,127.07,1330.4
OI0006045,O003029,P019,111,131.05,618.33,13928.22
OI0006046,O003030,P021,82,228.0,975.49,17720.51
OI0006047,O003030,P020,25,241.78,509.05,5535.45
OI0006048,O003031,P021,68,213.73,758.46,13775.18
OI0006049,O003032,P021,90,225.8,796.83,19525.17
OI0006050,O003032,P019,64,143.95,48.86,9163.94
OI0006051,O003032,P020,90,224.59,1121.14,19091.96
OI0006052,O003033,P021,79,206.46,1869.8,14440.54
OI0006053,O003034,P023,47,231.05,755.12,10104.23
OI0006054,O003035,P024,51,207.21,414.92,10152.79
OI0006055,O003035,P021,93,230.63,553.15,20895.44
OI0006056,O003035,P023,22,226.96,545.93,4447.19
OI0006057,O003036,P025,96,198.07,2182.38,16832.34
OI0006058,O003036,P027,99,88.66,464.26,8313.08
OI0006059,O003037,P028,95,126.41,887.07,11121.88
OI0006060,O003038,P027,8,88.5,13.87,694.13
OI0006061,O003038,P028,98,113.11,1260.94,9823.84
OI0006062,O003038,P026,68,157.19,913.36,9775.56
OI0006063,O003039,P027,38,95.25,326.66,3292.84
OI0006064,O003039,P029,68,129.58,673.91,8137.53
OI0006065,O003039,P030,106,151.89,1455.7,14644.64
OI0006066,O003040,P005,118,974.84,5890.61,109140.51
OI0006067,O003040,P002,113,1743.58,20455.24,176569.3
OI0006068,O003041,P002,102,1952.0,2583.69,196520.31
OI0006069,O003041,P001,110,1698.51,13094.91,173741.19
OI0006070,O003041,P003,12,864.24,590.25,9780.63
OI0006071,O003042,P006,16,1126.61,929.31,17096.45
OI0006072,O003043,P004,28,1500.06,1931.69,40069.99
OI0006073,O003043,P003,44,848.95,1803.41,35550.39
OI0006074,O003043,P003,118,885.01,4939.12,99492.06
OI0006075,O003044,P005,115,1002.59,886.95,114410.9
OI0006076,O003044,P001,25,1681.9,984.49,41063.01
OI0006077,O003044,P006,120,1184.85,8274.08,133907.92
OI0006078,O003045,P001,88,1580.47,741.47,138339.89
OI0006079,O003046,P003,16,811.12,258.31,12719.61
OI0006080,O003046,P002,22,1826.06,4749.91,35423.41
OI0006081,O003046,P004,69,1439.23,1978.87,97328.0
OI0006082,O003047,P011,35,2066.37,6406.51,65916.44
OI0006083,O003047,P011,63,2068.17,14848.51,115446.2
OI0006084,O003048,P010,96,1654.7,5065.7,153785.5
OI0006085,O003048,P010,73,1614.9,2759.91,115127.79
OI0006086,O003048,P011,18,2125.66,124.52,38137.36
OI0006087,O003049,P012,92,1901.68,17330.97,157623.59
OI0006088,O003049,P010,81,1615.07,6232.63,124588.04
OI0006089,O003049,P009,94,2213.07,10943.23,197085.35
OI0006090,O003050,P007,89,1652.43,7631.61,139434.66
OI0006091,O003051,P014,32,189.2,217.75,5836.65
OI0006092,O003052,P016,48,129.7,531.35,5694.25
OI0006093,O003052,P017,117,304.32,3995.68,31609.76
OI0006094,O003053,P013,88,210.12,2097.71,16392.85
OI0006095,O003054,P017,56,295.78,752.53,15811.15
OI0006096,O003054,P016,11,113.79,6.7,1244.99
OI0006097,O003055,P014,63,190.38,793.53,11200.41
OI0006098,O003055,P014,87,186.41,1349.83,14867.84
OI0006099,O003056,P020,48,221.5,875.08,9756.92
OI0006100,O003056,P022,80,213.09,1233.81,15813.39
OI0006101,O003057,P021,71,233.42,1830.16,14742.66
OI0006102,O003057,P022,70,221.16,1171.68,14309.52
OI0006103,O003057,P021,26,221.25,507.54,5244.96
OI0006104,O003058,P020,56,219.94,240.99,12075.65
OI0006105,O003058,P020,89,225.4,1708.6,18352.0
OI0006106,O003059,P029,68,129.87,759.47,8071.69
OI0006107,O003060,P006,21,1173.18,1383.26,23253.52
OI0006108,O003060,P002,85,1806.97,11932.45,141660.0
OI0006109,O003061,P001,120,1483.9,20116.87,157951.13
OI0006110,O003061,P006,98,1281.97,11044.24,114588.82
OI0006111,O003061,P004,92,1581.58,15434.67,130070.69
OI0006112,O003062,P006,117,1177.29,10308.11,127434.82
OI0006113,O003062,P001,113,1619.47,20031.38,162968.73
OI0006114,O003063,P005,16,1007.73,1309.69,14813.99
OI0006115,O003063,P004,100,1449.13,14718.59,130194.41
OI0006116,O003064,P005,44,908.91,3766.25,36225.79
OI0006117,O003064,P003,105,806.84,2442.03,82276.17
OI0006118,O003064,P004,61,1498.01,9175.43,82203.18
OI0006119,O003065,P002,23,1717.15,98.76,39395.69
OI0006120,O003065,P006,16,1223.56,377.69,19199.27
OI0006121,O003065,P003,52,812.33,1042.09,41199.07
OI0006122,O003066,P003,9,847.63,260.56,7368.11
OI0006123,O003067,P006,40,1181.85,2648.86,44625.14
OI0006124,O003068,P006,27,1238.24,3612.8,29819.68
OI0006125,O003068,P004,32,1560.63,2021.47,47918.69
OI0006126,O003069,P007,8,1505.85,88.44,11958.36
OI0006127,O003069,P010,60,1585.56,11204.44,83929.16
OI0006128,O003069,P010,80,1557.7,6558.62,118057.38
OI0006129,O003070,P008,21,1353.92,1850.0,26582.32
OI0006130,O003070,P008,48,1341.52,3776.66,60616.3
OI0006131,O003071,P009,40,2193.16,5885.36,81841.04
OI0006132,O003072,P008,28,1439.53,3756.02,36550.82
OI0006133,O003072,P011,38,2236.22,936.99,84039.37
OI0006134,O003072,P007,81,1489.58,5076.8,115579.18
OI0006135,O003073,P012,22,2011.04,1603.39,42639.49
OI0006136,O003073,P012,20,2171.66,4351.74,39081.46
OI0006137,O003073,P011,106,2119.2,5112.12,219523.08
OI0006138,O003074,P018,53,255.26,870.01,12658.77
OI0006139,O003074,P015,20,285.43,315.42,5393.18
OI0006140,O003074,P018,34,262.11,816.29,8095.45
OI0006141,O003075,P013,39,207.31,706.27,7378.82
OI0006142,O003075,P017,9,296.77,145.21,2525.72
OI0006143,O003075,P014,99,184.27,1221.01,17021.72
OI0006144,O003076,P018,70,276.47,1595.6,17757.3
OI0006145,O003076,P014,59,181.3,286.35,10410.35
OI0006146,O003076,P018,34,256.44,388.59,8330.37
OI0006147,O003077,P014,7,198.52,90.65,1298.99
OI0006148,O003077,P017,16,304.93,128.36,4750.52
OI0006149,O003077,P013,106,195.14,291.47,20393.37
OI0006150,O003078,P014,102,202.52,2228.91,18428.13
OI0006151,O003079,P016,25,116.24,81.14,2824.86
OI0006152,O003080,P024,27,213.83,554.77,5218.64
OI0006153,O003080,P020,80,243.18,1511.59,17942.81
OI0006154,O003081,P024,68,208.06,1548.14,12599.94
OI0006155,O003081,P019,73,143.29,1162.75,9297.42
OI0006156,O003081,P023,55,228.39,198.77,12362.68
OI0006157,O003082,P019,100,143.91,1590.21,12800.79
OI0006158,O003082,P021,63,226.9,1592.07,12702.63
OI0006159,O003083,P020,63,251.27,812.6,15017.41
OI0006160,O003083,P020,43,247.39,496.14,10141.63
OI0006161,O003084,P019,110,125.07,705.06,13052.64
OI0006162,O003085,P025,34,204.17,416.43,6525.35
OI0006163,O003086,P005,104,963.54,152.89,100055.27
OI0006164,O003087,P004,73,1420.36,9371.4,94314.88
OI0006165,O003087,P001,32,1477.21,5002.7,42268.02
OI0006166,O003088,P004,52,1520.3,2626.23,76429.37
OI0006167,O003089,P001,30,1686.76,518.7,50084.1
OI0006168,O003090,P004,65,1489.58,5486.19,91336.51
OI0006169,O003090,P002,45,1817.41,5590.16,76193.29
OI0006170,O003091,P001,54,1659.86,8623.43,81009.01
OI0006171,O003092,P002,66,1747.33,12928.65,102395.13
OI0006172,O003092,P003,113,834.91,9792.01,84552.82
OI0006173,O003093,P001,66,1582.5,10220.98,94224.02
OI0006174,O003094,P005,12,991.66,300.16,11599.76
OI0006175,O003094,P002,26,1789.43,55.12,46470.06
OI0006176,O003095,P004,69,1429.44,4388.08,94243.28
OI0006177,O003095,P003,8,905.14,631.84,6609.28
OI0006178,O003095,P006,88,1153.76,2966.09,98564.79
OI0006179,O003096,P004,13,1577.69,293.71,20216.26
OI0006180,O003097,P005,98,947.58,6726.32,86136.52
OI0006181,O003097,P006,5,1210.72,172.51,5881.09
OI0006182,O003097,P001,9,1660.88,135.79,14812.13
OI0006183,O003098,P003,48,903.3,3035.48,40322.92
OI0006184,O003098,P004,103,1559.13,732.21,159858.18
OI0006185,O003099,P006,35,1239.08,25.88,43341.92
OI0006186,O003099,P001,95,1517.47,11593.73,132565.92
OI0006187,O003099,P004,34,1432.17,5057.19,43636.59
OI0006188,O003100,P001,65,1615.44,970.82,104032.78
OI0006189,O003100,P001,30,1492.42,405.99,44366.61
OI0006190,O003101,P001,43,1613.02,1771.99,67587.87
OI0006191,O003102,P008,107,1454.82,628.75,155036.99
OI0006192,O003102,P011,32,2337.5,215.03,74584.97
OI0006193,O003102,P007,19,1569.64,2638.45,27184.71
OI0006194,O003103,P007,14,1715.15,615.73,23396.37
OI0006195,O003104,P010,30,1548.28,313.0,46135.4
OI0006196,O003105,P012,66,1926.89,12391.88,114782.86
OI0006197,O003105,P008,39,1335.48,3508.8,48574.92
OI0006198,O003105,P009,61,2012.52,1745.26,121018.46
OI0006199,O003106,P012,41,2039.75,9748.98,73880.77
OI0006200,O003107,P011,99,2042.57,22336.58,179877.85
OI0006201,O003107,P012,8,2019.92,1285.44,14873.92
OI0006202,O003107,P012,11,1998.57,1884.07,20100.2
OI0006203,O003108,P011,70,2185.95,8554.29,144462.21
OI0006204,O003109,P013,37,195.31,264.75,6961.72
OI0006205,O003109,P018,37,278.53,702.65,9602.96
OI0006206,O003109,P015,25,280.48,62.82,6949.18
OI0006207,O003110,P016,17,125.6,83.34,2051.86
OI0006208,O003110,P018,52,277.62,376.8,14059.44
OI0006209,O003111,P016,26,122.24,217.6,2960.64
OI0006210,O003111,P017,117,284.18,3827.77,29421.29
OI0006211,O003112,P018,40,260.95,531.08,9906.92
OI0006212,O003112,P018,17,273.52,322.9,4326.94
OI0006213,O003112,P016,70,128.78,1035.93,7978.67
OI0006214,O003113,P016,41,120.63,579.56,4366.27
OI0006215,O003113,P018,15,282.05,219.21,4011.54
OI0006216,O003114,P015,53,271.75,1033.48,13369.27
OI0006217,O003114,P018,60,287.04,593.86,16628.54
OI0006218,O003114,P016,29,129.85,132.95,3632.7
OI0006219,O003115,P018,87,285.17,1792.46,23017.33
OI0006220,O003115,P014,99,197.59,985.93,18575.48
OI0006221,O003116,P017,36,303.4,923.11,9999.29
OI0006222,O003116,P013,18,214.64,174.78,3688.74
OI0006223,O003116,P017,18,304.33,308.99,5168.95
OI0006224,O003117,P013,24,192.47,336.27,4283.01
OI0006225,O003117,P015,95,253.43,1587.01,22488.84
OI0006226,O003118,P014,48,195.55,294.31,9092.09
OI0006227,O003118,P015,108,266.28,1726.8,27031.44
OI0006228,O003118,P018,84,251.75,156.26,20990.74
OI0006229,O003119,P018,96,283.93,2952.17,24305.11
OI0006230,O003119,P013,19,194.83,305.24,3396.53
OI0006231,O003119,P016,29,127.02,120.87,3562.71
OI0006232,O003120,P017,104,306.22,1214.45,30632.43
OI0006233,O003121,P017,90,297.36,1756.75,25005.65
OI0006234,O003121,P018,73,257.93,400.76,18428.13
OI0006235,O003122,P016,96,131.14,1064.69,11524.75
OI0006236,O003122,P016,33,117.98,121.61,3771.73
OI0006237,O003122,P013,56,205.61,884.09,10630.07
OI0006238,O003123,P018,67,265.55,866.44,16925.41
OI0006239,O003124,P020,66,229.08,9.6,15109.68
OI0006240,O003124,P024,7,226.98,0.5,1588.36
OI0006241,O003125,P023,109,209.08,2266.06,20523.66
OI0006242,O003125,P022,50,223.95,232.68,10964.82
OI0006243,O003126,P019,91,128.06,1182.21,10471.25
OI0006244,O003126,P021,39,228.67,98.34,8819.79
OI0006245,O003127,P019,120,125.92,662.07,14448.33
OI0006246,O003127,P024,37,207.41,548.43,7125.74
OI0006247,O003127,P020,48,229.84,935.48,10096.84
OI0006248,O003128,P019,21,137.02,76.4,2801.02
OI0006249,O003128,P020,26,232.12,382.02,5653.1
OI0006250,O003128,P023,69,230.4,105.39,15792.21
OI0006251,O003129,P023,32,222.98,628.11,6507.25
OI0006252,O003129,P020,45,240.1,612.98,10191.52
OI0006253,O003130,P022,31,212.24,627.96,5951.48
OI0006254,O003130,P021,83,228.01,123.69,18801.14
OI0006255,O003130,P024,39,195.75,804.21,6830.04
OI0006256,O003131,P021,42,234.7,108.88,9748.52
OI0006257,O003131,P022,18,230.32,79.9,4065.86
OI0006258,O003132,P024,88,226.71,812.58,19137.9
OI0006259,O003132,P022,113,230.15,236.17,25770.78
OI0006260,O003133,P026,32,156.01,51.63,4940.69
OI0006261,O003133,P028,84,117.16,176.28,9665.16
OI0006262,O003133,P029,37,136.33,298.49,4745.72
OI0006263,O003134,P025,79,195.86,128.65,15344.29
OI0006264,O003135,P030,25,144.88,427.08,3194.92
OI0006265,O003135,P025,114,209.94,1253.85,22679.31
OI0006266,O003135,P030,45,142.93,64.66,6367.19
OI0006267,O003136,P003,65,921.04,4878.36,54989.24
OI0006268,O003136,P001,38,1550.27,917.53,57992.73
OI0006269,O003137,P002,101,1837.55,21369.96,164222.59
OI0006270,O003137,P003,77,875.66,634.64,66791.18
OI0006271,O003137,P003,44,923.87,3249.55,37400.73
OI0006272,O003138,P003,39,884.03,164.65,34312.52
OI0006273,O003138,P001,12,1588.13,1310.68,17746.88
OI0006274,O003139,P004,27,1562.85,3561.16,38635.79
OI0006275,O003140,P003,27,902.92,1499.52,22879.32
OI0006276,O003141,P005,54,935.62,3016.58,47506.9
OI0006277,O003141,P001,27,1515.01,1899.61,39005.66
OI0006278,O003141,P003,42,865.32,3882.3,32461.14
OI0006279,O003142,P002,28,1954.04,2989.49,51723.63
OI0006280,O003142,P003,11,861.46,1024.13,8451.93
OI0006281,O003143,P004,117,1607.6,17167.04,170922.16
OI0006282,O003144,P006,93,1263.24,12191.38,105289.94
OI0006283,O003144,P002,14,1751.21,2380.44,22136.5
OI0006284,O003145,P003,72,834.08,2665.07,57388.69
OI0006285,O003146,P001,48,1655.57,8348.44,71118.92
OI0006286,O003147,P005,24,910.9,1508.87,20352.73
OI0006287,O003148,P006,36,1179.09,3892.61,38554.63
OI0006288,O003148,P004,105,1444.41,16877.38,134785.67
OI0006289,O003148,P002,63,1767.01,9512.67,101808.96
OI0006290,O003149,P001,64,1654.86,6986.82,98924.22
OI0006291,O003150,P003,103,839.13,1512.57,84917.82
OI0006292,O003150,P003,14,868.89,1025.6,11138.86
OI0006293,O003151,P004,42,1600.3,7280.03,59932.57
OI0006294,O003151,P001,38,1501.24,3800.5,53246.62
OI0006295,O003151,P005,83,913.61,2163.95,73665.68
OI0006296,O003152,P002,88,1961.43,13400.98,159204.86
OI0006297,O003152,P003,42,854.26,4287.04,31591.88
OI0006298,O003153,P004,104,1521.63,7514.14,150735.38
OI0006299,O003153,P001,6,1498.78,882.38,8110.3
OI0006300,O003153,P001,43,1549.73,5572.22,61066.17
OI0006301,O003154,P007,36,1589.46,750.64,56469.92
OI0006302,O003154,P011,38,2265.35,3367.13,82716.17
OI0006303,O003155,P009,69,1920.36,5390.1,127114.74
OI0006304,O003155,P010,8,1733.24,230.94,13634.98
OI0006305,O003155,P012,9,2110.94,497.56,18500.9
OI0006306,O003156,P012,40,2149.08,4109.69,81853.51
OI0006307,O003157,P007,31,1696.73,3967.43,48631.2
OI0006308,O003158,P007,96,1515.2,450.68,145008.52
OI0006309,O003159,P011,19,2160.99,4458.33,36600.48
OI0006310,O003159,P009,49,1941.31,6668.45,88455.74
OI0006311,O003160,P008,109,1371.12,11378.62,138073.46
OI0006312,O003161,P008,108,1494.8,19281.76,142156.64
OI0006313,O003161,P007,25,1523.38,906.28,37178.22
OI0006314,O003162,P009,59,2015.99,6398.01,112545.4
OI0006315,O003162,P007,62,1715.25,166.46,106179.04
OI0006316,O003162,P011,57,2253.92,13605.17,114868.27
OI0006317,O003163,P011,54,2059.73,10971.54,100253.88
OI0006318,O003164,P009,120,2177.71,3411.62,257913.58
OI0006319,O003164,P012,81,2119.63,7873.67,163816.36
OI0006320,O003164,P007,84,1585.25,2078.85,131082.15
OI0006321,O003165,P014,49,197.15,533.34,9127.01
OI0006322,O003165,P015,96,283.85,1504.45,25745.15
OI0006323,O003166,P016,110,128.32,977.75,13137.45
OI0006324,O003167,P017,66,281.01,359.54,18187.12
OI0006325,O003168,P013,101,196.19,2138.73,17676.46
OI0006326,O003169,P016,70,125.97,216.09,8601.81
OI0006327,O003170,P017,60,294.76,994.05,16691.55
OI0006328,O003170,P016,95,124.21,976.28,10823.67
OI0006329,O003171,P013,102,200.63,1778.46,18685.8
OI0006330,O003171,P018,39,262.34,1163.84,9067.42
OI0006331,O003171,P015,120,248.48,3544.95,26272.65
OI0006332,O003172,P016,44,118.28,459.84,4744.48
OI0006333,O003173,P017,120,279.62,246.65,33307.75
OI0006334,O003173,P017,114,290.96,1827.24,31342.2
OI0006335,O003174,P017,115,271.63,2739.07,28498.38
OI0006336,O003174,P014,85,187.08,188.08,15713.72
OI0006337,O003174,P015,43,284.63,1384.14,10854.95
OI0006338,O003175,P015,17,252.41,211.81,4079.16
OI0006339,O003175,P017,77,308.2,639.4,23092.0
OI0006340,O003175,P016,26,129.85,200.12,3175.98
OI0006341,O003176,P018,49,257.65,1008.23,11616.62
OI0006342,O003177,P014,54,196.66,973.77,9645.87
OI0006343,O003178,P014,12,190.51,236.12,2050.0
OI0006344,O003178,P016,17,116.02,47.39,1924.95
OI0006345,O003179,P020,77,240.24,393.43,18105.05
OI0006346,O003179,P024,77,215.64,1181.11,15423.17
OI0006347,O003179,P024,101,208.3,639.88,20398.42
OI0006348,O003180,P022,12,236.76,94.1,2747.02
OI0006349,O003180,P020,52,217.6,8.51,11306.69
OI0006350,O003181,P023,38,219.89,657.91,7697.91
OI0006351,O003181,P019,54,126.89,638.48,6213.58
OI0006352,O003182,P024,92,202.84,1904.51,16756.77
OI0006353,O003182,P023,15,226.04,129.66,3260.94
OI0006354,O003183,P020,72,240.03,343.52,16938.64
OI0006355,O003184,P024,63,199.08,1433.26,11108.78
OI0006356,O003184,P024,77,221.89,2046.81,15038.72
OI0006357,O003185,P022,68,220.74,1571.03,13439.29
OI0006358,O003186,P029,95,127.87,706.86,11440.79
OI0006359,O003187,P028,68,117.81,168.53,7842.55
OI0006360,O003188,P005,110,1043.68,1407.6,113397.2
OI0006361,O003188,P002,7,1966.36,1563.29,12201.23
OI0006362,O003189,P002,54,1936.06,4569.41,99977.83
OI0006363,O003190,P006,115,1181.15,9662.62,126169.63
OI0006364,O003190,P004,8,1592.52,486.73,12253.43
OI0006365,O003190,P004,48,1540.06,8574.92,65347.96
OI0006366,O003191,P004,65,1436.78,5783.69,87607.01
OI0006367,O003191,P006,41,1275.95,5704.89,46609.06
OI0006368,O003192,P006,105,1217.63,7470.15,120381.0
OI0006369,O003193,P004,109,1455.1,9756.21,148849.69
OI0006370,O003193,P004,73,1500.97,8435.6,101135.21
OI0006371,O003194,P004,8,1600.34,627.3,12175.42
OI0006372,O003194,P006,71,1246.14,7250.61,81225.33
OI0006373,O003194,P004,52,1524.11,4739.03,74514.69
OI0006374,O003195,P007,77,1665.72,14114.18,114146.26
OI0006375,O003195,P012,24,1908.77,5128.56,40681.92
OI0006376,O003195,P009,66,2169.72,11200.62,132000.9
OI0006377,O003196,P011,57,2122.62,11993.92,108995.42
OI0006378,O003197,P008,17,1468.06,1193.7,23763.32
OI0006379,O003198,P010,51,1743.09,5932.64,82964.95
OI0006380,O003199,P017,90,298.51,2631.71,24234.19
OI0006381,O003199,P014,109,175.76,1240.84,17917.0
OI0006382,O003199,P013,29,192.6,565.83,5019.57
OI0006383,O003200,P013,17,196.42,118.18,3220.96
OI0006384,O003200,P015,39,264.72,127.57,10196.51
OI0006385,O003200,P016,78,114.75,354.15,8596.35
OI0006386,O003201,P017,108,275.69,944.82,28829.7
OI0006387,O003202,P018,93,272.19,1618.85,23694.82
OI0006388,O003202,P017,82,293.76,267.65,23820.67
OI0006389,O003202,P015,67,267.88,941.25,17006.71
OI0006390,O003203,P018,32,287.5,373.56,8826.44
OI0006391,O003203,P013,79,200.04,1513.25,14289.91
OI0006392,O003204,P015,72,251.12,331.14,17749.5
OI0006393,O003205,P021,42,208.58,312.94,8447.42
OI0006394,O003205,P023,46,214.49,706.83,9159.71
OI0006395,O003206,P023,59,223.42,1457.14,11724.64
OI0006396,O003207,P019,21,132.21,103.1,2673.31
OI0006397,O003207,P020,106,229.14,1393.85,22894.99
OI0006398,O003208,P022,57,210.63,1350.43,10655.48
OI0006399,O003208,P020,50,242.75,1150.12,10987.38
OI0006400,O003208,P022,9,239.14,46.71,2105.55
OI0006401,O003209,P030,88,143.86,1483.8,11175.88
OI0006402,O003210,P027,12,95.84,99.63,1050.45
OI0006403,O003210,P029,19,131.06,78.68,2411.46
OI0006404,O003211,P002,111,1724.05,21510.46,169859.09
OI0006405,O003212,P002,91,1858.81,2941.77,166209.94
OI0006406,O003213,P001,22,1490.88,1146.44,31652.92
OI0006407,O003213,P003,113,861.45,10179.21,87164.64
OI0006408,O003214,P006,114,1141.46,8077.83,122048.61
OI0006409,O003214,P005,104,1033.58,1473.95,106018.37
OI0006410,O003215,P005,29,923.47,2249.58,24531.05
OI0006411,O003216,P006,55,1212.39,6547.99,60133.46
OI0006412,O003216,P002,77,1871.84,12430.88,131700.8
OI0006413,O003217,P003,100,813.27,7800.08,73526.92
OI0006414,O003218,P002,85,1870.76,6364.67,152649.93
OI0006415,O003218,P001,87,1544.11,13213.27,121124.3
OI0006416,O003218,P004,109,1424.83,1841.65,153464.82
OI0006417,O003219,P001,96,1556.99,4774.74,144696.3
OI0006418,O003219,P001,5,1556.41,89.83,7692.22
OI0006419,O003220,P002,61,1897.41,9536.87,106205.14
OI0006420,O003220,P004,63,1560.82,7734.7,90596.96
OI0006421,O003220,P001,109,1515.5,13376.79,151812.71
OI0006422,O003221,P012,69,2001.2,344.01,137738.79
OI0006423,O003222,P008,59,1408.79,4341.29,78777.32
OI0006424,O003222,P010,11,1707.45,1223.07,17558.88
OI0006425,O003222,P008,78,1448.46,2301.14,110678.74
OI0006426,O003223,P008,108,1495.07,5368.77,156098.79
OI0006427,O003224,P012,10,2191.55,2452.37,19463.13
OI0006428,O003224,P009,18,1906.43,699.3,33616.44
OI0006429,O003225,P007,57,1516.6,6605.11,79841.09
OI0006430,O003226,P013,8,210.93,117.22,1570.22
OI0006431,O003226,P014,51,199.14,412.65,9743.49
OI0006432,O003226,P015,63,282.22,1451.81,16328.05
OI0006433,O003227,P018,32,278.51,13.94,8898.38
OI0006434,O003227,P018,117,260.56,410.95,30074.57
OI0006435,O003228,P013,19,213.06,380.0,3668.14
OI0006436,O003229,P016,28,117.22,137.5,3144.66
OI0006437,O003229,P013,88,186.98,670.58,15783.66
OI0006438,O003229,P017,82,285.23,2249.69,21139.17
OI0006439,O003230,P013,109,192.45,64.96,20912.09
OI0006440,O003230,P013,87,197.89,2037.62,15178.81
OI0006441,O003231,P014,71,180.26,610.17,12188.29
OI0006442,O003231,P018,52,261.27,23.21,13562.83
OI0006443,O003232,P014,90,202.92,904.46,17358.34
OI0006444,O003232,P015,24,282.72,666.66,6118.62
OI0006445,O003232,P013,63,204.46,623.44,12257.54
OI0006446,O003233,P018,118,287.75,1430.55,32523.95
OI0006447,O003233,P016,87,128.64,1320.11,9871.57
OI0006448,O003234,P023,85,202.72,1898.11,15333.09
OI0006449,O003235,P019,20,126.92,214.44,2323.96
OI0006450,O003235,P022,94,208.38,940.36,18647.36
OI0006451,O003235,P023,104,202.95,269.69,20837.11
OI0006452,O003236,P021,43,227.48,98.18,9683.46
OI0006453,O003236,P019,64,141.1,158.94,8871.46
OI0006454,O003237,P025,102,210.73,294.3,21200.16
OI0006455,O003237,P030,110,156.62,1032.49,16195.71
OI0006456,O003238,P028,7,124.56,70.78,801.14
