order_id,customer_id,order_date,order_status,sales_rep_id,channel_id
O000001,C0009,2024-01-26,COMPLETED,SR003,CLINIC
O000002,C0007,2024-01-02,COMPLETED,SR003,HOSPITAL
O000003,C0020,2024-01-27,COMPLETED,SR005,HOSPITAL
O000004,C0008,2024-01-17,COMPLETED,SR001,HOSPITAL
O000005,C0028,2024-01-28,COMPLETED,SR004,PHARMACY
O000006,C0019,2024-01-15,COMPLETED,SR001,CLINIC
O000007,C0016,2024-01-07,COMPLETED,SR002,HOSPITAL
O000008,C0004,2024-01-12,COMPLETED,SR005,CLINIC
O000009,C0018,2024-01-01,COMPLETED,SR002,HOSPITAL
O000010,C0011,2024-01-22,COMPLETED,SR006,CLINIC
O000011,C0021,2024-01-10,COMPLETED,SR001,HOSPITAL
O000012,C0011,2024-01-02,COMPLETED,SR004,HOSPITAL
O000013,C0018,2024-01-17,COMPLETED,SR006,HOSPITAL
O000014,C0003,2024-01-19,COMPLETED,SR004,HOSPITAL
O000015,C0005,2024-01-12,COMPLETED,SR004,PHARMACY
O000016,C0021,2024-01-26,COMPLETED,SR005,HOSPITAL
O000017,C0011,2024-01-05,COMPLETED,SR006,PHARMACY
O000018,C0011,2024-01-24,COMPLETED,SR001,HOSPITAL
O000019,C0009,2024-01-04,CANCELLED,SR005,CLINIC
O000020,C0025,2024-01-09,COMPLETED,SR003,HOSPITAL
O000021,C0047,2024-01-09,COMPLETED,SR010,PHARMACY
O000022,C0039,2024-01-13,COMPLETED,SR012,HOSPITAL
O000023,C0052,2024-01-10,COMPLETED,SR010,PHARMACY
O000024,C0046,2024-01-03,COMPLETED,SR007,CLINIC
O000025,C0045,2024-01-12,COMPLETED,SR007,PHARMACY
O000026,C0044,2024-01-04,COMPLETED,SR009,CLINIC
O000027,C0033,2024-01-21,COMPLETED,SR012,HOSPITAL
O000028,C0051,2024-01-14,COMPLETED,SR009,PHARMACY
O000029,C0060,2024-01-10,COMPLETED,SR009,HOSPITAL
O000030,C0032,2024-01-08,COMPLETED,SR007,PHARMACY
O000031,C0036,2024-01-26,COMPLETED,SR007,CLINIC
O000032,C0043,2024-01-09,COMPLETED,SR012,PHARMACY
O000033,C0068,2024-01-16,COMPLETED,SR018,CLINIC
O000034,C0078,2024-01-12,COMPLETED,SR016,CLINIC
O000035,C0081,2024-01-27,COMPLETED,SR015,HOSPITAL
O000036,C0070,2024-01-09,COMPLETED,SR017,CLINIC
O000037,C0085,2024-01-04,COMPLETED,SR014,PHARMACY
O000038,C0089,2024-01-20,COMPLETED,SR016,PHARMACY
O000039,C0075,2024-01-13,COMPLETED,SR017,PHARMACY
O000040,C0084,2024-01-28,COMPLETED,SR017,PHARMACY
O000041,C0072,2024-01-01,COMPLETED,SR015,HOSPITAL
O000042,C0080,2024-01-12,COMPLETED,SR015,HOSPITAL
O000043,C0089,2024-01-07,COMPLETED,SR018,PHARMACY
O000044,C0073,2024-01-27,COMPLETED,SR017,PHARMACY
O000045,C0077,2024-01-06,CANCELLED,SR017,HOSPITAL
O000046,C0100,2024-01-06,COMPLETED,SR020,HOSPITAL
O000047,C0102,2024-01-11,COMPLETED,SR022,HOSPITAL
O000048,C0097,2024-01-17,COMPLETED,SR020,HOSPITAL
O000049,C0113,2024-01-25,COMPLETED,SR020,HOSPITAL
O000050,C0109,2024-01-28,COMPLETED,SR019,CLINIC
O000051,C0008,2024-02-26,COMPLETED,SR004,HOSPITAL
O000052,C0020,2024-02-08,COMPLETED,SR005,PHARMACY
O000053,C0003,2024-02-04,COMPLETED,SR001,PHARMACY
O000054,C0009,2024-02-08,COMPLETED,SR001,CLINIC
O000055,C0009,2024-02-18,COMPLETED,SR006,HOSPITAL
O000056,C0009,2024-02-18,COMPLETED,SR004,HOSPITAL
O000057,C0009,2024-02-19,COMPLETED,SR006,PHARMACY
O000058,C0013,2024-02-05,COMPLETED,SR005,PHARMACY
O000059,C0016,2024-02-08,COMPLETED,SR001,HOSPITAL
O000060,C0009,2024-02-26,COMPLETED,SR004,HOSPITAL
O000061,C0026,2024-02-17,COMPLETED,SR003,CLINIC
O000062,C0014,2024-02-07,COMPLETED,SR005,CLINIC
O000063,C0027,2024-02-27,COMPLETED,SR005,CLINIC
O000064,C0001,2024-02-10,COMPLETED,SR003,HOSPITAL
O000065,C0019,2024-02-06,COMPLETED,SR005,HOSPITAL
O000066,C0003,2024-02-19,COMPLETED,SR003,CLINIC
O000067,C0041,2024-02-19,COMPLETED,SR012,CLINIC
O000068,C0039,2024-02-15,COMPLETED,SR007,CLINIC
O000069,C0047,2024-02-05,COMPLETED,SR010,PHARMACY
O000070,C0031,2024-02-19,COMPLETED,SR011,HOSPITAL
O000071,C0033,2024-02-13,COMPLETED,SR010,CLINIC
O000072,C0047,2024-02-09,CANCELLED,SR011,HOSPITAL
O000073,C0040,2024-02-05,COMPLETED,SR007,HOSPITAL
O000074,C0044,2024-02-14,COMPLETED,SR008,HOSPITAL
O000075,C0031,2024-02-04,COMPLETED,SR007,CLINIC
O000076,C0059,2024-02-12,COMPLETED,SR009,CLINIC
O000077,C0057,2024-02-28,COMPLETED,SR011,PHARMACY
O000078,C0057,2024-02-17,COMPLETED,SR008,CLINIC
O000079,C0078,2024-02-28,COMPLETED,SR013,CLINIC
O000080,C0081,2024-02-06,COMPLETED,SR017,CLINIC
O000081,C0070,2024-02-06,COMPLETED,SR015,PHARMACY
O000082,C0086,2024-02-11,COMPLETED,SR018,CLINIC
O000083,C0086,2024-02-02,COMPLETED,SR015,CLINIC
O000084,C0090,2024-02-14,COMPLETED,SR015,PHARMACY
O000085,C0077,2024-02-13,COMPLETED,SR016,CLINIC
O000086,C0075,2024-02-23,COMPLETED,SR016,PHARMACY
O000087,C0068,2024-02-16,COMPLETED,SR018,HOSPITAL
O000088,C0076,2024-02-04,COMPLETED,SR015,CLINIC
O000089,C0076,2024-02-27,COMPLETED,SR014,PHARMACY
O000090,C0073,2024-02-27,COMPLETED,SR018,CLINIC
O000091,C0089,2024-02-11,COMPLETED,SR016,CLINIC
O000092,C0113,2024-02-08,CANCELLED,SR021,PHARMACY
O000093,C0110,2024-02-22,COMPLETED,SR024,HOSPITAL
O000094,C0110,2024-02-17,COMPLETED,SR024,PHARMACY
O000095,C0028,2024-03-24,COMPLETED,SR006,HOSPITAL
O000096,C0020,2024-03-23,COMPLETED,SR006,CLINIC
O000097,C0021,2024-03-12,CANCELLED,SR006,HOSPITAL
O000098,C0009,2024-03-13,COMPLETED,SR003,HOSPITAL
O000099,C0007,2024-03-07,COMPLETED,SR005,HOSPITAL
O000100,C0003,2024-03-07,COMPLETED,SR003,CLINIC
O000101,C0026,2024-03-07,COMPLETED,SR001,HOSPITAL
O000102,C0026,2024-03-04,COMPLETED,SR005,PHARMACY
O000103,C0025,2024-03-10,COMPLETED,SR004,PHARMACY
O000104,C0027,2024-03-10,COMPLETED,SR005,HOSPITAL
O000105,C0024,2024-03-15,COMPLETED,SR004,PHARMACY
O000106,C0011,2024-03-16,COMPLETED,SR005,HOSPITAL
O000107,C0013,2024-03-24,COMPLETED,SR003,CLINIC
O000108,C0025,2024-03-02,COMPLETED,SR005,CLINIC
O000109,C0027,2024-03-27,COMPLETED,SR005,CLINIC
O000110,C0028,2024-03-06,COMPLETED,SR004,CLINIC
O000111,C0005,2024-03-14,COMPLETED,SR004,CLINIC
O000112,C0021,2024-03-23,COMPLETED,SR002,HOSPITAL
O000113,C0026,2024-03-08,COMPLETED,SR006,PHARMACY
O000114,C0014,2024-03-21,COMPLETED,SR002,PHARMACY
O000115,C0011,2024-03-20,COMPLETED,SR006,CLINIC
O000116,C0013,2024-03-04,CANCELLED,SR003,PHARMACY
O000117,C0026,2024-03-07,COMPLETED,SR005,HOSPITAL
O000118,C0009,2024-03-20,COMPLETED,SR004,PHARMACY
O000119,C0026,2024-03-13,COMPLETED,SR001,CLINIC
O000120,C0056,2024-03-28,COMPLETED,SR007,CLINIC
O000121,C0052,2024-03-20,CANCELLED,SR011,CLINIC
O000122,C0048,2024-03-13,COMPLETED,SR011,CLINIC
O000123,C0056,2024-03-01,COMPLETED,SR010,CLINIC
O000124,C0052,2024-03-10,COMPLETED,SR009,PHARMACY
O000125,C0054,2024-03-19,COMPLETED,SR012,PHARMACY
O000126,C0040,2024-03-19,COMPLETED,SR009,HOSPITAL
O000127,C0059,2024-03-11,COMPLETED,SR012,CLINIC
O000128,C0053,2024-03-27,COMPLETED,SR007,HOSPITAL
O000129,C0032,2024-03-01,COMPLETED,SR011,HOSPITAL
O000130,C0032,2024-03-24,COMPLETED,SR010,PHARMACY
O000131,C0051,2024-03-17,COMPLETED,SR007,HOSPITAL
O000132,C0044,2024-03-27,COMPLETED,SR012,CLINIC
O000133,C0031,2024-03-01,COMPLETED,SR011,PHARMACY
O000134,C0039,2024-03-14,COMPLETED,SR011,CLINIC
O000135,C0081,2024-03-23,COMPLETED,SR015,PHARMACY
O000136,C0081,2024-03-23,COMPLETED,SR013,HOSPITAL
O000137,C0070,2024-03-06,COMPLETED,SR015,HOSPITAL
O000138,C0081,2024-03-02,COMPLETED,SR014,CLINIC
O000139,C0076,2024-03-08,COMPLETED,SR013,PHARMACY
O000140,C0076,2024-03-10,COMPLETED,SR017,HOSPITAL
O000141,C0085,2024-03-20,COMPLETED,SR016,CLINIC
O000142,C0087,2024-03-04,COMPLETED,SR017,CLINIC
O000143,C0072,2024-03-24,COMPLETED,SR014,HOSPITAL
O000144,C0080,2024-03-15,COMPLETED,SR015,CLINIC
O000145,C0084,2024-03-23,CANCELLED,SR016,HOSPITAL
O000146,C0069,2024-03-04,COMPLETED,SR013,HOSPITAL
O000147,C0077,2024-03-20,COMPLETED,SR015,CLINIC
O000148,C0073,2024-03-21,COMPLETED,SR018,CLINIC
O000149,C0094,2024-03-24,COMPLETED,SR019,HOSPITAL
O000150,C0099,2024-03-10,COMPLETED,SR019,HOSPITAL
O000151,C0097,2024-03-15,COMPLETED,SR020,CLINIC
O000152,C0110,2024-03-03,COMPLETED,SR019,PHARMACY
O000153,C0097,2024-03-27,COMPLETED,SR019,PHARMACY
O000154,C0092,2024-03-12,CANCELLED,SR023,CLINIC
O000155,C0115,2024-03-07,COMPLETED,SR020,CLINIC
O000156,C0028,2024-04-09,COMPLETED,SR002,CLINIC
O000157,C0023,2024-04-04,COMPLETED,SR002,HOSPITAL
O000158,C0027,2024-04-22,COMPLETED,SR001,HOSPITAL
O000159,C0009,2024-04-05,COMPLETED,SR003,CLINIC
O000160,C0020,2024-04-15,COMPLETED,SR006,PHARMACY
O000161,C0019,2024-04-04,COMPLETED,SR005,CLINIC
O000162,C0028,2024-04-02,COMPLETED,SR004,HOSPITAL
O000163,C0002,2024-04-20,COMPLETED,SR005,HOSPITAL
O000164,C0011,2024-04-24,COMPLETED,SR006,HOSPITAL
O000165,C0021,2024-04-27,CANCELLED,SR006,PHARMACY
O000166,C0011,2024-04-16,COMPLETED,SR002,CLINIC
O000167,C0007,2024-04-10,COMPLETED,SR001,CLINIC
O000168,C0028,2024-04-23,COMPLETED,SR003,PHARMACY
O000169,C0018,2024-04-22,COMPLETED,SR001,CLINIC
O000170,C0014,2024-04-01,COMPLETED,SR004,HOSPITAL
O000171,C0017,2024-04-26,COMPLETED,SR005,CLINIC
O000172,C0011,2024-04-18,COMPLETED,SR002,CLINIC
O000173,C0014,2024-04-07,COMPLETED,SR001,HOSPITAL
O000174,C0026,2024-04-03,COMPLETED,SR003,HOSPITAL
O000175,C0028,2024-04-23,COMPLETED,SR004,CLINIC
O000176,C0028,2024-04-24,COMPLETED,SR006,HOSPITAL
O000177,C0009,2024-04-16,COMPLETED,SR004,HOSPITAL
O000178,C0026,2024-04-16,COMPLETED,SR006,HOSPITAL
O000179,C0003,2024-04-05,COMPLETED,SR006,HOSPITAL
O000180,C0057,2024-04-07,COMPLETED,SR012,CLINIC
O000181,C0056,2024-04-08,COMPLETED,SR007,PHARMACY
O000182,C0052,2024-04-09,COMPLETED,SR010,PHARMACY
O000183,C0043,2024-04-26,COMPLETED,SR009,CLINIC
O000184,C0043,2024-04-09,COMPLETED,SR011,HOSPITAL
O000185,C0040,2024-04-08,COMPLETED,SR008,PHARMACY
O000186,C0044,2024-04-02,COMPLETED,SR012,HOSPITAL
O000187,C0047,2024-04-24,COMPLETED,SR012,CLINIC
O000188,C0046,2024-04-19,CANCELLED,SR008,CLINIC
O000189,C0059,2024-04-13,COMPLETED,SR007,CLINIC
O000190,C0053,2024-04-07,COMPLETED,SR011,PHARMACY
O000191,C0043,2024-04-08,COMPLETED,SR011,HOSPITAL
O000192,C0038,2024-04-27,COMPLETED,SR012,PHARMACY
O000193,C0043,2024-04-26,COMPLETED,SR007,HOSPITAL
O000194,C0031,2024-04-06,COMPLETED,SR010,PHARMACY
O000195,C0087,2024-04-18,COMPLETED,SR013,PHARMACY
O000196,C0078,2024-04-24,COMPLETED,SR016,PHARMACY
O000197,C0081,2024-04-13,CANCELLED,SR013,CLINIC
O000198,C0081,2024-04-02,COMPLETED,SR018,HOSPITAL
O000199,C0081,2024-04-18,COMPLETED,SR016,HOSPITAL
O000200,C0070,2024-04-25,COMPLETED,SR018,HOSPITAL
O000201,C0090,2024-04-06,COMPLETED,SR018,CLINIC
O000202,C0062,2024-04-15,COMPLETED,SR014,HOSPITAL
O000203,C0084,2024-04-23,COMPLETED,SR014,PHARMACY
O000204,C0077,2024-04-20,COMPLETED,SR017,HOSPITAL
O000205,C0077,2024-04-19,COMPLETED,SR013,HOSPITAL
O000206,C0074,2024-04-27,COMPLETED,SR014,CLINIC
O000207,C0083,2024-04-19,CANCELLED,SR016,PHARMACY
O000208,C0063,2024-04-03,COMPLETED,SR018,PHARMACY
O000209,C0076,2024-04-26,COMPLETED,SR015,PHARMACY
O000210,C0076,2024-04-06,COMPLETED,SR013,PHARMACY
O000211,C0073,2024-04-05,COMPLETED,SR014,HOSPITAL
O000212,C0075,2024-04-01,COMPLETED,SR017,PHARMACY
O000213,C0116,2024-04-06,COMPLETED,SR019,HOSPITAL
O000214,C0110,2024-04-06,COMPLETED,SR020,PHARMACY
O000215,C0091,2024-04-25,COMPLETED,SR022,HOSPITAL
O000216,C0107,2024-04-05,COMPLETED,SR024,PHARMACY
O000217,C0105,2024-04-11,COMPLETED,SR023,PHARMACY
O000218,C0094,2024-04-16,COMPLETED,SR019,PHARMACY
O000219,C0119,2024-04-14,COMPLETED,SR021,CLINIC
O000220,C0028,2024-05-15,COMPLETED,SR004,CLINIC
O000221,C0020,2024-05-18,COMPLETED,SR006,PHARMACY
O000222,C0020,2024-05-19,COMPLETED,SR003,PHARMACY
O000223,C0008,2024-05-27,CANCELLED,SR001,PHARMACY
O000224,C0009,2024-05-18,COMPLETED,SR005,PHARMACY
O000225,C0026,2024-05-15,COMPLETED,SR002,PHARMACY
O000226,C0002,2024-05-04,COMPLETED,SR005,PHARMACY
O000227,C0016,2024-05-14,COMPLETED,SR006,CLINIC
O000228,C0018,2024-05-04,COMPLETED,SR003,PHARMACY
O000229,C0007,2024-05-28,COMPLETED,SR002,HOSPITAL
O000230,C0007,2024-05-02,COMPLETED,SR006,HOSPITAL
O000231,C0011,2024-05-02,COMPLETED,SR005,PHARMACY
O000232,C0016,2024-05-15,COMPLETED,SR006,PHARMACY
O000233,C0013,2024-05-28,COMPLETED,SR004,HOSPITAL
O000234,C0020,2024-05-18,COMPLETED,SR004,PHARMACY
O000235,C0027,2024-05-05,COMPLETED,SR003,PHARMACY
O000236,C0011,2024-05-11,COMPLETED,SR005,HOSPITAL
O000237,C0026,2024-05-16,CANCELLED,SR004,CLINIC
O000238,C0027,2024-05-10,COMPLETED,SR006,PHARMACY
O000239,C0028,2024-05-23,COMPLETED,SR001,PHARMACY
O000240,C0013,2024-05-24,CANCELLED,SR005,PHARMACY
O000241,C0028,2024-05-23,COMPLETED,SR004,PHARMACY
O000242,C0019,2024-05-07,COMPLETED,SR001,PHARMACY
O000243,C0025,2024-05-14,COMPLETED,SR003,CLINIC
O000244,C0019,2024-05-06,COMPLETED,SR002,PHARMACY
O000245,C0041,2024-05-17,COMPLETED,SR009,HOSPITAL
O000246,C0048,2024-05-05,COMPLETED,SR010,CLINIC
O000247,C0041,2024-05-22,COMPLETED,SR007,CLINIC
O000248,C0048,2024-05-05,COMPLETED,SR009,CLINIC
O000249,C0037,2024-05-25,COMPLETED,SR008,PHARMACY
O000250,C0031,2024-05-16,COMPLETED,SR007,CLINIC
O000251,C0050,2024-05-27,COMPLETED,SR009,PHARMACY
O000252,C0045,2024-05-07,COMPLETED,SR009,CLINIC
O000253,C0052,2024-05-17,COMPLETED,SR012,HOSPITAL
O000254,C0052,2024-05-01,COMPLETED,SR007,HOSPITAL
O000255,C0051,2024-05-22,COMPLETED,SR007,HOSPITAL
O000256,C0047,2024-05-26,COMPLETED,SR009,HOSPITAL
O000257,C0038,2024-05-02,COMPLETED,SR011,HOSPITAL
O000258,C0044,2024-05-07,COMPLETED,SR007,PHARMACY
O000259,C0039,2024-05-07,COMPLETED,SR011,PHARMACY
O000260,C0059,2024-05-08,COMPLETED,SR010,HOSPITAL
O000261,C0078,2024-05-06,COMPLETED,SR013,HOSPITAL
O000262,C0078,2024-05-20,COMPLETED,SR017,HOSPITAL
O000263,C0080,2024-05-02,COMPLETED,SR016,CLINIC
O000264,C0086,2024-05-02,COMPLETED,SR018,HOSPITAL
O000265,C0081,2024-05-08,CANCELLED,SR016,PHARMACY
O000266,C0067,2024-05-25,COMPLETED,SR017,CLINIC
O000267,C0061,2024-05-09,COMPLETED,SR015,PHARMACY
O000268,C0089,2024-05-06,COMPLETED,SR015,PHARMACY
O000269,C0084,2024-05-24,CANCELLED,SR016,PHARMACY
O000270,C0073,2024-05-18,COMPLETED,SR014,PHARMACY
O000271,C0084,2024-05-24,COMPLETED,SR016,CLINIC
O000272,C0083,2024-05-12,COMPLETED,SR014,CLINIC
O000273,C0066,2024-05-25,COMPLETED,SR015,CLINIC
O000274,C0072,2024-05-14,COMPLETED,SR014,HOSPITAL
O000275,C0073,2024-05-14,COMPLETED,SR014,HOSPITAL
O000276,C0072,2024-05-04,COMPLETED,SR013,PHARMACY
O000277,C0114,2024-05-04,COMPLETED,SR023,CLINIC
O000278,C0099,2024-05-13,COMPLETED,SR020,CLINIC
O000279,C0102,2024-05-26,COMPLETED,SR019,HOSPITAL
O000280,C0093,2024-05-19,COMPLETED,SR021,CLINIC
O000281,C0115,2024-05-24,COMPLETED,SR023,CLINIC
O000282,C0115,2024-05-20,COMPLETED,SR020,PHARMACY
O000283,C0007,2024-06-02,COMPLETED,SR006,CLINIC
O000284,C0021,2024-06-02,COMPLETED,SR006,CLINIC
O000285,C0007,2024-06-02,COMPLETED,SR006,PHARMACY
O000286,C0008,2024-06-01,COMPLETED,SR006,CLINIC
O000287,C0020,2024-06-18,COMPLETED,SR006,HOSPITAL
O000288,C0020,2024-06-20,COMPLETED,SR004,HOSPITAL
O000289,C0023,2024-06-05,COMPLETED,SR002,CLINIC
O000290,C0026,2024-06-09,CANCELLED,SR002,CLINIC
O000291,C0026,2024-06-22,COMPLETED,SR005,HOSPITAL
O000292,C0009,2024-06-21,COMPLETED,SR001,CLINIC
O000293,C0023,2024-06-27,COMPLETED,SR001,HOSPITAL
O000294,C0009,2024-06-24,COMPLETED,SR004,CLINIC
O000295,C0024,2024-06-18,COMPLETED,SR001,HOSPITAL
O000296,C0024,2024-06-24,COMPLETED,SR003,HOSPITAL
O000297,C0009,2024-06-21,COMPLETED,SR003,HOSPITAL
O000298,C0007,2024-06-20,COMPLETED,SR001,HOSPITAL
O000299,C0017,2024-06-13,COMPLETED,SR006,PHARMACY
O000300,C0028,2024-06-20,COMPLETED,SR001,CLINIC
O000301,C0026,2024-06-24,COMPLETED,SR002,CLINIC
O000302,C0021,2024-06-21,COMPLETED,SR004,HOSPITAL
O000303,C0020,2024-06-11,COMPLETED,SR004,PHARMACY
O000304,C0015,2024-06-28,COMPLETED,SR006,PHARMACY
O000305,C0001,2024-06-18,COMPLETED,SR002,PHARMACY
O000306,C0001,2024-06-01,CANCELLED,SR002,HOSPITAL
O000307,C0024,2024-06-17,CANCELLED,SR001,PHARMACY
O000308,C0052,2024-06-21,COMPLETED,SR008,CLINIC
O000309,C0039,2024-06-25,COMPLETED,SR009,HOSPITAL
O000310,C0039,2024-06-17,COMPLETED,SR012,CLINIC
O000311,C0047,2024-06-11,COMPLETED,SR009,HOSPITAL
O000312,C0052,2024-06-10,COMPLETED,SR008,CLINIC
O000313,C0052,2024-06-21,COMPLETED,SR007,CLINIC
O000314,C0045,2024-06-22,COMPLETED,SR007,CLINIC
O000315,C0035,2024-06-10,COMPLETED,SR007,PHARMACY
O000316,C0041,2024-06-09,COMPLETED,SR011,HOSPITAL
O000317,C0049,2024-06-15,COMPLETED,SR011,HOSPITAL
O000318,C0042,2024-06-19,COMPLETED,SR012,HOSPITAL
O000319,C0032,2024-06-02,COMPLETED,SR012,CLINIC
O000320,C0044,2024-06-06,COMPLETED,SR011,CLINIC
O000321,C0038,2024-06-25,CANCELLED,SR010,CLINIC
O000322,C0053,2024-06-23,COMPLETED,SR012,CLINIC
O000323,C0032,2024-06-18,COMPLETED,SR010,PHARMACY
O000324,C0047,2024-06-18,COMPLETED,SR012,HOSPITAL
O000325,C0059,2024-06-25,COMPLETED,SR008,CLINIC
O000326,C0080,2024-06-06,COMPLETED,SR013,HOSPITAL
O000327,C0080,2024-06-05,COMPLETED,SR015,HOSPITAL
O000328,C0070,2024-06-23,CANCELLED,SR014,CLINIC
O000329,C0070,2024-06-06,COMPLETED,SR016,CLINIC
O000330,C0070,2024-06-02,COMPLETED,SR018,PHARMACY
O000331,C0087,2024-06-09,COMPLETED,SR016,HOSPITAL
O000332,C0079,2024-06-04,COMPLETED,SR015,HOSPITAL
O000333,C0061,2024-06-21,COMPLETED,SR014,HOSPITAL
O000334,C0086,2024-06-18,COMPLETED,SR015,HOSPITAL
O000335,C0086,2024-06-18,COMPLETED,SR016,HOSPITAL
O000336,C0084,2024-06-08,COMPLETED,SR013,PHARMACY
O000337,C0076,2024-06-28,COMPLETED,SR015,HOSPITAL
O000338,C0067,2024-06-07,COMPLETED,SR016,HOSPITAL
O000339,C0083,2024-06-26,COMPLETED,SR015,PHARMACY
O000340,C0072,2024-06-22,COMPLETED,SR014,PHARMACY
O000341,C0067,2024-06-21,COMPLETED,SR014,PHARMACY
O000342,C0072,2024-06-23,COMPLETED,SR015,PHARMACY
O000343,C0109,2024-06-25,COMPLETED,SR022,PHARMACY
O000344,C0095,2024-06-21,COMPLETED,SR022,PHARMACY
O000345,C0116,2024-06-20,COMPLETED,SR021,HOSPITAL
O000346,C0094,2024-06-09,COMPLETED,SR023,CLINIC
O000347,C0092,2024-06-22,COMPLETED,SR020,CLINIC
O000348,C0117,2024-06-28,COMPLETED,SR023,CLINIC
O000349,C0003,2024-07-21,COMPLETED,SR003,HOSPITAL
O000350,C0020,2024-07-15,COMPLETED,SR001,PHARMACY
O000351,C0007,2024-07-22,COMPLETED,SR005,PHARMACY
O000352,C0002,2024-07-04,COMPLETED,SR001,PHARMACY
O000353,C0009,2024-07-11,COMPLETED,SR003,HOSPITAL
O000354,C0007,2024-07-11,COMPLETED,SR003,HOSPITAL
O000355,C0027,2024-07-20,COMPLETED,SR004,PHARMACY
O000356,C0014,2024-07-08,COMPLETED,SR002,HOSPITAL
O000357,C0028,2024-07-17,CANCELLED,SR003,CLINIC
O000358,C0021,2024-07-15,COMPLETED,SR006,CLINIC
O000359,C0013,2024-07-21,COMPLETED,SR006,HOSPITAL
O000360,C0013,2024-07-17,COMPLETED,SR005,PHARMACY
O000361,C0002,2024-07-16,COMPLETED,SR006,HOSPITAL
O000362,C0020,2024-07-11,CANCELLED,SR006,PHARMACY
O000363,C0014,2024-07-17,CANCELLED,SR004,PHARMACY
O000364,C0021,2024-07-13,COMPLETED,SR004,PHARMACY
O000365,C0011,2024-07-06,COMPLETED,SR001,HOSPITAL
O000366,C0009,2024-07-16,COMPLETED,SR006,CLINIC
O000367,C0013,2024-07-27,COMPLETED,SR004,HOSPITAL
O000368,C0001,2024-07-17,COMPLETED,SR005,PHARMACY
O000369,C0026,2024-07-11,COMPLETED,SR003,PHARMACY
O000370,C0024,2024-07-24,COMPLETED,SR001,CLINIC
O000371,C0039,2024-07-28,COMPLETED,SR007,CLINIC
O000372,C0048,2024-07-09,COMPLETED,SR010,PHARMACY
O000373,C0037,2024-07-25,COMPLETED,SR008,HOSPITAL
O000374,C0051,2024-07-26,COMPLETED,SR008,CLINIC
O000375,C0047,2024-07-02,COMPLETED,SR009,CLINIC
O000376,C0044,2024-07-12,COMPLETED,SR008,PHARMACY
O000377,C0043,2024-07-20,CANCELLED,SR007,HOSPITAL
O000378,C0045,2024-07-25,COMPLETED,SR011,CLINIC
O000379,C0044,2024-07-03,COMPLETED,SR011,HOSPITAL
O000380,C0041,2024-07-21,COMPLETED,SR011,HOSPITAL
O000381,C0059,2024-07-12,COMPLETED,SR010,HOSPITAL
O000382,C0043,2024-07-01,COMPLETED,SR010,CLINIC
O000383,C0053,2024-07-02,COMPLETED,SR011,CLINIC
O000384,C0047,2024-07-04,COMPLETED,SR012,PHARMACY
O000385,C0080,2024-07-27,COMPLETED,SR017,CLINIC
O000386,C0081,2024-07-19,COMPLETED,SR018,HOSPITAL
O000387,C0078,2024-07-23,COMPLETED,SR017,PHARMACY
O000388,C0089,2024-07-28,COMPLETED,SR017,PHARMACY
O000389,C0076,2024-07-06,COMPLETED,SR013,CLINIC
O000390,C0075,2024-07-24,COMPLETED,SR015,HOSPITAL
O000391,C0086,2024-07-05,COMPLETED,SR014,CLINIC
O000392,C0090,2024-07-21,COMPLETED,SR017,CLINIC
O000393,C0079,2024-07-10,COMPLETED,SR015,CLINIC
O000394,C0072,2024-07-06,COMPLETED,SR015,CLINIC
O000395,C0069,2024-07-28,COMPLETED,SR014,HOSPITAL
O000396,C0084,2024-07-22,COMPLETED,SR017,PHARMACY
O000397,C0068,2024-07-08,COMPLETED,SR017,PHARMACY
O000398,C0077,2024-07-16,COMPLETED,SR016,CLINIC
O000399,C0070,2024-07-21,COMPLETED,SR014,HOSPITAL
O000400,C0099,2024-07-10,COMPLETED,SR023,HOSPITAL
O000401,C0112,2024-07-08,COMPLETED,SR021,CLINIC
O000402,C0119,2024-07-05,COMPLETED,SR020,PHARMACY
O000403,C0097,2024-07-13,COMPLETED,SR020,PHARMACY
O000404,C0115,2024-07-02,COMPLETED,SR023,PHARMACY
O000405,C0023,2024-08-12,COMPLETED,SR003,HOSPITAL
O000406,C0007,2024-08-01,COMPLETED,SR005,CLINIC
O000407,C0027,2024-08-15,COMPLETED,SR006,HOSPITAL
O000408,C0003,2024-08-09,COMPLETED,SR002,CLINIC
O000409,C0027,2024-08-17,COMPLETED,SR006,CLINIC
O000410,C0003,2024-08-24,COMPLETED,SR001,PHARMACY
O000411,C0028,2024-08-08,COMPLETED,SR004,HOSPITAL
O000412,C0019,2024-08-21,COMPLETED,SR005,CLINIC
O000413,C0009,2024-08-26,COMPLETED,SR003,PHARMACY
O000414,C0011,2024-08-01,COMPLETED,SR005,CLINIC
O000415,C0024,2024-08-14,COMPLETED,SR001,PHARMACY
O000416,C0025,2024-08-05,COMPLETED,SR006,HOSPITAL
O000417,C0009,2024-08-01,COMPLETED,SR002,PHARMACY
O000418,C0025,2024-08-13,COMPLETED,SR004,PHARMACY
O000419,C0011,2024-08-21,COMPLETED,SR005,PHARMACY
O000420,C0015,2024-08-13,COMPLETED,SR001,PHARMACY
O000421,C0013,2024-08-19,COMPLETED,SR004,CLINIC
O000422,C0010,2024-08-24,COMPLETED,SR005,CLINIC
O000423,C0010,2024-08-03,COMPLETED,SR004,CLINIC
O000424,C0028,2024-08-05,COMPLETED,SR004,HOSPITAL
O000425,C0010,2024-08-01,COMPLETED,SR006,PHARMACY
O000426,C0030,2024-08-06,COMPLETED,SR001,CLINIC
O000427,C0001,2024-08-10,COMPLETED,SR003,CLINIC
O000428,C0033,2024-08-28,COMPLETED,SR008,PHARMACY
O000429,C0057,2024-08-26,COMPLETED,SR009,HOSPITAL
O000430,C0047,2024-08-21,COMPLETED,SR007,PHARMACY
O000431,C0052,2024-08-16,COMPLETED,SR011,PHARMACY
O000432,C0041,2024-08-10,CANCELLED,SR012,CLINIC
O000433,C0049,2024-08-09,CANCELLED,SR009,PHARMACY
O000434,C0050,2024-08-19,COMPLETED,SR009,PHARMACY
O000435,C0043,2024-08-16,COMPLETED,SR008,CLINIC
O000436,C0044,2024-08-08,COMPLETED,SR011,HOSPITAL
O000437,C0031,2024-08-24,COMPLETED,SR012,CLINIC
O000438,C0041,2024-08-28,COMPLETED,SR012,CLINIC
O000439,C0042,2024-08-14,COMPLETED,SR010,PHARMACY
O000440,C0033,2024-08-05,COMPLETED,SR011,HOSPITAL
O000441,C0036,2024-08-15,COMPLETED,SR007,PHARMACY
O000442,C0031,2024-08-22,COMPLETED,SR007,PHARMACY
O000443,C0081,2024-08-12,COMPLETED,SR017,PHARMACY
O000444,C0087,2024-08-27,COMPLETED,SR016,CLINIC
O000445,C0074,2024-08-27,COMPLETED,SR016,CLINIC
O000446,C0089,2024-08-16,COMPLETED,SR013,PHARMACY
O000447,C0075,2024-08-16,COMPLETED,SR016,CLINIC
O000448,C0085,2024-08-09,COMPLETED,SR014,HOSPITAL
O000449,C0078,2024-08-27,COMPLETED,SR017,HOSPITAL
O000450,C0067,2024-08-01,COMPLETED,SR016,PHARMACY
O000451,C0075,2024-08-24,COMPLETED,SR015,CLINIC
O000452,C0066,2024-08-25,COMPLETED,SR016,PHARMACY
O000453,C0088,2024-08-27,COMPLETED,SR015,CLINIC
O000454,C0074,2024-08-12,COMPLETED,SR014,PHARMACY
O000455,C0062,2024-08-20,COMPLETED,SR018,HOSPITAL
O000456,C0067,2024-08-21,COMPLETED,SR015,PHARMACY
O000457,C0100,2024-08-08,COMPLETED,SR021,HOSPITAL
O000458,C0095,2024-08-19,COMPLETED,SR022,PHARMACY
O000459,C0115,2024-08-14,COMPLETED,SR024,HOSPITAL
O000460,C0091,2024-08-02,COMPLETED,SR022,CLINIC
O000461,C0117,2024-08-01,COMPLETED,SR020,PHARMACY
O000462,C0003,2024-09-28,COMPLETED,SR006,PHARMACY
O000463,C0009,2024-09-06,COMPLETED,SR006,HOSPITAL
O000464,C0021,2024-09-14,COMPLETED,SR002,HOSPITAL
O000465,C0028,2024-09-14,COMPLETED,SR001,HOSPITAL
O000466,C0021,2024-09-20,COMPLETED,SR005,PHARMACY
O000467,C0028,2024-09-25,COMPLETED,SR002,PHARMACY
O000468,C0023,2024-09-13,COMPLETED,SR002,HOSPITAL
O000469,C0009,2024-09-08,COMPLETED,SR003,CLINIC
O000470,C0019,2024-09-16,COMPLETED,SR001,HOSPITAL
O000471,C0009,2024-09-09,COMPLETED,SR001,HOSPITAL
O000472,C0007,2024-09-14,COMPLETED,SR005,CLINIC
O000473,C0028,2024-09-18,COMPLETED,SR004,HOSPITAL
O000474,C0009,2024-09-06,COMPLETED,SR001,HOSPITAL
O000475,C0002,2024-09-24,COMPLETED,SR002,PHARMACY
O000476,C0024,2024-09-03,COMPLETED,SR006,PHARMACY
O000477,C0009,2024-09-14,COMPLETED,SR005,CLINIC
O000478,C0002,2024-09-05,COMPLETED,SR006,CLINIC
O000479,C0018,2024-09-13,COMPLETED,SR003,HOSPITAL
O000480,C0005,2024-09-22,COMPLETED,SR001,HOSPITAL
O000481,C0003,2024-09-19,COMPLETED,SR003,PHARMACY
O000482,C0005,2024-09-11,COMPLETED,SR006,CLINIC
O000483,C0009,2024-09-26,CANCELLED,SR004,HOSPITAL
O000484,C0026,2024-09-07,COMPLETED,SR001,HOSPITAL
O000485,C0010,2024-09-20,COMPLETED,SR002,CLINIC
O000486,C0009,2024-09-17,COMPLETED,SR004,CLINIC
O000487,C0001,2024-09-14,COMPLETED,SR005,CLINIC
O000488,C0001,2024-09-22,COMPLETED,SR003,CLINIC
O000489,C0024,2024-09-24,COMPLETED,SR003,PHARMACY
O000490,C0039,2024-09-14,COMPLETED,SR009,HOSPITAL
O000491,C0057,2024-09-02,CANCELLED,SR009,HOSPITAL
O000492,C0041,2024-09-03,COMPLETED,SR011,PHARMACY
O000493,C0033,2024-09-12,CANCELLED,SR008,HOSPITAL
O000494,C0043,2024-09-11,COMPLETED,SR011,CLINIC
O000495,C0043,2024-09-25,COMPLETED,SR007,PHARMACY
O000496,C0032,2024-09-25,COMPLETED,SR009,CLINIC
O000497,C0042,2024-09-27,COMPLETED,SR007,CLINIC
O000498,C0047,2024-09-26,COMPLETED,SR011,PHARMACY
O000499,C0053,2024-09-14,COMPLETED,SR007,CLINIC
O000500,C0042,2024-09-17,COMPLETED,SR008,PHARMACY
O000501,C0049,2024-09-26,COMPLETED,SR008,HOSPITAL
O000502,C0059,2024-09-10,COMPLETED,SR012,CLINIC
O000503,C0036,2024-09-14,COMPLETED,SR007,PHARMACY
O000504,C0053,2024-09-13,COMPLETED,SR008,HOSPITAL
O000505,C0041,2024-09-07,COMPLETED,SR010,PHARMACY
O000506,C0033,2024-09-26,COMPLETED,SR010,PHARMACY
O000507,C0042,2024-09-05,COMPLETED,SR007,CLINIC
O000508,C0055,2024-09-04,COMPLETED,SR011,CLINIC
O000509,C0055,2024-09-21,COMPLETED,SR009,HOSPITAL
O000510,C0031,2024-09-13,COMPLETED,SR012,HOSPITAL
O000511,C0068,2024-09-06,COMPLETED,SR015,CLINIC
O000512,C0087,2024-09-14,COMPLETED,SR018,CLINIC
O000513,C0082,2024-09-04,COMPLETED,SR017,CLINIC
O000514,C0075,2024-09-07,COMPLETED,SR015,PHARMACY
O000515,C0076,2024-09-05,COMPLETED,SR017,CLINIC
O000516,C0070,2024-09-13,COMPLETED,SR015,PHARMACY
O000517,C0075,2024-09-02,CANCELLED,SR015,PHARMACY
O000518,C0075,2024-09-26,CANCELLED,SR017,CLINIC
O000519,C0073,2024-09-10,COMPLETED,SR017,CLINIC
O000520,C0084,2024-09-09,COMPLETED,SR013,PHARMACY
O000521,C0062,2024-09-14,COMPLETED,SR014,CLINIC
O000522,C0090,2024-09-13,COMPLETED,SR014,CLINIC
O000523,C0072,2024-09-01,COMPLETED,SR013,PHARMACY
O000524,C0077,2024-09-24,COMPLETED,SR015,CLINIC
O000525,C0076,2024-09-03,COMPLETED,SR017,CLINIC
O000526,C0084,2024-09-21,COMPLETED,SR014,PHARMACY
O000527,C0077,2024-09-28,COMPLETED,SR013,CLINIC
O000528,C0094,2024-09-10,COMPLETED,SR021,CLINIC
O000529,C0115,2024-09-10,COMPLETED,SR020,CLINIC
O000530,C0110,2024-09-05,COMPLETED,SR019,PHARMACY
O000531,C0107,2024-09-18,COMPLETED,SR024,PHARMACY
O000532,C0117,2024-09-04,COMPLETED,SR019,CLINIC
O000533,C0102,2024-09-04,COMPLETED,SR024,CLINIC
O000534,C0109,2024-09-20,COMPLETED,SR021,CLINIC
O000535,C0117,2024-09-18,COMPLETED,SR024,CLINIC
O000536,C0003,2024-10-16,CANCELLED,SR003,HOSPITAL
O000537,C0020,2024-10-10,COMPLETED,SR004,PHARMACY
O000538,C0003,2024-10-01,COMPLETED,SR001,HOSPITAL
O000539,C0028,2024-10-25,COMPLETED,SR003,HOSPITAL
O000540,C0003,2024-10-06,COMPLETED,SR005,CLINIC
O000541,C0028,2024-10-09,COMPLETED,SR005,CLINIC
O000542,C0028,2024-10-19,COMPLETED,SR002,PHARMACY
O000543,C0002,2024-10-12,COMPLETED,SR004,HOSPITAL
O000544,C0025,2024-10-17,CANCELLED,SR001,PHARMACY
O000545,C0021,2024-10-03,COMPLETED,SR006,HOSPITAL
O000546,C0013,2024-10-07,COMPLETED,SR003,PHARMACY
O000547,C0014,2024-10-06,COMPLETED,SR003,PHARMACY
O000548,C0028,2024-10-15,COMPLETED,SR006,HOSPITAL
O000549,C0009,2024-10-06,COMPLETED,SR002,HOSPITAL
O000550,C0016,2024-10-05,COMPLETED,SR003,HOSPITAL
O000551,C0013,2024-10-25,COMPLETED,SR003,PHARMACY
O000552,C0014,2024-10-24,COMPLETED,SR003,PHARMACY
O000553,C0013,2024-10-20,COMPLETED,SR003,HOSPITAL
O000554,C0010,2024-10-04,COMPLETED,SR003,CLINIC
O000555,C0028,2024-10-08,COMPLETED,SR006,CLINIC
O000556,C0017,2024-10-10,COMPLETED,SR004,CLINIC
O000557,C0027,2024-10-15,COMPLETED,SR003,HOSPITAL
O000558,C0018,2024-10-14,COMPLETED,SR006,CLINIC
O000559,C0030,2024-10-26,COMPLETED,SR001,PHARMACY
O000560,C0025,2024-10-06,COMPLETED,SR002,HOSPITAL
O000561,C0001,2024-10-12,COMPLETED,SR003,CLINIC
O000562,C0026,2024-10-13,COMPLETED,SR001,HOSPITAL
O000563,C0037,2024-10-10,COMPLETED,SR007,CLINIC
O000564,C0057,2024-10-16,COMPLETED,SR008,CLINIC
O000565,C0047,2024-10-24,COMPLETED,SR008,HOSPITAL
O000566,C0051,2024-10-07,COMPLETED,SR010,HOSPITAL
O000567,C0047,2024-10-10,COMPLETED,SR011,CLINIC
O000568,C0052,2024-10-12,COMPLETED,SR011,PHARMACY
O000569,C0041,2024-10-11,CANCELLED,SR007,CLINIC
O000570,C0045,2024-10-17,COMPLETED,SR012,HOSPITAL
O000571,C0059,2024-10-04,COMPLETED,SR012,HOSPITAL
O000572,C0031,2024-10-01,COMPLETED,SR008,HOSPITAL
O000573,C0031,2024-10-12,COMPLETED,SR012,HOSPITAL
O000574,C0033,2024-10-17,COMPLETED,SR008,HOSPITAL
O000575,C0055,2024-10-03,COMPLETED,SR009,HOSPITAL
O000576,C0036,2024-10-20,COMPLETED,SR010,HOSPITAL
O000577,C0047,2024-10-06,COMPLETED,SR012,HOSPITAL
O000578,C0080,2024-10-10,COMPLETED,SR018,HOSPITAL
O000579,C0081,2024-10-02,COMPLETED,SR015,HOSPITAL
O000580,C0075,2024-10-15,COMPLETED,SR013,HOSPITAL
O000581,C0087,2024-10-05,COMPLETED,SR013,HOSPITAL
O000582,C0074,2024-10-01,COMPLETED,SR018,HOSPITAL
O000583,C0070,2024-10-10,COMPLETED,SR014,PHARMACY
O000584,C0076,2024-10-21,COMPLETED,SR013,PHARMACY
O000585,C0077,2024-10-06,COMPLETED,SR015,PHARMACY
O000586,C0079,2024-10-10,COMPLETED,SR016,HOSPITAL
O000587,C0087,2024-10-16,COMPLETED,SR015,PHARMACY
O000588,C0061,2024-10-06,COMPLETED,SR016,CLINIC
O000589,C0076,2024-10-11,COMPLETED,SR015,PHARMACY
O000590,C0090,2024-10-12,COMPLETED,SR017,CLINIC
O000591,C0068,2024-10-15,CANCELLED,SR016,HOSPITAL
O000592,C0066,2024-10-05,COMPLETED,SR017,HOSPITAL
O000593,C0088,2024-10-20,COMPLETED,SR018,HOSPITAL
O000594,C0065,2024-10-17,COMPLETED,SR015,PHARMACY
O000595,C0077,2024-10-01,COMPLETED,SR018,CLINIC
O000596,C0075,2024-10-16,COMPLETED,SR018,PHARMACY
O000597,C0073,2024-10-01,COMPLETED,SR013,CLINIC
O000598,C0101,2024-10-26,COMPLETED,SR024,HOSPITAL
O000599,C0109,2024-10-20,CANCELLED,SR021,PHARMACY
O000600,C0096,2024-10-17,COMPLETED,SR023,PHARMACY
O000601,C0115,2024-10-12,COMPLETED,SR023,CLINIC
O000602,C0105,2024-10-05,COMPLETED,SR020,HOSPITAL
O000603,C0117,2024-10-21,COMPLETED,SR024,HOSPITAL
O000604,C0098,2024-10-05,COMPLETED,SR024,PHARMACY
O000605,C0003,2024-11-20,COMPLETED,SR004,HOSPITAL
O000606,C0008,2024-11-26,COMPLETED,SR001,CLINIC
O000607,C0008,2024-11-26,COMPLETED,SR003,PHARMACY
O000608,C0027,2024-11-09,COMPLETED,SR002,CLINIC
O000609,C0007,2024-11-18,COMPLETED,SR003,CLINIC
O000610,C0028,2024-11-23,COMPLETED,SR005,CLINIC
O000611,C0007,2024-11-17,COMPLETED,SR002,HOSPITAL
O000612,C0028,2024-11-23,COMPLETED,SR006,HOSPITAL
O000613,C0019,2024-11-18,COMPLETED,SR001,PHARMACY
O000614,C0028,2024-11-16,CANCELLED,SR003,PHARMACY
O000615,C0002,2024-11-07,COMPLETED,SR006,PHARMACY
O000616,C0022,2024-11-20,COMPLETED,SR003,CLINIC
O000617,C0023,2024-11-17,COMPLETED,SR002,CLINIC
O000618,C0016,2024-11-06,COMPLETED,SR006,HOSPITAL
O000619,C0016,2024-11-01,COMPLETED,SR006,PHARMACY
O000620,C0024,2024-11-20,CANCELLED,SR003,CLINIC
O000621,C0005,2024-11-14,COMPLETED,SR004,PHARMACY
O000622,C0011,2024-11-26,COMPLETED,SR005,CLINIC
O000623,C0020,2024-11-18,COMPLETED,SR001,CLINIC
O000624,C0026,2024-11-02,COMPLETED,SR004,PHARMACY
O000625,C0027,2024-11-26,COMPLETED,SR002,CLINIC
O000626,C0005,2024-11-17,COMPLETED,SR006,PHARMACY
O000627,C0001,2024-11-20,COMPLETED,SR003,PHARMACY
O000628,C0019,2024-11-18,CANCELLED,SR003,PHARMACY
O000629,C0010,2024-11-17,CANCELLED,SR001,PHARMACY
O000630,C0010,2024-11-24,COMPLETED,SR004,HOSPITAL
O000631,C0056,2024-11-12,COMPLETED,SR012,HOSPITAL
O000632,C0057,2024-11-21,COMPLETED,SR007,PHARMACY
O000633,C0047,2024-11-28,COMPLETED,SR009,PHARMACY
O000634,C0056,2024-11-04,COMPLETED,SR008,CLINIC
O000635,C0051,2024-11-21,COMPLETED,SR010,PHARMACY
O000636,C0043,2024-11-03,COMPLETED,SR007,PHARMACY
O000637,C0033,2024-11-05,COMPLETED,SR009,HOSPITAL
O000638,C0050,2024-11-05,COMPLETED,SR012,HOSPITAL
O000639,C0033,2024-11-27,COMPLETED,SR008,HOSPITAL
O000640,C0042,2024-11-06,COMPLETED,SR008,PHARMACY
O000641,C0049,2024-11-21,COMPLETED,SR009,CLINIC
O000642,C0059,2024-11-07,COMPLETED,SR008,CLINIC
O000643,C0053,2024-11-23,COMPLETED,SR012,PHARMACY
O000644,C0059,2024-11-04,COMPLETED,SR011,HOSPITAL
O000645,C0059,2024-11-20,CANCELLED,SR011,HOSPITAL
O000646,C0041,2024-11-19,COMPLETED,SR011,PHARMACY
O000647,C0051,2024-11-08,COMPLETED,SR010,PHARMACY
O000648,C0055,2024-11-23,COMPLETED,SR007,HOSPITAL
O000649,C0038,2024-11-12,COMPLETED,SR009,PHARMACY
O000650,C0075,2024-11-09,COMPLETED,SR015,CLINIC
O000651,C0082,2024-11-24,COMPLETED,SR018,HOSPITAL
O000652,C0078,2024-11-15,COMPLETED,SR014,CLINIC
O000653,C0068,2024-11-22,COMPLETED,SR018,CLINIC
O000654,C0076,2024-11-20,COMPLETED,SR018,HOSPITAL
O000655,C0076,2024-11-02,COMPLETED,SR016,HOSPITAL
O000656,C0078,2024-11-09,COMPLETED,SR018,CLINIC
O000657,C0086,2024-11-27,COMPLETED,SR014,PHARMACY
O000658,C0074,2024-11-16,COMPLETED,SR016,CLINIC
O000659,C0067,2024-11-22,COMPLETED,SR014,CLINIC
O000660,C0085,2024-11-17,COMPLETED,SR018,CLINIC
O000661,C0075,2024-11-08,COMPLETED,SR018,CLINIC
O000662,C0068,2024-11-10,COMPLETED,SR018,PHARMACY
O000663,C0068,2024-11-05,COMPLETED,SR016,PHARMACY
O000664,C0065,2024-11-09,CANCELLED,SR016,HOSPITAL
O000665,C0063,2024-11-08,COMPLETED,SR014,HOSPITAL
O000666,C0071,2024-11-08,COMPLETED,SR017,HOSPITAL
O000667,C0067,2024-11-20,COMPLETED,SR018,PHARMACY
O000668,C0073,2024-11-11,COMPLETED,SR013,HOSPITAL
O000669,C0113,2024-11-05,COMPLETED,SR023,PHARMACY
O000670,C0115,2024-11-27,COMPLETED,SR024,PHARMACY
O000671,C0095,2024-11-09,COMPLETED,SR019,CLINIC
O000672,C0097,2024-11-20,COMPLETED,SR023,CLINIC
O000673,C0110,2024-11-06,COMPLETED,SR019,PHARMACY
O000674,C0109,2024-11-04,COMPLETED,SR024,CLINIC
O000675,C0115,2024-11-17,COMPLETED,SR023,PHARMACY
O000676,C0096,2024-11-19,COMPLETED,SR024,CLINIC
O000677,C0008,2024-12-15,COMPLETED,SR005,HOSPITAL
O000678,C0008,2024-12-14,CANCELLED,SR003,PHARMACY
O000679,C0028,2024-12-20,COMPLETED,SR006,HOSPITAL
O000680,C0021,2024-12-18,CANCELLED,SR003,CLINIC
O000681,C0027,2024-12-16,COMPLETED,SR006,PHARMACY
O000682,C0008,2024-12-22,COMPLETED,SR003,PHARMACY
O000683,C0008,2024-12-21,COMPLETED,SR001,CLINIC
O000684,C0023,2024-12-01,COMPLETED,SR004,HOSPITAL
O000685,C0009,2024-12-08,COMPLETED,SR005,CLINIC
O000686,C0002,2024-12-06,COMPLETED,SR006,HOSPITAL
O000687,C0028,2024-12-16,COMPLETED,SR005,PHARMACY
O000688,C0023,2024-12-23,COMPLETED,SR003,CLINIC
O000689,C0002,2024-12-15,COMPLETED,SR002,PHARMACY
O000690,C0028,2024-12-25,CANCELLED,SR006,CLINIC
O000691,C0004,2024-12-06,COMPLETED,SR002,CLINIC
O000692,C0028,2024-12-06,COMPLETED,SR005,PHARMACY
O000693,C0024,2024-12-21,COMPLETED,SR005,PHARMACY
O000694,C0014,2024-12-10,CANCELLED,SR003,HOSPITAL
O000695,C0009,2024-12-10,COMPLETED,SR001,HOSPITAL
O000696,C0021,2024-12-09,COMPLETED,SR002,HOSPITAL
O000697,C0021,2024-12-24,COMPLETED,SR004,HOSPITAL
O000698,C0010,2024-12-16,COMPLETED,SR001,CLINIC
O000699,C0026,2024-12-04,COMPLETED,SR003,CLINIC
O000700,C0018,2024-12-05,COMPLETED,SR005,PHARMACY
O000701,C0003,2024-12-11,COMPLETED,SR003,CLINIC
O000702,C0028,2024-12-07,COMPLETED,SR003,CLINIC
O000703,C0021,2024-12-13,COMPLETED,SR006,CLINIC
O000704,C0021,2024-12-20,COMPLETED,SR004,HOSPITAL
O000705,C0020,2024-12-12,COMPLETED,SR002,PHARMACY
O000706,C0001,2024-12-06,COMPLETED,SR001,PHARMACY
O000707,C0009,2024-12-13,COMPLETED,SR005,HOSPITAL
O000708,C0001,2024-12-14,COMPLETED,SR003,HOSPITAL
O000709,C0003,2024-12-26,COMPLETED,SR002,CLINIC
O000710,C0052,2024-12-13,COMPLETED,SR008,PHARMACY
O000711,C0039,2024-12-06,COMPLETED,SR007,CLINIC
O000712,C0057,2024-12-02,COMPLETED,SR009,CLINIC
O000713,C0052,2024-12-18,COMPLETED,SR012,HOSPITAL
O000714,C0037,2024-12-07,COMPLETED,SR007,PHARMACY
O000715,C0043,2024-12-25,COMPLETED,SR009,CLINIC
O000716,C0052,2024-12-27,COMPLETED,SR008,PHARMACY
O000717,C0045,2024-12-20,COMPLETED,SR008,CLINIC
O000718,C0052,2024-12-17,COMPLETED,SR012,HOSPITAL
O000719,C0046,2024-12-12,COMPLETED,SR012,PHARMACY
O000720,C0047,2024-12-07,COMPLETED,SR012,PHARMACY
O000721,C0045,2024-12-27,COMPLETED,SR012,CLINIC
O000722,C0046,2024-12-26,COMPLETED,SR007,HOSPITAL
O000723,C0049,2024-12-13,COMPLETED,SR008,HOSPITAL
O000724,C0031,2024-12-05,COMPLETED,SR011,HOSPITAL
O000725,C0042,2024-12-26,COMPLETED,SR008,HOSPITAL
O000726,C0044,2024-12-19,COMPLETED,SR012,PHARMACY
O000727,C0042,2024-12-12,COMPLETED,SR007,HOSPITAL
O000728,C0038,2024-12-13,COMPLETED,SR010,PHARMACY
O000729,C0053,2024-12-14,COMPLETED,SR007,CLINIC
O000730,C0038,2024-12-25,COMPLETED,SR008,CLINIC
O000731,C0078,2024-12-16,COMPLETED,SR018,PHARMACY
O000732,C0082,2024-12-09,COMPLETED,SR014,PHARMACY
O000733,C0078,2024-12-06,COMPLETED,SR017,PHARMACY
O000734,C0082,2024-12-04,COMPLETED,SR016,CLINIC
O000735,C0070,2024-12-22,COMPLETED,SR018,HOSPITAL
O000736,C0089,2024-12-02,COMPLETED,SR015,HOSPITAL
O000737,C0089,2024-12-20,COMPLETED,SR016,HOSPITAL
O000738,C0089,2024-12-15,COMPLETED,SR013,PHARMACY
O000739,C0077,2024-12-24,CANCELLED,SR013,PHARMACY
O000740,C0062,2024-12-05,COMPLETED,SR015,PHARMACY
O000741,C0089,2024-12-21,COMPLETED,SR018,PHARMACY
O000742,C0087,2024-12-03,COMPLETED,SR018,CLINIC
O000743,C0076,2024-12-24,COMPLETED,SR017,CLINIC
O000744,C0089,2024-12-27,COMPLETED,SR018,PHARMACY
O000745,C0074,2024-12-21,COMPLETED,SR015,CLINIC
O000746,C0074,2024-12-01,COMPLETED,SR017,PHARMACY
O000747,C0072,2024-12-18,COMPLETED,SR014,PHARMACY
O000748,C0073,2024-12-08,COMPLETED,SR018,CLINIC
O000749,C0062,2024-12-14,COMPLETED,SR013,HOSPITAL
O000750,C0077,2024-12-06,COMPLETED,SR015,PHARMACY
O000751,C0099,2024-12-27,COMPLETED,SR019,CLINIC
O000752,C0113,2024-12-04,COMPLETED,SR020,CLINIC
O000753,C0096,2024-12-28,COMPLETED,SR024,PHARMACY
O000754,C0119,2024-12-13,COMPLETED,SR020,PHARMACY
O000755,C0115,2024-12-13,COMPLETED,SR021,CLINIC
O000756,C0105,2024-12-17,COMPLETED,SR022,CLINIC
O000757,C0115,2024-12-26,COMPLETED,SR023,CLINIC
O000758,C0096,2024-12-16,COMPLETED,SR019,PHARMACY
O000759,C0011,2025-01-27,CANCELLED,SR004,HOSPITAL
O000760,C0011,2025-01-19,CANCELLED,SR004,PHARMACY
O000761,C0002,2025-01-07,COMPLETED,SR005,PHARMACY
O000762,C0029,2025-01-12,COMPLETED,SR001,CLINIC
O000763,C0029,2025-01-11,COMPLETED,SR002,CLINIC
O000764,C0018,2025-01-20,COMPLETED,SR003,CLINIC
O000765,C0014,2025-01-15,COMPLETED,SR001,PHARMACY
O000766,C0020,2025-01-10,COMPLETED,SR004,CLINIC
O000767,C0014,2025-01-01,COMPLETED,SR006,HOSPITAL
O000768,C0012,2025-01-19,CANCELLED,SR005,CLINIC
O000769,C0005,2025-01-26,CANCELLED,SR005,PHARMACY
O000770,C0018,2025-01-10,COMPLETED,SR006,PHARMACY
O000771,C0001,2025-01-22,COMPLETED,SR002,PHARMACY
O000772,C0003,2025-01-21,COMPLETED,SR005,HOSPITAL
O000773,C0010,2025-01-03,COMPLETED,SR003,HOSPITAL
O000774,C0028,2025-01-25,COMPLETED,SR001,CLINIC
O000775,C0008,2025-01-12,COMPLETED,SR006,PHARMACY
O000776,C0004,2025-01-11,COMPLETED,SR004,HOSPITAL
O000777,C0014,2025-01-25,COMPLETED,SR006,CLINIC
O000778,C0020,2025-01-17,CANCELLED,SR003,HOSPITAL
O000779,C0020,2025-01-13,COMPLETED,SR006,CLINIC
O000780,C0009,2025-01-02,COMPLETED,SR005,HOSPITAL
O000781,C0005,2025-01-17,COMPLETED,SR005,PHARMACY
O000782,C0012,2025-01-18,COMPLETED,SR003,CLINIC
O000783,C0009,2025-01-11,COMPLETED,SR002,CLINIC
O000784,C0012,2025-01-06,CANCELLED,SR006,CLINIC
O000785,C0024,2025-01-24,CANCELLED,SR005,PHARMACY
O000786,C0051,2025-01-07,COMPLETED,SR009,HOSPITAL
O000787,C0047,2025-01-01,CANCELLED,SR012,PHARMACY
O000788,C0036,2025-01-16,COMPLETED,SR010,PHARMACY
O000789,C0055,2025-01-11,COMPLETED,SR009,PHARMACY
O000790,C0043,2025-01-09,COMPLETED,SR007,PHARMACY
O000791,C0056,2025-01-25,COMPLETED,SR011,HOSPITAL
O000792,C0059,2025-01-09,COMPLETED,SR008,PHARMACY
O000793,C0053,2025-01-04,COMPLETED,SR011,CLINIC
O000794,C0047,2025-01-22,COMPLETED,SR007,PHARMACY
O000795,C0032,2025-01-16,COMPLETED,SR011,CLINIC
O000796,C0038,2025-01-24,COMPLETED,SR008,CLINIC
O000797,C0046,2025-01-16,COMPLETED,SR008,PHARMACY
O000798,C0040,2025-01-06,COMPLETED,SR008,PHARMACY
O000799,C0047,2025-01-14,COMPLETED,SR011,HOSPITAL
O000800,C0055,2025-01-12,CANCELLED,SR011,HOSPITAL
O000801,C0059,2025-01-28,COMPLETED,SR009,PHARMACY
O000802,C0041,2025-01-17,COMPLETED,SR009,PHARMACY
O000803,C0041,2025-01-23,COMPLETED,SR012,CLINIC
O000804,C0035,2025-01-28,COMPLETED,SR012,PHARMACY
O000805,C0050,2025-01-04,COMPLETED,SR008,CLINIC
O000806,C0045,2025-01-12,COMPLETED,SR007,HOSPITAL
O000807,C0039,2025-01-24,COMPLETED,SR012,CLINIC
O000808,C0069,2025-01-05,COMPLETED,SR015,CLINIC
O000809,C0072,2025-01-08,COMPLETED,SR016,HOSPITAL
O000810,C0061,2025-01-19,COMPLETED,SR015,CLINIC
O000811,C0082,2025-01-01,COMPLETED,SR015,HOSPITAL
O000812,C0082,2025-01-20,COMPLETED,SR017,CLINIC
O000813,C0069,2025-01-20,COMPLETED,SR016,PHARMACY
O000814,C0062,2025-01-19,CANCELLED,SR013,PHARMACY
O000815,C0089,2025-01-20,COMPLETED,SR015,PHARMACY
O000816,C0063,2025-01-20,COMPLETED,SR015,HOSPITAL
O000817,C0072,2025-01-24,COMPLETED,SR013,HOSPITAL
O000818,C0070,2025-01-13,COMPLETED,SR014,CLINIC
O000819,C0070,2025-01-02,COMPLETED,SR017,PHARMACY
O000820,C0074,2025-01-03,COMPLETED,SR014,PHARMACY
O000821,C0063,2025-01-23,COMPLETED,SR016,PHARMACY
O000822,C0064,2025-01-22,COMPLETED,SR018,HOSPITAL
O000823,C0082,2025-01-17,COMPLETED,SR013,CLINIC
O000824,C0067,2025-01-27,COMPLETED,SR013,PHARMACY
O000825,C0120,2025-01-14,COMPLETED,SR020,PHARMACY
O000826,C0105,2025-01-20,COMPLETED,SR019,CLINIC
O000827,C0109,2025-01-12,COMPLETED,SR021,HOSPITAL
O000828,C0120,2025-01-05,COMPLETED,SR021,CLINIC
O000829,C0095,2025-01-06,COMPLETED,SR023,PHARMACY
O000830,C0101,2025-01-26,COMPLETED,SR019,CLINIC
O000831,C0113,2025-01-25,COMPLETED,SR019,CLINIC
O000832,C0104,2025-01-06,COMPLETED,SR019,PHARMACY
O000833,C0104,2025-01-22,COMPLETED,SR020,HOSPITAL
O000834,C0101,2025-01-13,COMPLETED,SR020,CLINIC
O000835,C0110,2025-01-04,CANCELLED,SR019,PHARMACY
O000836,C0022,2025-02-16,COMPLETED,SR001,PHARMACY
O000837,C0009,2025-02-19,COMPLETED,SR002,PHARMACY
O000838,C0025,2025-02-03,CANCELLED,SR005,CLINIC
O000839,C0016,2025-02-21,COMPLETED,SR001,PHARMACY
O000840,C0029,2025-02-21,COMPLETED,SR001,HOSPITAL
O000841,C0016,2025-02-03,COMPLETED,SR004,HOSPITAL
O000842,C0006,2025-02-15,COMPLETED,SR004,HOSPITAL
O000843,C0012,2025-02-23,COMPLETED,SR003,HOSPITAL
O000844,C0005,2025-02-20,COMPLETED,SR005,HOSPITAL
O000845,C0005,2025-02-28,COMPLETED,SR001,CLINIC
O000846,C0003,2025-02-27,COMPLETED,SR002,PHARMACY
O000847,C0017,2025-02-11,CANCELLED,SR006,HOSPITAL
O000848,C0023,2025-02-25,COMPLETED,SR003,CLINIC
O000849,C0019,2025-02-26,COMPLETED,SR003,PHARMACY
O000850,C0023,2025-02-03,COMPLETED,SR005,CLINIC
O000851,C0019,2025-02-22,COMPLETED,SR003,HOSPITAL
O000852,C0004,2025-02-28,COMPLETED,SR005,HOSPITAL
O000853,C0005,2025-02-21,COMPLETED,SR006,PHARMACY
O000854,C0020,2025-02-21,COMPLETED,SR003,HOSPITAL
O000855,C0025,2025-02-03,COMPLETED,SR005,HOSPITAL
O000856,C0007,2025-02-10,COMPLETED,SR001,CLINIC
O000857,C0028,2025-02-12,COMPLETED,SR003,PHARMACY
O000858,C0029,2025-02-22,COMPLETED,SR003,PHARMACY
O000859,C0026,2025-02-11,COMPLETED,SR002,PHARMACY
O000860,C0004,2025-02-17,COMPLETED,SR001,PHARMACY
O000861,C0051,2025-02-02,COMPLETED,SR012,CLINIC
O000862,C0041,2025-02-21,COMPLETED,SR012,CLINIC
O000863,C0043,2025-02-01,COMPLETED,SR010,HOSPITAL
O000864,C0040,2025-02-07,COMPLETED,SR010,PHARMACY
O000865,C0059,2025-02-26,COMPLETED,SR011,HOSPITAL
O000866,C0048,2025-02-09,COMPLETED,SR011,CLINIC
O000867,C0035,2025-02-05,COMPLETED,SR009,HOSPITAL
O000868,C0038,2025-02-19,COMPLETED,SR011,CLINIC
O000869,C0049,2025-02-03,COMPLETED,SR009,HOSPITAL
O000870,C0038,2025-02-16,COMPLETED,SR012,CLINIC
O000871,C0060,2025-02-24,COMPLETED,SR010,HOSPITAL
O000872,C0036,2025-02-13,COMPLETED,SR010,CLINIC
O000873,C0047,2025-02-14,COMPLETED,SR012,PHARMACY
O000874,C0059,2025-02-08,COMPLETED,SR009,PHARMACY
O000875,C0052,2025-02-22,COMPLETED,SR012,PHARMACY
O000876,C0039,2025-02-27,COMPLETED,SR007,CLINIC
O000877,C0055,2025-02-22,COMPLETED,SR008,HOSPITAL
O000878,C0061,2025-02-24,COMPLETED,SR016,HOSPITAL
O000879,C0061,2025-02-26,COMPLETED,SR015,CLINIC
O000880,C0082,2025-02-17,COMPLETED,SR018,HOSPITAL
O000881,C0062,2025-02-26,COMPLETED,SR014,HOSPITAL
O000882,C0074,2025-02-06,COMPLETED,SR015,PHARMACY
O000883,C0067,2025-02-09,COMPLETED,SR017,PHARMACY
O000884,C0077,2025-02-27,COMPLETED,SR015,HOSPITAL
O000885,C0086,2025-02-19,CANCELLED,SR018,CLINIC
O000886,C0090,2025-02-11,COMPLETED,SR018,HOSPITAL
O000887,C0090,2025-02-03,COMPLETED,SR017,CLINIC
O000888,C0066,2025-02-25,COMPLETED,SR013,CLINIC
O000889,C0094,2025-02-03,CANCELLED,SR020,HOSPITAL
O000890,C0118,2025-02-08,COMPLETED,SR020,CLINIC
O000891,C0120,2025-02-26,COMPLETED,SR022,HOSPITAL
O000892,C0116,2025-02-23,COMPLETED,SR021,HOSPITAL
O000893,C0117,2025-02-05,COMPLETED,SR022,HOSPITAL
O000894,C0104,2025-02-03,COMPLETED,SR020,CLINIC
O000895,C0101,2025-02-28,COMPLETED,SR021,HOSPITAL
O000896,C0107,2025-02-09,COMPLETED,SR023,HOSPITAL
O000897,C0100,2025-02-01,COMPLETED,SR024,CLINIC
O000898,C0010,2025-03-13,COMPLETED,SR001,PHARMACY
O000899,C0011,2025-03-02,COMPLETED,SR005,CLINIC
O000900,C0002,2025-03-14,COMPLETED,SR003,CLINIC
O000901,C0019,2025-03-15,COMPLETED,SR006,HOSPITAL
O000902,C0022,2025-03-26,COMPLETED,SR004,CLINIC
O000903,C0010,2025-03-27,COMPLETED,SR001,CLINIC
O000904,C0018,2025-03-07,COMPLETED,SR001,HOSPITAL
O000905,C0029,2025-03-27,COMPLETED,SR003,HOSPITAL
O000906,C0006,2025-03-02,COMPLETED,SR003,HOSPITAL
O000907,C0020,2025-03-12,COMPLETED,SR006,HOSPITAL
O000908,C0027,2025-03-18,COMPLETED,SR001,PHARMACY
O000909,C0005,2025-03-16,COMPLETED,SR003,PHARMACY
O000910,C0028,2025-03-12,COMPLETED,SR005,HOSPITAL
O000911,C0016,2025-03-20,COMPLETED,SR005,CLINIC
O000912,C0024,2025-03-26,COMPLETED,SR006,HOSPITAL
O000913,C0001,2025-03-10,COMPLETED,SR001,HOSPITAL
O000914,C0009,2025-03-26,COMPLETED,SR002,PHARMACY
O000915,C0029,2025-03-17,COMPLETED,SR003,CLINIC
O000916,C0003,2025-03-23,COMPLETED,SR005,HOSPITAL
O000917,C0020,2025-03-28,COMPLETED,SR005,HOSPITAL
O000918,C0001,2025-03-04,COMPLETED,SR004,HOSPITAL
O000919,C0016,2025-03-22,COMPLETED,SR006,CLINIC
O000920,C0020,2025-03-05,COMPLETED,SR002,HOSPITAL
O000921,C0007,2025-03-04,COMPLETED,SR002,CLINIC
O000922,C0012,2025-03-14,COMPLETED,SR004,PHARMACY
O000923,C0010,2025-03-06,COMPLETED,SR002,CLINIC
O000924,C0026,2025-03-26,COMPLETED,SR005,CLINIC
O000925,C0026,2025-03-10,COMPLETED,SR004,CLINIC
O000926,C0041,2025-03-15,COMPLETED,SR007,CLINIC
O000927,C0057,2025-03-22,COMPLETED,SR010,HOSPITAL
O000928,C0036,2025-03-16,COMPLETED,SR011,CLINIC
O000929,C0040,2025-03-01,COMPLETED,SR008,CLINIC
O000930,C0047,2025-03-17,COMPLETED,SR008,PHARMACY
O000931,C0055,2025-03-27,COMPLETED,SR009,CLINIC
O000932,C0043,2025-03-11,COMPLETED,SR010,CLINIC
O000933,C0060,2025-03-24,COMPLETED,SR008,PHARMACY
O000934,C0038,2025-03-21,COMPLETED,SR010,HOSPITAL
O000935,C0048,2025-03-08,COMPLETED,SR010,CLINIC
O000936,C0053,2025-03-05,COMPLETED,SR009,PHARMACY
O000937,C0043,2025-03-06,COMPLETED,SR012,HOSPITAL
O000938,C0038,2025-03-22,COMPLETED,SR011,PHARMACY
O000939,C0040,2025-03-01,COMPLETED,SR007,PHARMACY
O000940,C0047,2025-03-24,COMPLETED,SR009,CLINIC
O000941,C0049,2025-03-17,COMPLETED,SR007,HOSPITAL
O000942,C0044,2025-03-24,COMPLETED,SR010,CLINIC
O000943,C0044,2025-03-22,COMPLETED,SR008,CLINIC
O000944,C0050,2025-03-13,COMPLETED,SR012,CLINIC
O000945,C0035,2025-03-28,COMPLETED,SR010,CLINIC
O000946,C0047,2025-03-13,COMPLETED,SR009,PHARMACY
O000947,C0059,2025-03-21,COMPLETED,SR011,CLINIC
O000948,C0052,2025-03-19,COMPLETED,SR011,HOSPITAL
O000949,C0035,2025-03-17,CANCELLED,SR007,PHARMACY
O000950,C0031,2025-03-03,COMPLETED,SR009,CLINIC
O000951,C0060,2025-03-18,COMPLETED,SR008,PHARMACY
O000952,C0082,2025-03-26,COMPLETED,SR014,PHARMACY
O000953,C0089,2025-03-03,COMPLETED,SR018,HOSPITAL
O000954,C0076,2025-03-25,COMPLETED,SR018,PHARMACY
O000955,C0069,2025-03-17,COMPLETED,SR014,PHARMACY
O000956,C0062,2025-03-09,COMPLETED,SR017,PHARMACY
O000957,C0062,2025-03-14,COMPLETED,SR014,CLINIC
O000958,C0071,2025-03-16,COMPLETED,SR017,CLINIC
O000959,C0086,2025-03-27,COMPLETED,SR013,PHARMACY
O000960,C0087,2025-03-12,COMPLETED,SR014,HOSPITAL
O000961,C0083,2025-03-11,COMPLETED,SR016,PHARMACY
O000962,C0065,2025-03-09,COMPLETED,SR013,HOSPITAL
O000963,C0066,2025-03-15,COMPLETED,SR018,PHARMACY
O000964,C0064,2025-03-20,COMPLETED,SR017,HOSPITAL
O000965,C0064,2025-03-26,COMPLETED,SR013,PHARMACY
O000966,C0071,2025-03-26,COMPLETED,SR018,PHARMACY
O000967,C0112,2025-03-05,COMPLETED,SR021,PHARMACY
O000968,C0107,2025-03-24,COMPLETED,SR021,CLINIC
O000969,C0120,2025-03-14,COMPLETED,SR024,CLINIC
O000970,C0113,2025-03-21,COMPLETED,SR022,PHARMACY
O000971,C0102,2025-03-28,CANCELLED,SR024,PHARMACY
O000972,C0120,2025-03-02,COMPLETED,SR020,HOSPITAL
O000973,C0108,2025-03-13,COMPLETED,SR020,PHARMACY
O000974,C0111,2025-03-12,COMPLETED,SR019,PHARMACY
O000975,C0118,2025-03-08,COMPLETED,SR022,CLINIC
O000976,C0103,2025-03-11,COMPLETED,SR021,PHARMACY
O000977,C0113,2025-03-04,COMPLETED,SR022,HOSPITAL
O000978,C0109,2025-03-08,COMPLETED,SR021,CLINIC
O000979,C0003,2025-04-11,CANCELLED,SR001,PHARMACY
O000980,C0011,2025-04-08,COMPLETED,SR004,HOSPITAL
O000981,C0011,2025-04-25,COMPLETED,SR002,HOSPITAL
O000982,C0029,2025-04-23,COMPLETED,SR001,HOSPITAL
O000983,C0018,2025-04-19,COMPLETED,SR002,CLINIC
O000984,C0010,2025-04-06,COMPLETED,SR001,CLINIC
O000985,C0025,2025-04-27,COMPLETED,SR001,PHARMACY
O000986,C0003,2025-04-25,CANCELLED,SR006,PHARMACY
O000987,C0009,2025-04-20,COMPLETED,SR003,PHARMACY
O000988,C0002,2025-04-06,COMPLETED,SR002,CLINIC
O000989,C0012,2025-04-17,CANCELLED,SR001,PHARMACY
O000990,C0019,2025-04-06,CANCELLED,SR005,CLINIC
O000991,C0014,2025-04-03,COMPLETED,SR004,HOSPITAL
O000992,C0015,2025-04-28,COMPLETED,SR006,CLINIC
O000993,C0015,2025-04-09,COMPLETED,SR005,CLINIC
O000994,C0007,2025-04-16,COMPLETED,SR002,CLINIC
O000995,C0017,2025-04-04,COMPLETED,SR001,HOSPITAL
O000996,C0015,2025-04-23,COMPLETED,SR001,HOSPITAL
O000997,C0010,2025-04-18,CANCELLED,SR002,HOSPITAL
O000998,C0029,2025-04-27,COMPLETED,SR005,CLINIC
O000999,C0018,2025-04-10,COMPLETED,SR003,PHARMACY
O001000,C0013,2025-04-05,COMPLETED,SR004,CLINIC
O001001,C0030,2025-04-07,COMPLETED,SR001,PHARMACY
O001002,C0001,2025-04-24,COMPLETED,SR006,PHARMACY
O001003,C0005,2025-04-06,COMPLETED,SR003,CLINIC
O001004,C0013,2025-04-19,COMPLETED,SR001,HOSPITAL
O001005,C0006,2025-04-09,COMPLETED,SR001,HOSPITAL
O001006,C0013,2025-04-19,COMPLETED,SR005,CLINIC
O001007,C0009,2025-04-23,COMPLETED,SR001,CLINIC
O001008,C0004,2025-04-02,COMPLETED,SR006,HOSPITAL
O001009,C0004,2025-04-25,COMPLETED,SR001,PHARMACY
O001010,C0026,2025-04-27,CANCELLED,SR005,HOSPITAL
O001011,C0004,2025-04-15,COMPLETED,SR006,HOSPITAL
O001012,C0057,2025-04-28,COMPLETED,SR012,CLINIC
O001013,C0043,2025-04-10,COMPLETED,SR007,PHARMACY
O001014,C0058,2025-04-18,COMPLETED,SR012,CLINIC
O001015,C0031,2025-04-28,COMPLETED,SR010,CLINIC
O001016,C0060,2025-04-04,COMPLETED,SR009,CLINIC
O001017,C0055,2025-04-12,COMPLETED,SR012,HOSPITAL
O001018,C0033,2025-04-07,COMPLETED,SR010,PHARMACY
O001019,C0056,2025-04-20,COMPLETED,SR011,CLINIC
O001020,C0053,2025-04-12,COMPLETED,SR011,PHARMACY
O001021,C0059,2025-04-07,COMPLETED,SR011,HOSPITAL
O001022,C0035,2025-04-04,CANCELLED,SR009,HOSPITAL
O001023,C0043,2025-04-19,COMPLETED,SR007,HOSPITAL
O001024,C0057,2025-04-02,COMPLETED,SR011,CLINIC
O001025,C0058,2025-04-10,COMPLETED,SR008,HOSPITAL
O001026,C0054,2025-04-13,COMPLETED,SR009,CLINIC
O001027,C0042,2025-04-17,COMPLETED,SR008,PHARMACY
O001028,C0055,2025-04-13,COMPLETED,SR012,CLINIC
O001029,C0058,2025-04-13,COMPLETED,SR012,CLINIC
O001030,C0060,2025-04-15,COMPLETED,SR010,PHARMACY
O001031,C0060,2025-04-22,COMPLETED,SR009,PHARMACY
O001032,C0031,2025-04-16,COMPLETED,SR012,HOSPITAL
O001033,C0039,2025-04-23,COMPLETED,SR007,HOSPITAL
O001034,C0060,2025-04-20,COMPLETED,SR007,PHARMACY
O001035,C0047,2025-04-12,COMPLETED,SR009,HOSPITAL
O001036,C0047,2025-04-10,COMPLETED,SR010,PHARMACY
O001037,C0039,2025-04-12,COMPLETED,SR011,HOSPITAL
O001038,C0036,2025-04-25,COMPLETED,SR012,PHARMACY
O001039,C0031,2025-04-22,COMPLETED,SR011,PHARMACY
O001040,C0069,2025-04-03,COMPLETED,SR016,CLINIC
O001041,C0087,2025-04-05,COMPLETED,SR017,PHARMACY
O001042,C0072,2025-04-16,COMPLETED,SR016,CLINIC
O001043,C0074,2025-04-24,COMPLETED,SR015,PHARMACY
O001044,C0062,2025-04-25,COMPLETED,SR018,PHARMACY
O001045,C0063,2025-04-04,COMPLETED,SR018,PHARMACY
O001046,C0090,2025-04-07,COMPLETED,SR018,CLINIC
O001047,C0088,2025-04-01,COMPLETED,SR018,CLINIC
O001048,C0070,2025-04-17,COMPLETED,SR014,CLINIC
O001049,C0082,2025-04-15,COMPLETED,SR013,HOSPITAL
O001050,C0089,2025-04-02,COMPLETED,SR015,CLINIC
O001051,C0071,2025-04-04,COMPLETED,SR014,CLINIC
O001052,C0086,2025-04-05,COMPLETED,SR015,PHARMACY
O001053,C0071,2025-04-09,COMPLETED,SR015,CLINIC
O001054,C0102,2025-04-02,COMPLETED,SR023,HOSPITAL
O001055,C0114,2025-04-25,COMPLETED,SR020,PHARMACY
O001056,C0114,2025-04-05,COMPLETED,SR024,PHARMACY
O001057,C0108,2025-04-18,COMPLETED,SR019,HOSPITAL
O001058,C0113,2025-04-02,COMPLETED,SR024,CLINIC
O001059,C0106,2025-04-09,COMPLETED,SR019,PHARMACY
O001060,C0106,2025-04-02,COMPLETED,SR023,HOSPITAL
O001061,C0116,2025-04-06,COMPLETED,SR021,PHARMACY
O001062,C0091,2025-04-24,COMPLETED,SR019,CLINIC
O001063,C0119,2025-04-11,COMPLETED,SR021,CLINIC
O001064,C0099,2025-04-08,CANCELLED,SR021,CLINIC
O001065,C0109,2025-04-01,COMPLETED,SR024,PHARMACY
O001066,C0100,2025-04-24,COMPLETED,SR023,HOSPITAL
O001067,C0010,2025-05-08,COMPLETED,SR006,HOSPITAL
O001068,C0010,2025-05-28,COMPLETED,SR002,CLINIC
O001069,C0011,2025-05-26,COMPLETED,SR002,CLINIC
O001070,C0025,2025-05-15,COMPLETED,SR005,PHARMACY
O001071,C0009,2025-05-25,COMPLETED,SR001,PHARMACY
O001072,C0019,2025-05-16,COMPLETED,SR001,PHARMACY
O001073,C0020,2025-05-27,CANCELLED,SR003,PHARMACY
O001074,C0020,2025-05-19,COMPLETED,SR003,CLINIC
O001075,C0012,2025-05-05,COMPLETED,SR002,HOSPITAL
O001076,C0028,2025-05-11,COMPLETED,SR004,HOSPITAL
O001077,C0009,2025-05-06,COMPLETED,SR004,CLINIC
O001078,C0015,2025-05-15,COMPLETED,SR002,PHARMACY
O001079,C0009,2025-05-25,COMPLETED,SR002,PHARMACY
O001080,C0019,2025-05-24,COMPLETED,SR005,PHARMACY
O001081,C0016,2025-05-15,COMPLETED,SR004,PHARMACY
O001082,C0003,2025-05-22,COMPLETED,SR002,CLINIC
O001083,C0016,2025-05-08,COMPLETED,SR002,HOSPITAL
O001084,C0018,2025-05-16,COMPLETED,SR004,HOSPITAL
O001085,C0030,2025-05-23,CANCELLED,SR002,CLINIC
O001086,C0007,2025-05-08,COMPLETED,SR003,PHARMACY
O001087,C0006,2025-05-02,COMPLETED,SR004,HOSPITAL
O001088,C0028,2025-05-11,COMPLETED,SR005,CLINIC
O001089,C0007,2025-05-15,COMPLETED,SR006,PHARMACY
O001090,C0020,2025-05-26,COMPLETED,SR002,HOSPITAL
O001091,C0030,2025-05-19,COMPLETED,SR002,CLINIC
O001092,C0007,2025-05-20,COMPLETED,SR004,PHARMACY
O001093,C0026,2025-05-11,COMPLETED,SR002,PHARMACY
O001094,C0026,2025-05-04,COMPLETED,SR006,PHARMACY
O001095,C0012,2025-05-03,COMPLETED,SR003,PHARMACY
O001096,C0015,2025-05-15,COMPLETED,SR006,PHARMACY
O001097,C0055,2025-05-19,COMPLETED,SR009,CLINIC
O001098,C0041,2025-05-24,COMPLETED,SR008,CLINIC
O001099,C0040,2025-05-12,COMPLETED,SR008,HOSPITAL
O001100,C0040,2025-05-27,COMPLETED,SR009,CLINIC
O001101,C0031,2025-05-20,COMPLETED,SR010,HOSPITAL
O001102,C0033,2025-05-03,COMPLETED,SR011,HOSPITAL
O001103,C0048,2025-05-18,COMPLETED,SR011,HOSPITAL
O001104,C0056,2025-05-15,COMPLETED,SR009,CLINIC
O001105,C0043,2025-05-01,COMPLETED,SR009,HOSPITAL
O001106,C0045,2025-05-01,COMPLETED,SR012,PHARMACY
O001107,C0037,2025-05-28,COMPLETED,SR007,PHARMACY
O001108,C0037,2025-05-24,COMPLETED,SR007,HOSPITAL
O001109,C0058,2025-05-11,COMPLETED,SR007,PHARMACY
O001110,C0031,2025-05-27,COMPLETED,SR009,HOSPITAL
O001111,C0060,2025-05-02,COMPLETED,SR009,PHARMACY
O001112,C0039,2025-05-28,CANCELLED,SR012,HOSPITAL
O001113,C0050,2025-05-12,COMPLETED,SR007,HOSPITAL
O001114,C0047,2025-05-22,COMPLETED,SR011,PHARMACY
O001115,C0054,2025-05-03,CANCELLED,SR007,HOSPITAL
O001116,C0035,2025-05-02,COMPLETED,SR007,CLINIC
O001117,C0048,2025-05-04,COMPLETED,SR009,PHARMACY
O001118,C0060,2025-05-27,COMPLETED,SR011,CLINIC
O001119,C0072,2025-05-22,COMPLETED,SR017,HOSPITAL
O001120,C0079,2025-05-03,COMPLETED,SR015,CLINIC
O001121,C0087,2025-05-07,COMPLETED,SR017,PHARMACY
O001122,C0077,2025-05-07,COMPLETED,SR014,CLINIC
O001123,C0076,2025-05-03,COMPLETED,SR013,HOSPITAL
O001124,C0062,2025-05-23,COMPLETED,SR015,PHARMACY
O001125,C0077,2025-05-28,COMPLETED,SR017,PHARMACY
O001126,C0077,2025-05-10,COMPLETED,SR015,HOSPITAL
O001127,C0083,2025-05-13,COMPLETED,SR014,CLINIC
O001128,C0088,2025-05-07,COMPLETED,SR018,CLINIC
O001129,C0083,2025-05-26,COMPLETED,SR014,CLINIC
O001130,C0083,2025-05-02,COMPLETED,SR018,PHARMACY
O001131,C0089,2025-05-09,COMPLETED,SR018,PHARMACY
O001132,C0082,2025-05-22,COMPLETED,SR015,PHARMACY
O001133,C0064,2025-05-21,COMPLETED,SR017,CLINIC
O001134,C0071,2025-05-10,COMPLETED,SR016,HOSPITAL
O001135,C0086,2025-05-24,COMPLETED,SR013,CLINIC
O001136,C0073,2025-05-10,COMPLETED,SR018,HOSPITAL
O001137,C0115,2025-05-18,COMPLETED,SR021,CLINIC
O001138,C0094,2025-05-16,COMPLETED,SR023,PHARMACY
O001139,C0120,2025-05-10,COMPLETED,SR020,PHARMACY
O001140,C0110,2025-05-25,COMPLETED,SR021,CLINIC
O001141,C0110,2025-05-01,COMPLETED,SR020,CLINIC
O001142,C0109,2025-05-17,COMPLETED,SR019,HOSPITAL
O001143,C0099,2025-05-23,COMPLETED,SR019,PHARMACY
O001144,C0116,2025-05-08,COMPLETED,SR024,CLINIC
O001145,C0093,2025-05-05,COMPLETED,SR019,HOSPITAL
O001146,C0109,2025-05-01,COMPLETED,SR024,CLINIC
O001147,C0097,2025-05-15,COMPLETED,SR021,CLINIC
O001148,C0019,2025-06-24,COMPLETED,SR004,PHARMACY
O001149,C0016,2025-06-28,COMPLETED,SR004,PHARMACY
O001150,C0010,2025-06-13,COMPLETED,SR002,CLINIC
O001151,C0010,2025-06-11,COMPLETED,SR005,HOSPITAL
O001152,C0010,2025-06-06,COMPLETED,SR002,HOSPITAL
O001153,C0011,2025-06-14,COMPLETED,SR005,HOSPITAL
O001154,C0006,2025-06-06,COMPLETED,SR002,PHARMACY
O001155,C0015,2025-06-14,COMPLETED,SR006,HOSPITAL
O001156,C0014,2025-06-14,COMPLETED,SR004,PHARMACY
O001157,C0027,2025-06-12,COMPLETED,SR003,HOSPITAL
O001158,C0015,2025-06-08,COMPLETED,SR006,CLINIC
O001159,C0019,2025-06-28,COMPLETED,SR003,HOSPITAL
O001160,C0009,2025-06-15,COMPLETED,SR004,CLINIC
O001161,C0029,2025-06-17,COMPLETED,SR003,HOSPITAL
O001162,C0004,2025-06-17,CANCELLED,SR005,PHARMACY
O001163,C0010,2025-06-05,COMPLETED,SR006,CLINIC
O001164,C0030,2025-06-16,COMPLETED,SR003,PHARMACY
O001165,C0001,2025-06-14,COMPLETED,SR003,CLINIC
O001166,C0013,2025-06-10,COMPLETED,SR003,CLINIC
O001167,C0005,2025-06-26,COMPLETED,SR005,HOSPITAL
O001168,C0013,2025-06-16,COMPLETED,SR006,PHARMACY
O001169,C0021,2025-06-10,COMPLETED,SR001,HOSPITAL
O001170,C0006,2025-06-10,COMPLETED,SR006,PHARMACY
O001171,C0028,2025-06-19,COMPLETED,SR002,HOSPITAL
O001172,C0010,2025-06-24,COMPLETED,SR001,CLINIC
O001173,C0012,2025-06-15,COMPLETED,SR001,HOSPITAL
O001174,C0004,2025-06-18,COMPLETED,SR003,CLINIC
O001175,C0009,2025-06-09,COMPLETED,SR005,HOSPITAL
O001176,C0036,2025-06-19,COMPLETED,SR008,HOSPITAL
O001177,C0060,2025-06-14,COMPLETED,SR010,PHARMACY
O001178,C0057,2025-06-21,CANCELLED,SR007,CLINIC
O001179,C0047,2025-06-11,COMPLETED,SR008,HOSPITAL
O001180,C0040,2025-06-01,COMPLETED,SR009,HOSPITAL
O001181,C0033,2025-06-05,COMPLETED,SR007,HOSPITAL
O001182,C0041,2025-06-01,COMPLETED,SR008,CLINIC
O001183,C0055,2025-06-25,COMPLETED,SR007,CLINIC
O001184,C0059,2025-06-09,COMPLETED,SR011,CLINIC
O001185,C0048,2025-06-16,COMPLETED,SR012,PHARMACY
O001186,C0053,2025-06-14,COMPLETED,SR011,HOSPITAL
O001187,C0043,2025-06-11,COMPLETED,SR009,HOSPITAL
O001188,C0049,2025-06-24,COMPLETED,SR010,HOSPITAL
O001189,C0046,2025-06-24,COMPLETED,SR012,PHARMACY
O001190,C0037,2025-06-07,COMPLETED,SR007,PHARMACY
O001191,C0038,2025-06-05,COMPLETED,SR009,CLINIC
O001192,C0058,2025-06-27,COMPLETED,SR009,CLINIC
O001193,C0045,2025-06-26,COMPLETED,SR008,PHARMACY
O001194,C0036,2025-06-03,COMPLETED,SR008,PHARMACY
O001195,C0041,2025-06-26,COMPLETED,SR008,PHARMACY
O001196,C0054,2025-06-28,COMPLETED,SR012,CLINIC
O001197,C0050,2025-06-14,COMPLETED,SR012,HOSPITAL
O001198,C0050,2025-06-01,COMPLETED,SR008,PHARMACY
O001199,C0048,2025-06-25,COMPLETED,SR012,HOSPITAL
O001200,C0039,2025-06-25,COMPLETED,SR009,CLINIC
O001201,C0072,2025-06-11,COMPLETED,SR013,PHARMACY
O001202,C0087,2025-06-06,COMPLETED,SR016,HOSPITAL
O001203,C0082,2025-06-26,COMPLETED,SR018,HOSPITAL
O001204,C0087,2025-06-25,COMPLETED,SR016,HOSPITAL
O001205,C0074,2025-06-18,COMPLETED,SR017,HOSPITAL
O001206,C0081,2025-06-17,COMPLETED,SR017,CLINIC
O001207,C0086,2025-06-16,COMPLETED,SR015,PHARMACY
O001208,C0088,2025-06-25,COMPLETED,SR018,PHARMACY
O001209,C0066,2025-06-04,COMPLETED,SR017,HOSPITAL
O001210,C0063,2025-06-18,COMPLETED,SR018,PHARMACY
O001211,C0071,2025-06-01,COMPLETED,SR015,PHARMACY
O001212,C0071,2025-06-07,COMPLETED,SR018,PHARMACY
O001213,C0061,2025-06-24,COMPLETED,SR017,HOSPITAL
O001214,C0063,2025-06-02,COMPLETED,SR014,CLINIC
O001215,C0073,2025-06-27,COMPLETED,SR015,CLINIC
O001216,C0066,2025-06-11,COMPLETED,SR014,PHARMACY
O001217,C0115,2025-06-04,COMPLETED,SR021,HOSPITAL
O001218,C0094,2025-06-17,COMPLETED,SR019,HOSPITAL
O001219,C0115,2025-06-27,COMPLETED,SR022,CLINIC
O001220,C0095,2025-06-10,COMPLETED,SR022,PHARMACY
O001221,C0095,2025-06-01,COMPLETED,SR020,CLINIC
O001222,C0114,2025-06-20,COMPLETED,SR019,HOSPITAL
O001223,C0091,2025-06-06,COMPLETED,SR023,PHARMACY
O001224,C0104,2025-06-03,COMPLETED,SR021,PHARMACY
O001225,C0118,2025-06-13,COMPLETED,SR021,CLINIC
O001226,C0111,2025-06-14,COMPLETED,SR019,CLINIC
O001227,C0111,2025-06-04,COMPLETED,SR023,HOSPITAL
O001228,C0104,2025-06-27,COMPLETED,SR022,HOSPITAL
O001229,C0100,2025-06-04,COMPLETED,SR019,PHARMACY
O001230,C0011,2025-07-10,COMPLETED,SR001,PHARMACY
O001231,C0009,2025-07-12,COMPLETED,SR001,PHARMACY
O001232,C0019,2025-07-06,CANCELLED,SR003,PHARMACY
O001233,C0018,2025-07-10,CANCELLED,SR006,HOSPITAL
O001234,C0016,2025-07-21,COMPLETED,SR003,HOSPITAL
O001235,C0029,2025-07-16,COMPLETED,SR003,HOSPITAL
O001236,C0002,2025-07-07,COMPLETED,SR003,PHARMACY
O001237,C0019,2025-07-27,COMPLETED,SR002,CLINIC
O001238,C0005,2025-07-09,CANCELLED,SR003,CLINIC
O001239,C0019,2025-07-07,COMPLETED,SR005,CLINIC
O001240,C0015,2025-07-19,COMPLETED,SR004,CLINIC
O001241,C0008,2025-07-20,COMPLETED,SR004,PHARMACY
O001242,C0018,2025-07-22,COMPLETED,SR003,PHARMACY
O001243,C0023,2025-07-27,COMPLETED,SR003,CLINIC
O001244,C0030,2025-07-24,COMPLETED,SR002,CLINIC
O001245,C0024,2025-07-23,COMPLETED,SR002,PHARMACY
O001246,C0001,2025-07-07,COMPLETED,SR002,PHARMACY
O001247,C0016,2025-07-09,COMPLETED,SR003,PHARMACY
O001248,C0016,2025-07-26,COMPLETED,SR003,HOSPITAL
O001249,C0020,2025-07-06,COMPLETED,SR002,HOSPITAL
O001250,C0028,2025-07-16,COMPLETED,SR005,PHARMACY
O001251,C0012,2025-07-18,COMPLETED,SR003,PHARMACY
O001252,C0014,2025-07-22,COMPLETED,SR003,HOSPITAL
O001253,C0006,2025-07-12,COMPLETED,SR001,HOSPITAL
O001254,C0021,2025-07-19,COMPLETED,SR003,CLINIC
O001255,C0024,2025-07-15,COMPLETED,SR002,PHARMACY
O001256,C0040,2025-07-06,COMPLETED,SR011,PHARMACY
O001257,C0051,2025-07-14,COMPLETED,SR010,HOSPITAL
O001258,C0040,2025-07-04,COMPLETED,SR010,PHARMACY
O001259,C0060,2025-07-05,CANCELLED,SR009,PHARMACY
O001260,C0043,2025-07-12,COMPLETED,SR008,PHARMACY
O001261,C0059,2025-07-15,COMPLETED,SR012,PHARMACY
O001262,C0059,2025-07-15,COMPLETED,SR012,CLINIC
O001263,C0056,2025-07-11,COMPLETED,SR010,PHARMACY
O001264,C0049,2025-07-22,COMPLETED,SR012,HOSPITAL
O001265,C0045,2025-07-09,CANCELLED,SR012,HOSPITAL
O001266,C0054,2025-07-04,CANCELLED,SR009,PHARMACY
O001267,C0047,2025-07-27,COMPLETED,SR009,CLINIC
O001268,C0033,2025-07-07,COMPLETED,SR007,HOSPITAL
O001269,C0046,2025-07-21,COMPLETED,SR008,PHARMACY
O001270,C0050,2025-07-26,COMPLETED,SR010,PHARMACY
O001271,C0039,2025-07-22,COMPLETED,SR011,HOSPITAL
O001272,C0039,2025-07-01,COMPLETED,SR009,CLINIC
O001273,C0059,2025-07-19,COMPLETED,SR011,CLINIC
O001274,C0031,2025-07-25,COMPLETED,SR007,HOSPITAL
O001275,C0037,2025-07-25,COMPLETED,SR011,PHARMACY
O001276,C0048,2025-07-09,COMPLETED,SR008,HOSPITAL
O001277,C0079,2025-07-25,CANCELLED,SR015,CLINIC
O001278,C0061,2025-07-28,COMPLETED,SR013,CLINIC
O001279,C0089,2025-07-28,COMPLETED,SR016,HOSPITAL
O001280,C0077,2025-07-04,COMPLETED,SR017,HOSPITAL
O001281,C0069,2025-07-01,COMPLETED,SR017,HOSPITAL
O001282,C0062,2025-07-03,COMPLETED,SR014,HOSPITAL
O001283,C0074,2025-07-08,COMPLETED,SR018,HOSPITAL
O001284,C0077,2025-07-02,COMPLETED,SR015,HOSPITAL
O001285,C0070,2025-07-02,COMPLETED,SR018,CLINIC
O001286,C0081,2025-07-02,COMPLETED,SR015,CLINIC
O001287,C0068,2025-07-26,COMPLETED,SR016,PHARMACY
O001288,C0090,2025-07-05,COMPLETED,SR018,HOSPITAL
O001289,C0065,2025-07-14,COMPLETED,SR016,CLINIC
O001290,C0063,2025-07-05,COMPLETED,SR017,CLINIC
O001291,C0063,2025-07-04,COMPLETED,SR017,HOSPITAL
O001292,C0087,2025-07-27,COMPLETED,SR018,PHARMACY
O001293,C0068,2025-07-12,COMPLETED,SR016,HOSPITAL
O001294,C0112,2025-07-02,COMPLETED,SR024,HOSPITAL
O001295,C0105,2025-07-22,COMPLETED,SR022,PHARMACY
O001296,C0114,2025-07-06,COMPLETED,SR022,PHARMACY
O001297,C0094,2025-07-09,COMPLETED,SR024,HOSPITAL
O001298,C0094,2025-07-09,COMPLETED,SR021,CLINIC
O001299,C0102,2025-07-01,COMPLETED,SR020,HOSPITAL
O001300,C0116,2025-07-11,COMPLETED,SR019,PHARMACY
O001301,C0112,2025-07-23,COMPLETED,SR019,CLINIC
O001302,C0109,2025-07-18,COMPLETED,SR024,PHARMACY
O001303,C0103,2025-07-03,COMPLETED,SR021,CLINIC
O001304,C0095,2025-07-20,COMPLETED,SR023,PHARMACY
O001305,C0003,2025-08-18,COMPLETED,SR005,CLINIC
O001306,C0003,2025-08-09,COMPLETED,SR002,PHARMACY
O001307,C0019,2025-08-17,COMPLETED,SR006,CLINIC
O001308,C0022,2025-08-16,COMPLETED,SR001,PHARMACY
O001309,C0016,2025-08-04,COMPLETED,SR006,PHARMACY
O001310,C0002,2025-08-12,COMPLETED,SR001,PHARMACY
O001311,C0009,2025-08-24,COMPLETED,SR001,PHARMACY
O001312,C0011,2025-08-12,COMPLETED,SR005,HOSPITAL
O001313,C0005,2025-08-15,CANCELLED,SR006,CLINIC
O001314,C0012,2025-08-06,COMPLETED,SR001,PHARMACY
O001315,C0027,2025-08-02,COMPLETED,SR004,PHARMACY
O001316,C0014,2025-08-18,COMPLETED,SR004,HOSPITAL
O001317,C0019,2025-08-11,COMPLETED,SR004,HOSPITAL
O001318,C0004,2025-08-03,COMPLETED,SR003,PHARMACY
O001319,C0019,2025-08-09,COMPLETED,SR001,CLINIC
O001320,C0029,2025-08-11,COMPLETED,SR004,PHARMACY
O001321,C0013,2025-08-26,COMPLETED,SR002,CLINIC
O001322,C0023,2025-08-17,COMPLETED,SR005,CLINIC
O001323,C0019,2025-08-13,COMPLETED,SR006,PHARMACY
O001324,C0029,2025-08-06,COMPLETED,SR004,CLINIC
O001325,C0019,2025-08-26,CANCELLED,SR003,PHARMACY
O001326,C0028,2025-08-23,COMPLETED,SR001,CLINIC
O001327,C0014,2025-08-21,COMPLETED,SR004,HOSPITAL
O001328,C0025,2025-08-04,COMPLETED,SR002,PHARMACY
O001329,C0013,2025-08-03,COMPLETED,SR003,HOSPITAL
O001330,C0012,2025-08-17,COMPLETED,SR006,PHARMACY
O001331,C0028,2025-08-13,COMPLETED,SR006,HOSPITAL
O001332,C0009,2025-08-19,COMPLETED,SR004,PHARMACY
O001333,C0012,2025-08-11,COMPLETED,SR001,PHARMACY
O001334,C0057,2025-08-11,COMPLETED,SR008,PHARMACY
O001335,C0036,2025-08-24,COMPLETED,SR012,CLINIC
O001336,C0040,2025-08-16,COMPLETED,SR009,HOSPITAL
O001337,C0033,2025-08-07,COMPLETED,SR010,PHARMACY
O001338,C0038,2025-08-01,COMPLETED,SR009,CLINIC
O001339,C0035,2025-08-13,COMPLETED,SR008,CLINIC
O001340,C0035,2025-08-18,COMPLETED,SR011,CLINIC
O001341,C0032,2025-08-17,COMPLETED,SR011,HOSPITAL
O001342,C0047,2025-08-27,COMPLETED,SR012,HOSPITAL
O001343,C0031,2025-08-28,COMPLETED,SR011,PHARMACY
O001344,C0046,2025-08-11,COMPLETED,SR011,PHARMACY
O001345,C0052,2025-08-23,COMPLETED,SR012,HOSPITAL
O001346,C0050,2025-08-26,COMPLETED,SR007,PHARMACY
O001347,C0033,2025-08-12,COMPLETED,SR010,HOSPITAL
O001348,C0060,2025-08-01,COMPLETED,SR012,PHARMACY
O001349,C0035,2025-08-07,COMPLETED,SR009,CLINIC
O001350,C0056,2025-08-20,COMPLETED,SR009,CLINIC
O001351,C0045,2025-08-23,COMPLETED,SR010,PHARMACY
O001352,C0077,2025-08-04,COMPLETED,SR013,PHARMACY
O001353,C0082,2025-08-12,COMPLETED,SR015,PHARMACY
O001354,C0082,2025-08-06,COMPLETED,SR013,HOSPITAL
O001355,C0077,2025-08-03,COMPLETED,SR017,PHARMACY
O001356,C0065,2025-08-06,COMPLETED,SR016,HOSPITAL
O001357,C0077,2025-08-21,COMPLETED,SR018,HOSPITAL
O001358,C0077,2025-08-19,COMPLETED,SR018,CLINIC
O001359,C0081,2025-08-17,COMPLETED,SR013,PHARMACY
O001360,C0083,2025-08-09,CANCELLED,SR013,CLINIC
O001361,C0071,2025-08-02,COMPLETED,SR014,HOSPITAL
O001362,C0063,2025-08-26,COMPLETED,SR014,CLINIC
O001363,C0079,2025-08-22,COMPLETED,SR014,CLINIC
O001364,C0078,2025-08-05,COMPLETED,SR016,PHARMACY
O001365,C0089,2025-08-25,COMPLETED,SR016,CLINIC
O001366,C0082,2025-08-03,COMPLETED,SR017,HOSPITAL
O001367,C0086,2025-08-01,COMPLETED,SR016,CLINIC
O001368,C0094,2025-08-21,COMPLETED,SR021,CLINIC
O001369,C0107,2025-08-13,COMPLETED,SR021,CLINIC
O001370,C0095,2025-08-04,COMPLETED,SR022,PHARMACY
O001371,C0098,2025-08-02,COMPLETED,SR023,CLINIC
O001372,C0109,2025-08-05,COMPLETED,SR021,CLINIC
O001373,C0120,2025-08-23,COMPLETED,SR023,CLINIC
O001374,C0118,2025-08-06,COMPLETED,SR021,HOSPITAL
O001375,C0111,2025-08-06,COMPLETED,SR023,PHARMACY
O001376,C0092,2025-08-23,COMPLETED,SR020,PHARMACY
O001377,C0095,2025-08-08,COMPLETED,SR021,HOSPITAL
O001378,C0016,2025-09-19,COMPLETED,SR002,PHARMACY
O001379,C0027,2025-09-22,COMPLETED,SR002,PHARMACY
O001380,C0018,2025-09-01,COMPLETED,SR004,HOSPITAL
O001381,C0009,2025-09-14,COMPLETED,SR002,CLINIC
O001382,C0029,2025-09-09,COMPLETED,SR005,HOSPITAL
O001383,C0018,2025-09-18,COMPLETED,SR005,CLINIC
O001384,C0009,2025-09-10,COMPLETED,SR003,PHARMACY
O001385,C0027,2025-09-21,COMPLETED,SR001,HOSPITAL
O001386,C0011,2025-09-17,COMPLETED,SR004,CLINIC
O001387,C0015,2025-09-22,COMPLETED,SR003,PHARMACY
O001388,C0006,2025-09-22,COMPLETED,SR006,PHARMACY
O001389,C0027,2025-09-07,COMPLETED,SR005,HOSPITAL
O001390,C0027,2025-09-03,COMPLETED,SR002,CLINIC
O001391,C0015,2025-09-24,COMPLETED,SR004,HOSPITAL
O001392,C0027,2025-09-15,COMPLETED,SR003,HOSPITAL
O001393,C0016,2025-09-13,COMPLETED,SR002,HOSPITAL
O001394,C0016,2025-09-11,COMPLETED,SR003,HOSPITAL
O001395,C0003,2025-09-22,COMPLETED,SR002,PHARMACY
O001396,C0010,2025-09-12,COMPLETED,SR006,HOSPITAL
O001397,C0030,2025-09-03,COMPLETED,SR002,CLINIC
O001398,C0010,2025-09-17,COMPLETED,SR006,HOSPITAL
O001399,C0003,2025-09-27,COMPLETED,SR003,HOSPITAL
O001400,C0008,2025-09-28,COMPLETED,SR001,PHARMACY
O001401,C0029,2025-09-05,COMPLETED,SR003,PHARMACY
O001402,C0018,2025-09-01,COMPLETED,SR002,HOSPITAL
O001403,C0016,2025-09-04,COMPLETED,SR002,HOSPITAL
O001404,C0028,2025-09-10,COMPLETED,SR006,CLINIC
O001405,C0006,2025-09-13,COMPLETED,SR002,PHARMACY
O001406,C0009,2025-09-04,COMPLETED,SR001,HOSPITAL
O001407,C0030,2025-09-19,COMPLETED,SR004,PHARMACY
O001408,C0020,2025-09-24,COMPLETED,SR001,HOSPITAL
O001409,C0020,2025-09-14,COMPLETED,SR006,CLINIC
O001410,C0007,2025-09-16,COMPLETED,SR001,HOSPITAL
O001411,C0004,2025-09-26,CANCELLED,SR006,HOSPITAL
O001412,C0004,2025-09-12,COMPLETED,SR006,CLINIC
O001413,C0015,2025-09-09,COMPLETED,SR002,HOSPITAL
O001414,C0033,2025-09-14,COMPLETED,SR011,PHARMACY
O001415,C0058,2025-09-03,CANCELLED,SR011,HOSPITAL
O001416,C0041,2025-09-16,COMPLETED,SR011,HOSPITAL
O001417,C0043,2025-09-19,COMPLETED,SR012,HOSPITAL
O001418,C0031,2025-09-20,COMPLETED,SR007,HOSPITAL
O001419,C0047,2025-09-07,COMPLETED,SR009,CLINIC
O001420,C0036,2025-09-22,COMPLETED,SR007,HOSPITAL
O001421,C0033,2025-09-09,COMPLETED,SR008,PHARMACY
O001422,C0059,2025-09-28,COMPLETED,SR007,CLINIC
O001423,C0050,2025-09-25,COMPLETED,SR010,CLINIC
O001424,C0035,2025-09-19,COMPLETED,SR011,HOSPITAL
O001425,C0043,2025-09-16,COMPLETED,SR009,HOSPITAL
O001426,C0042,2025-09-19,COMPLETED,SR012,CLINIC
O001427,C0038,2025-09-17,COMPLETED,SR011,HOSPITAL
O001428,C0049,2025-09-17,COMPLETED,SR008,CLINIC
O001429,C0038,2025-09-20,CANCELLED,SR010,CLINIC
O001430,C0037,2025-09-17,COMPLETED,SR008,CLINIC
O001431,C0042,2025-09-24,COMPLETED,SR012,PHARMACY
O001432,C0046,2025-09-25,COMPLETED,SR010,CLINIC
O001433,C0043,2025-09-18,CANCELLED,SR012,PHARMACY
O001434,C0031,2025-09-16,COMPLETED,SR007,PHARMACY
O001435,C0032,2025-09-17,COMPLETED,SR012,HOSPITAL
O001436,C0032,2025-09-11,COMPLETED,SR011,HOSPITAL
O001437,C0052,2025-09-25,COMPLETED,SR011,HOSPITAL
O001438,C0045,2025-09-08,COMPLETED,SR007,HOSPITAL
O001439,C0056,2025-09-05,COMPLETED,SR007,HOSPITAL
O001440,C0037,2025-09-14,COMPLETED,SR009,PHARMACY
O001441,C0069,2025-09-07,COMPLETED,SR014,CLINIC
O001442,C0068,2025-09-14,CANCELLED,SR015,PHARMACY
O001443,C0072,2025-09-02,COMPLETED,SR017,CLINIC
O001444,C0076,2025-09-09,COMPLETED,SR013,PHARMACY
O001445,C0079,2025-09-08,COMPLETED,SR018,HOSPITAL
O001446,C0065,2025-09-17,COMPLETED,SR018,CLINIC
O001447,C0084,2025-09-07,COMPLETED,SR016,CLINIC
O001448,C0067,2025-09-28,COMPLETED,SR016,HOSPITAL
O001449,C0077,2025-09-06,COMPLETED,SR014,PHARMACY
O001450,C0083,2025-09-15,COMPLETED,SR018,CLINIC
O001451,C0079,2025-09-25,COMPLETED,SR015,PHARMACY
O001452,C0067,2025-09-11,COMPLETED,SR017,PHARMACY
O001453,C0070,2025-09-20,COMPLETED,SR015,HOSPITAL
O001454,C0077,2025-09-15,COMPLETED,SR014,PHARMACY
O001455,C0085,2025-09-23,COMPLETED,SR016,HOSPITAL
O001456,C0086,2025-09-17,COMPLETED,SR018,HOSPITAL
O001457,C0064,2025-09-09,COMPLETED,SR015,HOSPITAL
O001458,C0086,2025-09-13,COMPLETED,SR013,HOSPITAL
O001459,C0095,2025-09-02,COMPLETED,SR024,CLINIC
O001460,C0095,2025-09-16,COMPLETED,SR019,HOSPITAL
O001461,C0108,2025-09-19,COMPLETED,SR024,CLINIC
O001462,C0109,2025-09-10,COMPLETED,SR022,PHARMACY
O001463,C0094,2025-09-06,COMPLETED,SR021,CLINIC
O001464,C0120,2025-09-11,COMPLETED,SR023,HOSPITAL
O001465,C0117,2025-09-09,COMPLETED,SR019,HOSPITAL
O001466,C0102,2025-09-06,COMPLETED,SR020,CLINIC
O001467,C0110,2025-09-23,COMPLETED,SR020,PHARMACY
O001468,C0111,2025-09-26,COMPLETED,SR024,CLINIC
O001469,C0092,2025-09-27,COMPLETED,SR019,PHARMACY
O001470,C0115,2025-09-17,COMPLETED,SR023,CLINIC
O001471,C0099,2025-09-01,COMPLETED,SR019,HOSPITAL
O001472,C0100,2025-09-22,COMPLETED,SR023,CLINIC
O001473,C0027,2025-10-27,COMPLETED,SR001,PHARMACY
O001474,C0018,2025-10-09,COMPLETED,SR006,HOSPITAL
O001475,C0029,2025-10-10,COMPLETED,SR005,HOSPITAL
O001476,C0027,2025-10-12,COMPLETED,SR002,PHARMACY
O001477,C0022,2025-10-09,COMPLETED,SR002,CLINIC
O001478,C0009,2025-10-03,COMPLETED,SR004,HOSPITAL
O001479,C0025,2025-10-06,COMPLETED,SR002,CLINIC
O001480,C0005,2025-10-15,COMPLETED,SR005,HOSPITAL
O001481,C0020,2025-10-21,COMPLETED,SR001,PHARMACY
O001482,C0015,2025-10-20,COMPLETED,SR004,HOSPITAL
O001483,C0006,2025-10-28,COMPLETED,SR006,PHARMACY
O001484,C0006,2025-10-14,COMPLETED,SR002,CLINIC
O001485,C0019,2025-10-11,COMPLETED,SR003,HOSPITAL
O001486,C0018,2025-10-22,COMPLETED,SR005,PHARMACY
O001487,C0004,2025-10-01,COMPLETED,SR001,CLINIC
O001488,C0018,2025-10-03,COMPLETED,SR003,HOSPITAL
O001489,C0024,2025-10-20,COMPLETED,SR006,HOSPITAL
O001490,C0007,2025-10-14,COMPLETED,SR003,HOSPITAL
O001491,C0007,2025-10-02,COMPLETED,SR005,HOSPITAL
O001492,C0013,2025-10-21,COMPLETED,SR005,PHARMACY
O001493,C0023,2025-10-06,COMPLETED,SR002,PHARMACY
O001494,C0028,2025-10-25,COMPLETED,SR002,PHARMACY
O001495,C0021,2025-10-16,COMPLETED,SR006,HOSPITAL
O001496,C0030,2025-10-20,COMPLETED,SR003,HOSPITAL
O001497,C0014,2025-10-08,COMPLETED,SR004,CLINIC
O001498,C0007,2025-10-08,COMPLETED,SR004,CLINIC
O001499,C0016,2025-10-21,COMPLETED,SR005,PHARMACY
O001500,C0030,2025-10-12,COMPLETED,SR006,CLINIC
O001501,C0021,2025-10-06,COMPLETED,SR002,CLINIC
O001502,C0025,2025-10-12,COMPLETED,SR005,PHARMACY
O001503,C0004,2025-10-01,COMPLETED,SR005,PHARMACY
O001504,C0012,2025-10-20,COMPLETED,SR006,PHARMACY
O001505,C0009,2025-10-17,COMPLETED,SR005,HOSPITAL
O001506,C0004,2025-10-18,COMPLETED,SR001,CLINIC
O001507,C0043,2025-10-21,CANCELLED,SR008,HOSPITAL
O001508,C0031,2025-10-22,COMPLETED,SR012,PHARMACY
O001509,C0057,2025-10-02,CANCELLED,SR012,CLINIC
O001510,C0057,2025-10-17,COMPLETED,SR011,PHARMACY
O001511,C0058,2025-10-01,COMPLETED,SR008,CLINIC
O001512,C0033,2025-10-13,COMPLETED,SR008,PHARMACY
O001513,C0031,2025-10-17,COMPLETED,SR007,CLINIC
O001514,C0059,2025-10-28,COMPLETED,SR011,HOSPITAL
O001515,C0043,2025-10-17,CANCELLED,SR011,CLINIC
O001516,C0048,2025-10-18,COMPLETED,SR009,CLINIC
O001517,C0056,2025-10-09,COMPLETED,SR010,CLINIC
O001518,C0038,2025-10-27,COMPLETED,SR008,HOSPITAL
O001519,C0049,2025-10-19,COMPLETED,SR010,HOSPITAL
O001520,C0045,2025-10-24,COMPLETED,SR010,PHARMACY
O001521,C0038,2025-10-05,COMPLETED,SR009,CLINIC
O001522,C0045,2025-10-01,COMPLETED,SR010,HOSPITAL
O001523,C0040,2025-10-24,COMPLETED,SR008,HOSPITAL
O001524,C0044,2025-10-05,COMPLETED,SR007,CLINIC
O001525,C0044,2025-10-23,COMPLETED,SR007,PHARMACY
O001526,C0044,2025-10-16,COMPLETED,SR008,PHARMACY
O001527,C0033,2025-10-26,COMPLETED,SR008,HOSPITAL
O001528,C0033,2025-10-06,COMPLETED,SR009,CLINIC
O001529,C0047,2025-10-22,COMPLETED,SR008,CLINIC
O001530,C0059,2025-10-08,COMPLETED,SR008,PHARMACY
O001531,C0060,2025-10-26,COMPLETED,SR008,CLINIC
O001532,C0035,2025-10-26,COMPLETED,SR010,CLINIC
O001533,C0031,2025-10-15,COMPLETED,SR011,CLINIC
O001534,C0056,2025-10-10,COMPLETED,SR009,HOSPITAL
O001535,C0055,2025-10-25,COMPLETED,SR011,PHARMACY
O001536,C0056,2025-10-22,COMPLETED,SR007,PHARMACY
O001537,C0076,2025-10-17,COMPLETED,SR014,CLINIC
O001538,C0069,2025-10-27,COMPLETED,SR018,CLINIC
O001539,C0085,2025-10-25,COMPLETED,SR018,CLINIC
O001540,C0087,2025-10-26,COMPLETED,SR017,CLINIC
O001541,C0062,2025-10-21,COMPLETED,SR013,PHARMACY
O001542,C0074,2025-10-04,COMPLETED,SR014,HOSPITAL
O001543,C0071,2025-10-10,COMPLETED,SR014,CLINIC
O001544,C0071,2025-10-13,COMPLETED,SR016,CLINIC
O001545,C0077,2025-10-09,COMPLETED,SR013,HOSPITAL
O001546,C0077,2025-10-11,COMPLETED,SR014,PHARMACY
O001547,C0079,2025-10-04,COMPLETED,SR016,CLINIC
O001548,C0074,2025-10-03,COMPLETED,SR014,PHARMACY
O001549,C0077,2025-10-06,COMPLETED,SR015,PHARMACY
O001550,C0064,2025-10-14,COMPLETED,SR018,CLINIC
O001551,C0089,2025-10-23,COMPLETED,SR013,HOSPITAL
O001552,C0080,2025-10-13,COMPLETED,SR016,HOSPITAL
O001553,C0061,2025-10-13,COMPLETED,SR013,CLINIC
O001554,C0102,2025-10-26,CANCELLED,SR022,PHARMACY
O001555,C0114,2025-10-22,CANCELLED,SR024,PHARMACY
O001556,C0102,2025-10-15,COMPLETED,SR023,PHARMACY
O001557,C0095,2025-10-14,COMPLETED,SR020,HOSPITAL
O001558,C0120,2025-10-05,COMPLETED,SR021,CLINIC
O001559,C0120,2025-10-17,COMPLETED,SR021,PHARMACY
O001560,C0095,2025-10-05,COMPLETED,SR019,HOSPITAL
O001561,C0109,2025-10-14,COMPLETED,SR020,CLINIC
O001562,C0106,2025-10-10,COMPLETED,SR021,PHARMACY
O001563,C0097,2025-10-18,COMPLETED,SR021,PHARMACY
O001564,C0011,2025-11-05,COMPLETED,SR004,CLINIC
O001565,C0003,2025-11-25,COMPLETED,SR006,PHARMACY
O001566,C0016,2025-11-19,COMPLETED,SR001,CLINIC
O001567,C0003,2025-11-28,CANCELLED,SR001,PHARMACY
O001568,C0029,2025-11-11,COMPLETED,SR002,CLINIC
O001569,C0003,2025-11-03,COMPLETED,SR003,HOSPITAL
O001570,C0022,2025-11-10,COMPLETED,SR006,PHARMACY
O001571,C0016,2025-11-26,COMPLETED,SR004,HOSPITAL
O001572,C0003,2025-11-14,COMPLETED,SR005,CLINIC
O001573,C0016,2025-11-10,COMPLETED,SR005,CLINIC
O001574,C0002,2025-11-28,COMPLETED,SR004,PHARMACY
O001575,C0012,2025-11-28,COMPLETED,SR003,PHARMACY
O001576,C0019,2025-11-26,COMPLETED,SR006,PHARMACY
O001577,C0015,2025-11-08,COMPLETED,SR006,CLINIC
O001578,C0019,2025-11-01,COMPLETED,SR006,CLINIC
O001579,C0005,2025-11-03,COMPLETED,SR005,HOSPITAL
O001580,C0012,2025-11-15,COMPLETED,SR002,PHARMACY
O001581,C0005,2025-11-13,COMPLETED,SR001,PHARMACY
O001582,C0009,2025-11-08,COMPLETED,SR006,CLINIC
O001583,C0028,2025-11-01,COMPLETED,SR003,CLINIC
O001584,C0008,2025-11-13,COMPLETED,SR002,HOSPITAL
O001585,C0017,2025-11-25,COMPLETED,SR005,PHARMACY
O001586,C0016,2025-11-04,COMPLETED,SR001,PHARMACY
O001587,C0024,2025-11-11,COMPLETED,SR005,CLINIC
O001588,C0010,2025-11-09,COMPLETED,SR006,CLINIC
O001589,C0013,2025-11-02,COMPLETED,SR004,PHARMACY
O001590,C0006,2025-11-20,COMPLETED,SR002,HOSPITAL
O001591,C0014,2025-11-05,COMPLETED,SR001,CLINIC
O001592,C0020,2025-11-23,COMPLETED,SR004,CLINIC
O001593,C0013,2025-11-28,COMPLETED,SR003,HOSPITAL
O001594,C0014,2025-11-25,COMPLETED,SR005,HOSPITAL
O001595,C0016,2025-11-23,CANCELLED,SR003,CLINIC
O001596,C0006,2025-11-18,COMPLETED,SR003,CLINIC
O001597,C0012,2025-11-05,COMPLETED,SR004,CLINIC
O001598,C0015,2025-11-25,CANCELLED,SR001,CLINIC
O001599,C0009,2025-11-06,COMPLETED,SR005,HOSPITAL
O001600,C0026,2025-11-06,COMPLETED,SR004,HOSPITAL
O001601,C0009,2025-11-27,COMPLETED,SR001,HOSPITAL
O001602,C0033,2025-11-25,COMPLETED,SR009,HOSPITAL
O001603,C0047,2025-11-21,COMPLETED,SR010,HOSPITAL
O001604,C0055,2025-11-12,COMPLETED,SR010,HOSPITAL
O001605,C0036,2025-11-19,COMPLETED,SR007,CLINIC
O001606,C0040,2025-11-08,COMPLETED,SR007,PHARMACY
O001607,C0031,2025-11-28,COMPLETED,SR011,CLINIC
O001608,C0031,2025-11-20,COMPLETED,SR009,PHARMACY
O001609,C0051,2025-11-21,COMPLETED,SR012,HOSPITAL
O001610,C0056,2025-11-23,COMPLETED,SR009,CLINIC
O001611,C0035,2025-11-21,COMPLETED,SR012,CLINIC
O001612,C0053,2025-11-08,COMPLETED,SR008,CLINIC
O001613,C0059,2025-11-23,COMPLETED,SR009,PHARMACY
O001614,C0045,2025-11-13,COMPLETED,SR008,CLINIC
O001615,C0037,2025-11-11,COMPLETED,SR008,HOSPITAL
O001616,C0047,2025-11-04,COMPLETED,SR012,CLINIC
O001617,C0052,2025-11-17,COMPLETED,SR009,HOSPITAL
O001618,C0032,2025-11-24,COMPLETED,SR011,PHARMACY
O001619,C0044,2025-11-25,COMPLETED,SR009,PHARMACY
O001620,C0046,2025-11-28,COMPLETED,SR011,PHARMACY
O001621,C0043,2025-11-25,COMPLETED,SR009,CLINIC
O001622,C0056,2025-11-13,COMPLETED,SR010,PHARMACY
O001623,C0041,2025-11-27,COMPLETED,SR012,HOSPITAL
O001624,C0036,2025-11-26,COMPLETED,SR010,PHARMACY
O001625,C0036,2025-11-16,COMPLETED,SR008,CLINIC
O001626,C0032,2025-11-26,COMPLETED,SR010,HOSPITAL
O001627,C0052,2025-11-21,COMPLETED,SR010,HOSPITAL
O001628,C0048,2025-11-11,COMPLETED,SR010,HOSPITAL
O001629,C0031,2025-11-16,COMPLETED,SR007,HOSPITAL
O001630,C0076,2025-11-13,COMPLETED,SR017,CLINIC
O001631,C0072,2025-11-28,CANCELLED,SR014,CLINIC
O001632,C0068,2025-11-04,COMPLETED,SR014,HOSPITAL
O001633,C0079,2025-11-10,COMPLETED,SR016,HOSPITAL
O001634,C0082,2025-11-25,COMPLETED,SR015,PHARMACY
O001635,C0069,2025-11-02,COMPLETED,SR015,HOSPITAL
O001636,C0089,2025-11-15,CANCELLED,SR017,PHARMACY
O001637,C0062,2025-11-01,COMPLETED,SR018,HOSPITAL
O001638,C0089,2025-11-02,CANCELLED,SR017,PHARMACY
O001639,C0089,2025-11-15,COMPLETED,SR015,CLINIC
O001640,C0072,2025-11-10,COMPLETED,SR016,PHARMACY
O001641,C0086,2025-11-09,COMPLETED,SR015,HOSPITAL
O001642,C0066,2025-11-02,COMPLETED,SR017,CLINIC
O001643,C0090,2025-11-16,COMPLETED,SR017,HOSPITAL
O001644,C0089,2025-11-13,COMPLETED,SR017,CLINIC
O001645,C0068,2025-11-18,COMPLETED,SR018,HOSPITAL
O001646,C0082,2025-11-11,COMPLETED,SR014,PHARMACY
O001647,C0082,2025-11-07,COMPLETED,SR015,HOSPITAL
O001648,C0082,2025-11-03,COMPLETED,SR015,PHARMACY
O001649,C0061,2025-11-07,COMPLETED,SR017,HOSPITAL
O001650,C0067,2025-11-07,COMPLETED,SR017,HOSPITAL
O001651,C0095,2025-11-09,COMPLETED,SR023,CLINIC
O001652,C0095,2025-11-13,COMPLETED,SR022,PHARMACY
O001653,C0105,2025-11-24,COMPLETED,SR023,CLINIC
O001654,C0110,2025-11-23,COMPLETED,SR024,HOSPITAL
O001655,C0095,2025-11-13,COMPLETED,SR021,CLINIC
O001656,C0104,2025-11-15,COMPLETED,SR020,CLINIC
O001657,C0111,2025-11-09,COMPLETED,SR024,CLINIC
O001658,C0096,2025-11-27,COMPLETED,SR019,HOSPITAL
O001659,C0096,2025-11-15,COMPLETED,SR024,CLINIC
O001660,C0099,2025-11-26,COMPLETED,SR021,HOSPITAL
O001661,C0109,2025-11-13,COMPLETED,SR022,PHARMACY
O001662,C0103,2025-11-15,COMPLETED,SR023,CLINIC
O001663,C0091,2025-11-28,COMPLETED,SR020,HOSPITAL
O001664,C0112,2025-11-25,COMPLETED,SR023,CLINIC
O001665,C0010,2025-12-22,COMPLETED,SR006,PHARMACY
O001666,C0018,2025-12-11,COMPLETED,SR006,CLINIC
O001667,C0018,2025-12-27,COMPLETED,SR002,HOSPITAL
O001668,C0027,2025-12-06,COMPLETED,SR001,CLINIC
O001669,C0002,2025-12-17,COMPLETED,SR005,CLINIC
O001670,C0027,2025-12-15,COMPLETED,SR006,HOSPITAL
O001671,C0019,2025-12-21,COMPLETED,SR001,PHARMACY
O001672,C0029,2025-12-05,COMPLETED,SR004,CLINIC
O001673,C0010,2025-12-12,COMPLETED,SR002,HOSPITAL
O001674,C0005,2025-12-01,COMPLETED,SR001,PHARMACY
O001675,C0015,2025-12-27,COMPLETED,SR004,CLINIC
O001676,C0020,2025-12-21,COMPLETED,SR005,CLINIC
O001677,C0027,2025-12-24,COMPLETED,SR005,HOSPITAL
O001678,C0020,2025-12-04,COMPLETED,SR002,PHARMACY
O001679,C0006,2025-12-21,COMPLETED,SR003,HOSPITAL
O001680,C0008,2025-12-16,COMPLETED,SR001,HOSPITAL
O001681,C0004,2025-12-24,COMPLETED,SR002,HOSPITAL
O001682,C0029,2025-12-05,COMPLETED,SR001,PHARMACY
O001683,C0013,2025-12-22,COMPLETED,SR002,CLINIC
O001684,C0030,2025-12-11,COMPLETED,SR006,PHARMACY
O001685,C0009,2025-12-03,COMPLETED,SR001,CLINIC
O001686,C0001,2025-12-11,COMPLETED,SR006,HOSPITAL
O001687,C0017,2025-12-20,COMPLETED,SR005,CLINIC
O001688,C0024,2025-12-04,COMPLETED,SR002,CLINIC
O001689,C0023,2025-12-14,COMPLETED,SR004,HOSPITAL
O001690,C0007,2025-12-15,COMPLETED,SR001,HOSPITAL
O001691,C0013,2025-12-09,COMPLETED,SR004,HOSPITAL
O001692,C0007,2025-12-03,COMPLETED,SR001,CLINIC
O001693,C0025,2025-12-26,COMPLETED,SR005,PHARMACY
O001694,C0020,2025-12-04,COMPLETED,SR002,PHARMACY
O001695,C0009,2025-12-13,COMPLETED,SR006,PHARMACY
O001696,C0020,2025-12-22,COMPLETED,SR004,HOSPITAL
O001697,C0009,2025-12-25,COMPLETED,SR006,HOSPITAL
O001698,C0025,2025-12-02,COMPLETED,SR005,PHARMACY
O001699,C0009,2025-12-19,CANCELLED,SR006,HOSPITAL
O001700,C0010,2025-12-19,CANCELLED,SR005,PHARMACY
O001701,C0010,2025-12-14,CANCELLED,SR005,PHARMACY
O001702,C0009,2025-12-13,COMPLETED,SR006,PHARMACY
O001703,C0031,2025-12-08,COMPLETED,SR009,CLINIC
O001704,C0055,2025-12-11,COMPLETED,SR008,HOSPITAL
O001705,C0055,2025-12-26,COMPLETED,SR011,PHARMACY
O001706,C0033,2025-12-23,COMPLETED,SR009,PHARMACY
O001707,C0057,2025-12-24,COMPLETED,SR009,CLINIC
O001708,C0043,2025-12-22,COMPLETED,SR011,PHARMACY
O001709,C0040,2025-12-26,COMPLETED,SR011,CLINIC
O001710,C0057,2025-12-02,COMPLETED,SR007,CLINIC
O001711,C0056,2025-12-19,COMPLETED,SR009,CLINIC
O001712,C0059,2025-12-11,COMPLETED,SR008,CLINIC
O001713,C0059,2025-12-13,COMPLETED,SR011,HOSPITAL
O001714,C0053,2025-12-19,COMPLETED,SR007,HOSPITAL
O001715,C0050,2025-12-16,COMPLETED,SR012,HOSPITAL
O001716,C0054,2025-12-06,COMPLETED,SR008,HOSPITAL
O001717,C0055,2025-12-01,COMPLETED,SR010,HOSPITAL
O001718,C0046,2025-12-19,COMPLETED,SR011,CLINIC
O001719,C0038,2025-12-13,COMPLETED,SR011,HOSPITAL
O001720,C0052,2025-12-13,COMPLETED,SR007,PHARMACY
O001721,C0055,2025-12-14,COMPLETED,SR010,CLINIC
O001722,C0057,2025-12-17,COMPLETED,SR010,PHARMACY
O001723,C0042,2025-12-15,COMPLETED,SR007,PHARMACY
O001724,C0052,2025-12-09,COMPLETED,SR011,CLINIC
O001725,C0054,2025-12-05,COMPLETED,SR012,CLINIC
O001726,C0054,2025-12-01,COMPLETED,SR009,HOSPITAL
O001727,C0060,2025-12-19,CANCELLED,SR008,PHARMACY
O001728,C0031,2025-12-01,COMPLETED,SR012,PHARMACY
O001729,C0060,2025-12-02,COMPLETED,SR009,PHARMACY
O001730,C0031,2025-12-06,CANCELLED,SR009,PHARMACY
O001731,C0039,2025-12-08,COMPLETED,SR008,PHARMACY
O001732,C0031,2025-12-09,COMPLETED,SR008,PHARMACY
O001733,C0039,2025-12-26,COMPLETED,SR007,HOSPITAL
O001734,C0036,2025-12-13,COMPLETED,SR008,CLINIC
O001735,C0079,2025-12-23,CANCELLED,SR018,CLINIC
O001736,C0085,2025-12-15,COMPLETED,SR014,HOSPITAL
O001737,C0065,2025-12-13,COMPLETED,SR013,HOSPITAL
O001738,C0085,2025-12-12,COMPLETED,SR015,CLINIC
O001739,C0082,2025-12-20,COMPLETED,SR015,CLINIC
O001740,C0076,2025-12-14,COMPLETED,SR016,CLINIC
O001741,C0089,2025-12-25,COMPLETED,SR017,HOSPITAL
O001742,C0083,2025-12-22,COMPLETED,SR015,PHARMACY
O001743,C0067,2025-12-07,COMPLETED,SR018,HOSPITAL
O001744,C0077,2025-12-13,COMPLETED,SR014,PHARMACY
O001745,C0086,2025-12-20,CANCELLED,SR014,PHARMACY
O001746,C0070,2025-12-14,COMPLETED,SR018,HOSPITAL
O001747,C0088,2025-12-15,COMPLETED,SR014,CLINIC
O001748,C0083,2025-12-20,COMPLETED,SR014,CLINIC
O001749,C0071,2025-12-09,COMPLETED,SR014,CLINIC
O001750,C0071,2025-12-16,COMPLETED,SR015,HOSPITAL
O001751,C0085,2025-12-17,COMPLETED,SR015,PHARMACY
O001752,C0077,2025-12-04,COMPLETED,SR014,CLINIC
O001753,C0063,2025-12-05,COMPLETED,SR013,CLINIC
O001754,C0086,2025-12-05,COMPLETED,SR017,CLINIC
O001755,C0067,2025-12-24,COMPLETED,SR015,HOSPITAL
O001756,C0112,2025-12-06,COMPLETED,SR023,HOSPITAL
O001757,C0118,2025-12-05,COMPLETED,SR020,HOSPITAL
O001758,C0107,2025-12-21,COMPLETED,SR019,CLINIC
O001759,C0112,2025-12-28,COMPLETED,SR024,PHARMACY
O001760,C0114,2025-12-08,COMPLETED,SR024,HOSPITAL
O001761,C0110,2025-12-08,CANCELLED,SR021,PHARMACY
O001762,C0102,2025-12-13,COMPLETED,SR023,CLINIC
O001763,C0091,2025-12-15,COMPLETED,SR023,PHARMACY
O001764,C0117,2025-12-07,COMPLETED,SR020,HOSPITAL
O001765,C0113,2025-12-23,COMPLETED,SR023,PHARMACY
O001766,C0110,2025-12-17,COMPLETED,SR020,HOSPITAL
O001767,C0099,2025-12-18,COMPLETED,SR023,PHARMACY
O001768,C0113,2025-12-13,COMPLETED,SR021,PHARMACY
O001769,C0106,2025-12-06,COMPLETED,SR021,CLINIC
O001770,C0107,2025-12-28,COMPLETED,SR021,HOSPITAL
O001771,C0092,2025-12-18,COMPLETED,SR022,CLINIC
O001772,C0095,2025-12-02,COMPLETED,SR024,HOSPITAL
O001773,C0030,2026-01-06,COMPLETED,SR002,HOSPITAL
O001774,C0005,2026-01-03,COMPLETED,SR004,PHARMACY
O001775,C0024,2026-01-26,COMPLETED,SR001,PHARMACY
O001776,C0019,2026-01-11,COMPLETED,SR003,HOSPITAL
O001777,C0010,2026-01-09,COMPLETED,SR002,CLINIC
O001778,C0013,2026-01-13,COMPLETED,SR005,PHARMACY
O001779,C0025,2026-01-07,COMPLETED,SR001,PHARMACY
O001780,C0010,2026-01-03,COMPLETED,SR005,HOSPITAL
O001781,C0019,2026-01-17,CANCELLED,SR004,CLINIC
O001782,C0018,2026-01-13,COMPLETED,SR006,CLINIC
O001783,C0030,2026-01-11,COMPLETED,SR006,CLINIC
O001784,C0003,2026-01-11,COMPLETED,SR001,PHARMACY
O001785,C0001,2026-01-28,COMPLETED,SR004,CLINIC
O001786,C0015,2026-01-20,COMPLETED,SR001,PHARMACY
O001787,C0030,2026-01-01,COMPLETED,SR002,HOSPITAL
O001788,C0013,2026-01-14,COMPLETED,SR001,PHARMACY
O001789,C0017,2026-01-28,COMPLETED,SR002,HOSPITAL
O001790,C0013,2026-01-17,COMPLETED,SR005,PHARMACY
O001791,C0008,2026-01-11,COMPLETED,SR003,PHARMACY
O001792,C0010,2026-01-28,COMPLETED,SR005,PHARMACY
O001793,C0015,2026-01-20,COMPLETED,SR001,CLINIC
O001794,C0003,2026-01-16,COMPLETED,SR005,PHARMACY
O001795,C0025,2026-01-08,COMPLETED,SR004,HOSPITAL
O001796,C0002,2026-01-03,COMPLETED,SR006,HOSPITAL
O001797,C0025,2026-01-08,COMPLETED,SR002,CLINIC
O001798,C0012,2026-01-15,COMPLETED,SR005,CLINIC
O001799,C0015,2026-01-04,COMPLETED,SR004,CLINIC
O001800,C0005,2026-01-13,COMPLETED,SR004,CLINIC
O001801,C0018,2026-01-23,COMPLETED,SR005,PHARMACY
O001802,C0028,2026-01-19,COMPLETED,SR004,HOSPITAL
O001803,C0008,2026-01-14,COMPLETED,SR004,HOSPITAL
O001804,C0022,2026-01-15,COMPLETED,SR004,CLINIC
O001805,C0025,2026-01-15,COMPLETED,SR001,PHARMACY
O001806,C0030,2026-01-21,COMPLETED,SR005,HOSPITAL
O001807,C0003,2026-01-08,COMPLETED,SR002,PHARMACY
O001808,C0003,2026-01-25,COMPLETED,SR005,HOSPITAL
O001809,C0054,2026-01-21,COMPLETED,SR007,PHARMACY
O001810,C0047,2026-01-16,CANCELLED,SR008,HOSPITAL
O001811,C0043,2026-01-19,COMPLETED,SR012,CLINIC
O001812,C0056,2026-01-09,COMPLETED,SR007,HOSPITAL
O001813,C0055,2026-01-25,COMPLETED,SR007,CLINIC
O001814,C0046,2026-01-14,COMPLETED,SR007,PHARMACY
O001815,C0040,2026-01-03,COMPLETED,SR008,CLINIC
O001816,C0039,2026-01-03,COMPLETED,SR010,PHARMACY
O001817,C0055,2026-01-12,CANCELLED,SR008,PHARMACY
O001818,C0057,2026-01-19,COMPLETED,SR010,PHARMACY
O001819,C0035,2026-01-27,COMPLETED,SR010,HOSPITAL
O001820,C0038,2026-01-18,COMPLETED,SR011,HOSPITAL
O001821,C0057,2026-01-27,COMPLETED,SR012,HOSPITAL
O001822,C0058,2026-01-05,CANCELLED,SR011,HOSPITAL
O001823,C0059,2026-01-16,COMPLETED,SR010,HOSPITAL
O001824,C0034,2026-01-11,COMPLETED,SR009,PHARMACY
O001825,C0058,2026-01-08,COMPLETED,SR012,HOSPITAL
O001826,C0059,2026-01-13,COMPLETED,SR007,HOSPITAL
O001827,C0033,2026-01-12,COMPLETED,SR010,PHARMACY
O001828,C0051,2026-01-12,COMPLETED,SR010,PHARMACY
O001829,C0040,2026-01-04,COMPLETED,SR008,PHARMACY
O001830,C0031,2026-01-20,COMPLETED,SR007,CLINIC
O001831,C0053,2026-01-22,COMPLETED,SR011,CLINIC
O001832,C0040,2026-01-17,COMPLETED,SR011,HOSPITAL
O001833,C0055,2026-01-04,COMPLETED,SR009,PHARMACY
O001834,C0040,2026-01-11,COMPLETED,SR012,PHARMACY
O001835,C0032,2026-01-27,COMPLETED,SR009,PHARMACY
O001836,C0053,2026-01-23,COMPLETED,SR012,CLINIC
O001837,C0059,2026-01-22,COMPLETED,SR012,PHARMACY
O001838,C0044,2026-01-15,COMPLETED,SR009,CLINIC
O001839,C0042,2026-01-22,COMPLETED,SR007,CLINIC
O001840,C0042,2026-01-23,COMPLETED,SR012,PHARMACY
O001841,C0059,2026-01-15,COMPLETED,SR011,PHARMACY
O001842,C0037,2026-01-28,COMPLETED,SR008,CLINIC
O001843,C0041,2026-01-16,COMPLETED,SR007,CLINIC
O001844,C0047,2026-01-18,COMPLETED,SR010,PHARMACY
O001845,C0067,2026-01-05,COMPLETED,SR016,HOSPITAL
O001846,C0067,2026-01-07,COMPLETED,SR015,PHARMACY
O001847,C0085,2026-01-04,COMPLETED,SR016,CLINIC
O001848,C0079,2026-01-18,COMPLETED,SR016,CLINIC
O001849,C0088,2026-01-06,COMPLETED,SR017,CLINIC
O001850,C0079,2026-01-23,COMPLETED,SR015,CLINIC
O001851,C0071,2026-01-13,COMPLETED,SR015,HOSPITAL
O001852,C0074,2026-01-20,COMPLETED,SR017,PHARMACY
O001853,C0079,2026-01-03,COMPLETED,SR018,HOSPITAL
O001854,C0084,2026-01-05,COMPLETED,SR016,CLINIC
O001855,C0079,2026-01-02,COMPLETED,SR016,HOSPITAL
O001856,C0083,2026-01-14,COMPLETED,SR014,CLINIC
O001857,C0061,2026-01-09,COMPLETED,SR017,PHARMACY
O001858,C0084,2026-01-04,COMPLETED,SR016,CLINIC
O001859,C0089,2026-01-22,COMPLETED,SR013,CLINIC
O001860,C0063,2026-01-25,COMPLETED,SR017,CLINIC
O001861,C0096,2026-01-08,COMPLETED,SR019,CLINIC
O001862,C0100,2026-01-15,COMPLETED,SR024,HOSPITAL
O001863,C0116,2026-01-11,COMPLETED,SR019,CLINIC
O001864,C0115,2026-01-17,COMPLETED,SR023,HOSPITAL
O001865,C0117,2026-01-08,COMPLETED,SR020,CLINIC
O001866,C0117,2026-01-18,COMPLETED,SR019,CLINIC
O001867,C0117,2026-01-18,COMPLETED,SR023,HOSPITAL
O001868,C0109,2026-01-02,CANCELLED,SR020,PHARMACY
O001869,C0116,2026-01-10,COMPLETED,SR021,CLINIC
O001870,C0094,2026-01-05,COMPLETED,SR019,HOSPITAL
O001871,C0119,2026-01-03,COMPLETED,SR022,CLINIC
O001872,C0116,2026-01-06,COMPLETED,SR024,HOSPITAL
O001873,C0093,2026-01-02,COMPLETED,SR019,PHARMACY
O001874,C0107,2026-01-01,COMPLETED,SR023,PHARMACY
O001875,C0117,2026-01-16,COMPLETED,SR022,PHARMACY
O001876,C0114,2026-01-14,COMPLETED,SR024,PHARMACY
O001877,C0020,2026-02-04,COMPLETED,SR001,CLINIC
O001878,C0010,2026-02-07,COMPLETED,SR001,CLINIC
O001879,C0025,2026-02-17,COMPLETED,SR006,CLINIC
O001880,C0003,2026-02-14,COMPLETED,SR003,PHARMACY
O001881,C0027,2026-02-07,COMPLETED,SR005,HOSPITAL
O001882,C0013,2026-02-21,COMPLETED,SR002,PHARMACY
O001883,C0020,2026-02-02,COMPLETED,SR001,HOSPITAL
O001884,C0014,2026-02-03,COMPLETED,SR002,CLINIC
O001885,C0027,2026-02-02,COMPLETED,SR005,HOSPITAL
O001886,C0017,2026-02-19,COMPLETED,SR005,PHARMACY
O001887,C0013,2026-02-25,COMPLETED,SR006,PHARMACY
O001888,C0011,2026-02-16,COMPLETED,SR005,PHARMACY
O001889,C0013,2026-02-27,COMPLETED,SR002,CLINIC
O001890,C0007,2026-02-02,COMPLETED,SR002,PHARMACY
O001891,C0001,2026-02-05,COMPLETED,SR006,HOSPITAL
O001892,C0003,2026-02-22,COMPLETED,SR003,CLINIC
O001893,C0002,2026-02-26,COMPLETED,SR006,HOSPITAL
O001894,C0004,2026-02-23,COMPLETED,SR001,PHARMACY
O001895,C0021,2026-02-12,COMPLETED,SR001,CLINIC
O001896,C0017,2026-02-13,CANCELLED,SR002,PHARMACY
O001897,C0029,2026-02-25,COMPLETED,SR004,CLINIC
O001898,C0007,2026-02-07,COMPLETED,SR004,CLINIC
O001899,C0005,2026-02-03,COMPLETED,SR001,CLINIC
O001900,C0015,2026-02-09,COMPLETED,SR001,HOSPITAL
O001901,C0019,2026-02-17,COMPLETED,SR006,PHARMACY
O001902,C0013,2026-02-03,CANCELLED,SR004,PHARMACY
O001903,C0025,2026-02-13,COMPLETED,SR003,CLINIC
O001904,C0006,2026-02-10,COMPLETED,SR001,HOSPITAL
O001905,C0003,2026-02-26,COMPLETED,SR003,CLINIC
O001906,C0003,2026-02-09,COMPLETED,SR006,CLINIC
O001907,C0016,2026-02-14,COMPLETED,SR001,PHARMACY
O001908,C0043,2026-02-07,COMPLETED,SR007,PHARMACY
O001909,C0056,2026-02-14,COMPLETED,SR011,PHARMACY
O001910,C0047,2026-02-14,COMPLETED,SR010,HOSPITAL
O001911,C0040,2026-02-01,CANCELLED,SR010,HOSPITAL
O001912,C0059,2026-02-28,COMPLETED,SR012,PHARMACY
O001913,C0042,2026-02-19,COMPLETED,SR011,HOSPITAL
O001914,C0055,2026-02-21,COMPLETED,SR007,CLINIC
O001915,C0056,2026-02-05,COMPLETED,SR011,HOSPITAL
O001916,C0048,2026-02-13,COMPLETED,SR008,CLINIC
O001917,C0040,2026-02-04,COMPLETED,SR008,CLINIC
O001918,C0032,2026-02-13,COMPLETED,SR008,PHARMACY
O001919,C0056,2026-02-19,COMPLETED,SR012,HOSPITAL
O001920,C0033,2026-02-25,COMPLETED,SR008,PHARMACY
O001921,C0055,2026-02-13,COMPLETED,SR008,PHARMACY
O001922,C0036,2026-02-23,COMPLETED,SR011,HOSPITAL
O001923,C0041,2026-02-26,COMPLETED,SR012,CLINIC
O001924,C0050,2026-02-24,COMPLETED,SR011,PHARMACY
O001925,C0050,2026-02-19,COMPLETED,SR008,HOSPITAL
O001926,C0038,2026-02-07,COMPLETED,SR008,HOSPITAL
O001927,C0041,2026-02-10,COMPLETED,SR009,PHARMACY
O001928,C0043,2026-02-13,COMPLETED,SR008,CLINIC
O001929,C0038,2026-02-21,COMPLETED,SR011,CLINIC
O001930,C0046,2026-02-07,COMPLETED,SR012,PHARMACY
O001931,C0057,2026-02-21,COMPLETED,SR009,HOSPITAL
O001932,C0060,2026-02-20,COMPLETED,SR009,HOSPITAL
O001933,C0047,2026-02-12,COMPLETED,SR011,CLINIC
O001934,C0032,2026-02-18,COMPLETED,SR009,HOSPITAL
O001935,C0031,2026-02-05,COMPLETED,SR009,CLINIC
O001936,C0045,2026-02-15,COMPLETED,SR008,HOSPITAL
O001937,C0032,2026-02-15,CANCELLED,SR012,PHARMACY
O001938,C0050,2026-02-07,COMPLETED,SR012,PHARMACY
O001939,C0041,2026-02-27,COMPLETED,SR007,PHARMACY
O001940,C0040,2026-02-11,COMPLETED,SR011,PHARMACY
O001941,C0054,2026-02-05,COMPLETED,SR010,PHARMACY
O001942,C0076,2026-02-02,COMPLETED,SR017,HOSPITAL
O001943,C0071,2026-02-12,COMPLETED,SR014,HOSPITAL
O001944,C0076,2026-02-28,COMPLETED,SR017,HOSPITAL
O001945,C0067,2026-02-16,COMPLETED,SR013,CLINIC
O001946,C0062,2026-02-06,COMPLETED,SR015,HOSPITAL
O001947,C0067,2026-02-17,COMPLETED,SR014,PHARMACY
O001948,C0062,2026-02-24,CANCELLED,SR015,CLINIC
O001949,C0079,2026-02-15,COMPLETED,SR014,PHARMACY
O001950,C0072,2026-02-12,COMPLETED,SR013,PHARMACY
O001951,C0072,2026-02-24,COMPLETED,SR013,CLINIC
O001952,C0081,2026-02-14,COMPLETED,SR016,PHARMACY
O001953,C0078,2026-02-25,COMPLETED,SR017,HOSPITAL
O001954,C0102,2026-02-13,COMPLETED,SR019,HOSPITAL
O001955,C0120,2026-02-26,COMPLETED,SR021,HOSPITAL
O001956,C0096,2026-02-07,COMPLETED,SR022,PHARMACY
O001957,C0107,2026-02-22,COMPLETED,SR020,PHARMACY
O001958,C0104,2026-02-02,COMPLETED,SR020,CLINIC
O001959,C0115,2026-02-21,COMPLETED,SR021,HOSPITAL
O001960,C0116,2026-02-07,COMPLETED,SR019,CLINIC
O001961,C0116,2026-02-24,COMPLETED,SR021,HOSPITAL
O001962,C0109,2026-02-13,COMPLETED,SR024,PHARMACY
O001963,C0109,2026-02-10,COMPLETED,SR024,CLINIC
O001964,C0093,2026-02-24,COMPLETED,SR022,HOSPITAL
O001965,C0112,2026-02-03,COMPLETED,SR023,PHARMACY
O001966,C0096,2026-02-24,COMPLETED,SR019,HOSPITAL
O001967,C0115,2026-02-21,COMPLETED,SR024,PHARMACY
O001968,C0099,2026-02-19,COMPLETED,SR020,CLINIC
O001969,C0117,2026-02-23,COMPLETED,SR020,PHARMACY
O001970,C0112,2026-02-23,COMPLETED,SR020,PHARMACY
O001971,C0117,2026-02-15,COMPLETED,SR021,CLINIC
O001972,C0110,2026-02-22,COMPLETED,SR021,CLINIC
O001973,C0024,2026-03-07,COMPLETED,SR001,HOSPITAL
O001974,C0019,2026-03-05,COMPLETED,SR002,CLINIC
O001975,C0013,2026-03-18,COMPLETED,SR004,PHARMACY
O001976,C0014,2026-03-01,CANCELLED,SR005,CLINIC
O001977,C0022,2026-03-22,COMPLETED,SR005,HOSPITAL
O001978,C0013,2026-03-02,COMPLETED,SR006,PHARMACY
O001979,C0024,2026-03-21,COMPLETED,SR005,PHARMACY
O001980,C0014,2026-03-22,COMPLETED,SR002,HOSPITAL
O001981,C0029,2026-03-18,COMPLETED,SR004,CLINIC
O001982,C0005,2026-03-21,COMPLETED,SR006,HOSPITAL
O001983,C0010,2026-03-15,COMPLETED,SR004,CLINIC
O001984,C0023,2026-03-05,COMPLETED,SR004,PHARMACY
O001985,C0017,2026-03-07,COMPLETED,SR005,CLINIC
O001986,C0029,2026-03-03,COMPLETED,SR002,CLINIC
O001987,C0015,2026-03-15,COMPLETED,SR005,PHARMACY
O001988,C0017,2026-03-22,COMPLETED,SR002,PHARMACY
O001989,C0013,2026-03-18,COMPLETED,SR002,HOSPITAL
O001990,C0013,2026-03-01,COMPLETED,SR001,CLINIC
O001991,C0008,2026-03-16,COMPLETED,SR004,HOSPITAL
O001992,C0030,2026-03-20,CANCELLED,SR006,CLINIC
O001993,C0022,2026-03-03,COMPLETED,SR002,PHARMACY
O001994,C0020,2026-03-28,CANCELLED,SR005,HOSPITAL
O001995,C0017,2026-03-09,COMPLETED,SR003,PHARMACY
O001996,C0004,2026-03-07,COMPLETED,SR004,PHARMACY
O001997,C0003,2026-03-11,COMPLETED,SR003,CLINIC
O001998,C0020,2026-03-03,COMPLETED,SR005,PHARMACY
O001999,C0018,2026-03-23,COMPLETED,SR006,PHARMACY
O002000,C0010,2026-03-10,COMPLETED,SR006,CLINIC
O002001,C0001,2026-03-20,COMPLETED,SR006,PHARMACY
O002002,C0028,2026-03-06,COMPLETED,SR005,HOSPITAL
O002003,C0020,2026-03-01,COMPLETED,SR001,PHARMACY
O002004,C0028,2026-03-03,COMPLETED,SR002,PHARMACY
O002005,C0022,2026-03-19,COMPLETED,SR005,HOSPITAL
O002006,C0028,2026-03-24,CANCELLED,SR003,PHARMACY
O002007,C0003,2026-03-10,CANCELLED,SR001,CLINIC
O002008,C0025,2026-03-26,COMPLETED,SR002,HOSPITAL
O002009,C0006,2026-03-02,COMPLETED,SR005,CLINIC
O002010,C0019,2026-03-18,COMPLETED,SR003,HOSPITAL
O002011,C0005,2026-03-28,COMPLETED,SR005,HOSPITAL
O002012,C0016,2026-03-20,COMPLETED,SR005,PHARMACY
O002013,C0005,2026-03-18,COMPLETED,SR001,PHARMACY
O002014,C0035,2026-03-02,COMPLETED,SR011,HOSPITAL
O002015,C0057,2026-03-22,COMPLETED,SR010,HOSPITAL
O002016,C0057,2026-03-16,CANCELLED,SR009,HOSPITAL
O002017,C0032,2026-03-25,CANCELLED,SR010,CLINIC
O002018,C0057,2026-03-22,COMPLETED,SR008,CLINIC
O002019,C0043,2026-03-03,COMPLETED,SR008,HOSPITAL
O002020,C0057,2026-03-06,COMPLETED,SR008,CLINIC
O002021,C0054,2026-03-22,COMPLETED,SR007,PHARMACY
O002022,C0055,2026-03-25,COMPLETED,SR009,HOSPITAL
O002023,C0040,2026-03-09,COMPLETED,SR010,CLINIC
O002024,C0046,2026-03-17,COMPLETED,SR012,PHARMACY
O002025,C0058,2026-03-06,COMPLETED,SR008,CLINIC
O002026,C0032,2026-03-13,COMPLETED,SR012,CLINIC
O002027,C0059,2026-03-05,COMPLETED,SR008,HOSPITAL
O002028,C0041,2026-03-17,COMPLETED,SR010,HOSPITAL
O002029,C0057,2026-03-12,COMPLETED,SR011,HOSPITAL
O002030,C0057,2026-03-25,COMPLETED,SR008,CLINIC
O002031,C0040,2026-03-03,COMPLETED,SR008,HOSPITAL
O002032,C0041,2026-03-04,COMPLETED,SR007,CLINIC
O002033,C0041,2026-03-08,COMPLETED,SR007,PHARMACY
O002034,C0040,2026-03-11,COMPLETED,SR009,PHARMACY
O002035,C0036,2026-03-17,COMPLETED,SR012,PHARMACY
O002036,C0047,2026-03-08,COMPLETED,SR008,PHARMACY
O002037,C0055,2026-03-18,CANCELLED,SR011,CLINIC
O002038,C0049,2026-03-13,COMPLETED,SR007,CLINIC
O002039,C0046,2026-03-15,COMPLETED,SR010,HOSPITAL
O002040,C0031,2026-03-14,COMPLETED,SR008,CLINIC
O002041,C0052,2026-03-05,COMPLETED,SR011,PHARMACY
O002042,C0035,2026-03-07,CANCELLED,SR012,CLINIC
O002043,C0039,2026-03-27,COMPLETED,SR010,PHARMACY
O002044,C0052,2026-03-24,COMPLETED,SR007,HOSPITAL
O002045,C0031,2026-03-25,COMPLETED,SR011,CLINIC
O002046,C0044,2026-03-09,COMPLETED,SR008,HOSPITAL
O002047,C0033,2026-03-20,COMPLETED,SR007,CLINIC
O002048,C0050,2026-03-15,COMPLETED,SR009,CLINIC
O002049,C0033,2026-03-14,COMPLETED,SR012,CLINIC
O002050,C0031,2026-03-25,COMPLETED,SR012,CLINIC
O002051,C0037,2026-03-06,COMPLETED,SR008,PHARMACY
O002052,C0032,2026-03-11,COMPLETED,SR008,HOSPITAL
O002053,C0054,2026-03-25,COMPLETED,SR009,HOSPITAL
O002054,C0052,2026-03-24,COMPLETED,SR007,HOSPITAL
O002055,C0065,2026-03-04,COMPLETED,SR014,HOSPITAL
O002056,C0075,2026-03-24,CANCELLED,SR015,HOSPITAL
O002057,C0063,2026-03-15,COMPLETED,SR014,CLINIC
O002058,C0067,2026-03-20,COMPLETED,SR015,HOSPITAL
O002059,C0081,2026-03-19,COMPLETED,SR013,HOSPITAL
O002060,C0078,2026-03-21,COMPLETED,SR017,HOSPITAL
O002061,C0076,2026-03-23,COMPLETED,SR018,PHARMACY
O002062,C0062,2026-03-15,COMPLETED,SR013,PHARMACY
O002063,C0071,2026-03-01,COMPLETED,SR015,HOSPITAL
O002064,C0074,2026-03-07,COMPLETED,SR014,HOSPITAL
O002065,C0065,2026-03-01,COMPLETED,SR016,PHARMACY
O002066,C0065,2026-03-14,COMPLETED,SR016,CLINIC
O002067,C0087,2026-03-23,CANCELLED,SR016,CLINIC
O002068,C0071,2026-03-21,COMPLETED,SR018,PHARMACY
O002069,C0064,2026-03-04,COMPLETED,SR015,CLINIC
O002070,C0075,2026-03-01,COMPLETED,SR017,PHARMACY
O002071,C0086,2026-03-27,COMPLETED,SR016,CLINIC
O002072,C0072,2026-03-17,COMPLETED,SR014,PHARMACY
O002073,C0061,2026-03-18,COMPLETED,SR017,PHARMACY
O002074,C0095,2026-03-16,COMPLETED,SR022,HOSPITAL
O002075,C0119,2026-03-20,COMPLETED,SR022,PHARMACY
O002076,C0102,2026-03-16,COMPLETED,SR024,HOSPITAL
O002077,C0095,2026-03-09,COMPLETED,SR023,PHARMACY
O002078,C0100,2026-03-21,COMPLETED,SR024,HOSPITAL
O002079,C0100,2026-03-15,COMPLETED,SR023,CLINIC
O002080,C0098,2026-03-23,COMPLETED,SR024,CLINIC
O002081,C0114,2026-03-22,COMPLETED,SR023,CLINIC
O002082,C0111,2026-03-18,COMPLETED,SR024,HOSPITAL
O002083,C0095,2026-03-17,COMPLETED,SR023,PHARMACY
O002084,C0117,2026-03-08,COMPLETED,SR019,PHARMACY
O002085,C0109,2026-03-23,COMPLETED,SR020,CLINIC
O002086,C0119,2026-03-09,CANCELLED,SR021,CLINIC
O002087,C0101,2026-03-20,CANCELLED,SR022,PHARMACY
O002088,C0117,2026-03-13,COMPLETED,SR020,CLINIC
O002089,C0106,2026-03-16,COMPLETED,SR019,PHARMACY
O002090,C0111,2026-03-04,CANCELLED,SR022,HOSPITAL
O002091,C0118,2026-03-02,COMPLETED,SR021,HOSPITAL
O002092,C0107,2026-03-12,COMPLETED,SR022,HOSPITAL
O002093,C0091,2026-03-06,COMPLETED,SR022,HOSPITAL
O002094,C0117,2026-03-21,COMPLETED,SR023,PHARMACY
O002095,C0116,2026-03-26,COMPLETED,SR024,HOSPITAL
O002096,C0110,2026-03-04,COMPLETED,SR019,HOSPITAL
O002097,C0106,2026-03-08,COMPLETED,SR023,CLINIC
O002098,C0023,2026-04-15,COMPLETED,SR006,CLINIC
O002099,C0017,2026-04-04,COMPLETED,SR001,PHARMACY
O002100,C0024,2026-04-14,CANCELLED,SR002,HOSPITAL
O002101,C0023,2026-04-02,COMPLETED,SR005,HOSPITAL
O002102,C0022,2026-04-05,CANCELLED,SR003,PHARMACY
O002103,C0027,2026-04-13,COMPLETED,SR004,CLINIC
O002104,C0010,2026-04-03,COMPLETED,SR002,PHARMACY
O002105,C0019,2026-04-10,COMPLETED,SR001,CLINIC
O002106,C0022,2026-04-19,COMPLETED,SR001,CLINIC
O002107,C0024,2026-04-11,COMPLETED,SR005,CLINIC
O002108,C0005,2026-04-27,COMPLETED,SR006,HOSPITAL
O002109,C0029,2026-04-27,COMPLETED,SR002,CLINIC
O002110,C0006,2026-04-26,CANCELLED,SR006,CLINIC
O002111,C0008,2026-04-09,COMPLETED,SR001,PHARMACY
O002112,C0029,2026-04-04,COMPLETED,SR001,HOSPITAL
O002113,C0017,2026-04-03,COMPLETED,SR002,CLINIC
O002114,C0016,2026-04-13,COMPLETED,SR002,HOSPITAL
O002115,C0013,2026-04-03,COMPLETED,SR001,HOSPITAL
O002116,C0011,2026-04-13,COMPLETED,SR001,CLINIC
O002117,C0011,2026-04-11,COMPLETED,SR002,CLINIC
O002118,C0018,2026-04-08,COMPLETED,SR003,PHARMACY
O002119,C0016,2026-04-11,COMPLETED,SR003,PHARMACY
O002120,C0011,2026-04-28,COMPLETED,SR002,PHARMACY
O002121,C0030,2026-04-04,COMPLETED,SR002,HOSPITAL
O002122,C0004,2026-04-12,COMPLETED,SR006,HOSPITAL
O002123,C0008,2026-04-12,COMPLETED,SR002,HOSPITAL
O002124,C0029,2026-04-25,COMPLETED,SR001,PHARMACY
O002125,C0017,2026-04-18,COMPLETED,SR002,HOSPITAL
O002126,C0001,2026-04-25,COMPLETED,SR004,HOSPITAL
O002127,C0029,2026-04-06,COMPLETED,SR003,HOSPITAL
O002128,C0021,2026-04-12,COMPLETED,SR003,PHARMACY
O002129,C0003,2026-04-22,COMPLETED,SR006,HOSPITAL
O002130,C0024,2026-04-14,COMPLETED,SR001,CLINIC
O002131,C0029,2026-04-11,COMPLETED,SR002,CLINIC
O002132,C0006,2026-04-02,COMPLETED,SR004,CLINIC
O002133,C0009,2026-04-20,COMPLETED,SR001,PHARMACY
O002134,C0025,2026-04-12,COMPLETED,SR001,CLINIC
O002135,C0006,2026-04-10,COMPLETED,SR002,HOSPITAL
O002136,C0008,2026-04-17,COMPLETED,SR005,PHARMACY
O002137,C0008,2026-04-19,COMPLETED,SR002,HOSPITAL
O002138,C0006,2026-04-21,COMPLETED,SR004,PHARMACY
O002139,C0024,2026-04-11,COMPLETED,SR002,HOSPITAL
O002140,C0006,2026-04-02,COMPLETED,SR001,CLINIC
O002141,C0029,2026-04-26,COMPLETED,SR005,CLINIC
O002142,C0044,2026-04-25,COMPLETED,SR010,PHARMACY
O002143,C0044,2026-04-02,COMPLETED,SR011,PHARMACY
O002144,C0038,2026-04-21,COMPLETED,SR012,PHARMACY
O002145,C0043,2026-04-10,COMPLETED,SR011,CLINIC
O002146,C0059,2026-04-05,COMPLETED,SR012,CLINIC
O002147,C0035,2026-04-10,COMPLETED,SR012,HOSPITAL
O002148,C0042,2026-04-19,COMPLETED,SR008,PHARMACY
O002149,C0039,2026-04-24,COMPLETED,SR007,CLINIC
O002150,C0056,2026-04-04,COMPLETED,SR010,CLINIC
O002151,C0046,2026-04-09,COMPLETED,SR010,CLINIC
O002152,C0056,2026-04-04,COMPLETED,SR010,HOSPITAL
O002153,C0035,2026-04-09,COMPLETED,SR009,CLINIC
O002154,C0059,2026-04-04,COMPLETED,SR008,CLINIC
O002155,C0035,2026-04-13,COMPLETED,SR009,PHARMACY
O002156,C0058,2026-04-25,COMPLETED,SR008,PHARMACY
O002157,C0041,2026-04-17,COMPLETED,SR008,HOSPITAL
O002158,C0050,2026-04-24,COMPLETED,SR007,PHARMACY
O002159,C0040,2026-04-23,COMPLETED,SR008,HOSPITAL
O002160,C0057,2026-04-12,CANCELLED,SR010,HOSPITAL
O002161,C0041,2026-04-14,COMPLETED,SR008,PHARMACY
O002162,C0040,2026-04-06,COMPLETED,SR012,CLINIC
O002163,C0036,2026-04-02,COMPLETED,SR012,HOSPITAL
O002164,C0033,2026-04-16,COMPLETED,SR010,CLINIC
O002165,C0040,2026-04-14,COMPLETED,SR011,HOSPITAL
O002166,C0039,2026-04-19,COMPLETED,SR011,CLINIC
O002167,C0047,2026-04-13,COMPLETED,SR007,CLINIC
O002168,C0055,2026-04-18,COMPLETED,SR010,CLINIC
O002169,C0046,2026-04-21,COMPLETED,SR007,HOSPITAL
O002170,C0051,2026-04-17,COMPLETED,SR007,CLINIC
O002171,C0031,2026-04-28,COMPLETED,SR012,CLINIC
O002172,C0035,2026-04-04,COMPLETED,SR011,HOSPITAL
O002173,C0050,2026-04-19,COMPLETED,SR007,PHARMACY
O002174,C0044,2026-04-16,COMPLETED,SR012,PHARMACY
O002175,C0060,2026-04-10,COMPLETED,SR009,PHARMACY
O002176,C0053,2026-04-15,COMPLETED,SR012,PHARMACY
O002177,C0043,2026-04-10,COMPLETED,SR010,HOSPITAL
O002178,C0051,2026-04-14,COMPLETED,SR012,PHARMACY
O002179,C0045,2026-04-12,COMPLETED,SR009,PHARMACY
O002180,C0038,2026-04-02,COMPLETED,SR009,CLINIC
O002181,C0041,2026-04-12,COMPLETED,SR010,CLINIC
O002182,C0041,2026-04-26,COMPLETED,SR011,PHARMACY
O002183,C0085,2026-04-18,COMPLETED,SR015,HOSPITAL
O002184,C0081,2026-04-12,COMPLETED,SR016,CLINIC
O002185,C0065,2026-04-18,COMPLETED,SR018,HOSPITAL
O002186,C0070,2026-04-14,COMPLETED,SR014,CLINIC
O002187,C0067,2026-04-21,COMPLETED,SR018,CLINIC
O002188,C0062,2026-04-28,COMPLETED,SR016,HOSPITAL
O002189,C0074,2026-04-10,COMPLETED,SR014,CLINIC
O002190,C0069,2026-04-08,COMPLETED,SR013,HOSPITAL
O002191,C0068,2026-04-09,COMPLETED,SR013,CLINIC
O002192,C0063,2026-04-03,COMPLETED,SR016,CLINIC
O002193,C0071,2026-04-26,COMPLETED,SR016,PHARMACY
O002194,C0079,2026-04-13,COMPLETED,SR017,CLINIC
O002195,C0068,2026-04-22,COMPLETED,SR014,CLINIC
O002196,C0065,2026-04-26,COMPLETED,SR013,CLINIC
O002197,C0076,2026-04-19,COMPLETED,SR017,PHARMACY
O002198,C0089,2026-04-27,COMPLETED,SR017,HOSPITAL
O002199,C0090,2026-04-21,COMPLETED,SR014,CLINIC
O002200,C0104,2026-04-18,COMPLETED,SR022,PHARMACY
O002201,C0102,2026-04-01,COMPLETED,SR022,HOSPITAL
O002202,C0105,2026-04-20,COMPLETED,SR020,CLINIC
O002203,C0104,2026-04-28,COMPLETED,SR022,HOSPITAL
O002204,C0102,2026-04-25,COMPLETED,SR024,PHARMACY
O002205,C0093,2026-04-23,COMPLETED,SR024,CLINIC
O002206,C0098,2026-04-27,CANCELLED,SR020,HOSPITAL
O002207,C0115,2026-04-24,COMPLETED,SR020,PHARMACY
O002208,C0115,2026-04-16,COMPLETED,SR019,HOSPITAL
O002209,C0118,2026-04-20,COMPLETED,SR024,CLINIC
O002210,C0117,2026-04-13,COMPLETED,SR019,HOSPITAL
O002211,C0118,2026-04-07,COMPLETED,SR019,HOSPITAL
O002212,C0111,2026-04-20,COMPLETED,SR022,CLINIC
O002213,C0094,2026-04-22,COMPLETED,SR020,HOSPITAL
O002214,C0099,2026-04-19,COMPLETED,SR021,CLINIC
O002215,C0101,2026-04-01,COMPLETED,SR023,CLINIC
O002216,C0110,2026-04-10,COMPLETED,SR023,CLINIC
O002217,C0113,2026-04-14,COMPLETED,SR024,HOSPITAL
O002218,C0101,2026-04-25,COMPLETED,SR023,HOSPITAL
O002219,C0108,2026-04-07,COMPLETED,SR021,HOSPITAL
O002220,C0091,2026-04-16,COMPLETED,SR020,HOSPITAL
O002221,C0094,2026-04-23,COMPLETED,SR021,PHARMACY
O002222,C0107,2026-04-06,CANCELLED,SR023,HOSPITAL
O002223,C0097,2026-04-22,COMPLETED,SR022,CLINIC
O002224,C0098,2026-04-05,COMPLETED,SR023,CLINIC
O002225,C0105,2026-04-01,COMPLETED,SR024,CLINIC
O002226,C0020,2026-05-06,COMPLETED,SR004,HOSPITAL
O002227,C0010,2026-05-14,COMPLETED,SR004,HOSPITAL
O002228,C0023,2026-05-09,COMPLETED,SR005,PHARMACY
O002229,C0018,2026-05-24,CANCELLED,SR006,HOSPITAL
O002230,C0020,2026-05-27,COMPLETED,SR003,HOSPITAL
O002231,C0019,2026-05-03,COMPLETED,SR004,PHARMACY
O002232,C0010,2026-05-01,COMPLETED,SR001,CLINIC
O002233,C0017,2026-05-05,COMPLETED,SR005,HOSPITAL
O002234,C0029,2026-05-19,COMPLETED,SR001,HOSPITAL
O002235,C0019,2026-05-18,COMPLETED,SR005,PHARMACY
O002236,C0005,2026-05-09,COMPLETED,SR006,HOSPITAL
O002237,C0029,2026-05-05,COMPLETED,SR005,CLINIC
O002238,C0030,2026-05-07,COMPLETED,SR004,HOSPITAL
O002239,C0018,2026-05-12,COMPLETED,SR004,PHARMACY
O002240,C0003,2026-05-24,COMPLETED,SR003,HOSPITAL
O002241,C0018,2026-05-20,COMPLETED,SR005,HOSPITAL
O002242,C0003,2026-05-13,COMPLETED,SR006,PHARMACY
O002243,C0015,2026-05-02,COMPLETED,SR002,HOSPITAL
O002244,C0029,2026-05-21,CANCELLED,SR004,HOSPITAL
O002245,C0017,2026-05-27,COMPLETED,SR003,CLINIC
O002246,C0020,2026-05-19,COMPLETED,SR002,PHARMACY
O002247,C0012,2026-05-20,COMPLETED,SR001,PHARMACY
O002248,C0004,2026-05-15,COMPLETED,SR006,PHARMACY
O002249,C0018,2026-05-06,COMPLETED,SR004,CLINIC
O002250,C0003,2026-05-08,COMPLETED,SR003,PHARMACY
O002251,C0015,2026-05-10,COMPLETED,SR003,CLINIC
O002252,C0012,2026-05-26,COMPLETED,SR001,CLINIC
O002253,C0021,2026-05-25,COMPLETED,SR004,PHARMACY
O002254,C0028,2026-05-17,COMPLETED,SR003,CLINIC
O002255,C0010,2026-05-22,COMPLETED,SR006,PHARMACY
O002256,C0007,2026-05-16,COMPLETED,SR004,PHARMACY
O002257,C0018,2026-05-01,COMPLETED,SR001,CLINIC
O002258,C0006,2026-05-15,COMPLETED,SR003,CLINIC
O002259,C0022,2026-05-12,COMPLETED,SR004,HOSPITAL
O002260,C0006,2026-05-07,COMPLETED,SR002,CLINIC
O002261,C0028,2026-05-08,COMPLETED,SR003,HOSPITAL
O002262,C0005,2026-05-23,COMPLETED,SR001,PHARMACY
O002263,C0006,2026-05-20,CANCELLED,SR004,HOSPITAL
O002264,C0011,2026-05-11,COMPLETED,SR004,PHARMACY
O002265,C0047,2026-05-22,COMPLETED,SR011,PHARMACY
O002266,C0047,2026-05-03,COMPLETED,SR009,HOSPITAL
O002267,C0054,2026-05-02,COMPLETED,SR009,PHARMACY
O002268,C0044,2026-05-21,COMPLETED,SR012,CLINIC
O002269,C0046,2026-05-02,COMPLETED,SR012,CLINIC
O002270,C0059,2026-05-20,COMPLETED,SR009,CLINIC
O002271,C0046,2026-05-14,COMPLETED,SR011,CLINIC
O002272,C0056,2026-05-03,COMPLETED,SR009,PHARMACY
O002273,C0035,2026-05-14,COMPLETED,SR010,HOSPITAL
O002274,C0055,2026-05-19,COMPLETED,SR009,PHARMACY
O002275,C0042,2026-05-18,COMPLETED,SR009,CLINIC
O002276,C0041,2026-05-11,COMPLETED,SR010,PHARMACY
O002277,C0060,2026-05-19,COMPLETED,SR011,CLINIC
O002278,C0036,2026-05-04,COMPLETED,SR011,CLINIC
O002279,C0060,2026-05-22,COMPLETED,SR011,CLINIC
O002280,C0050,2026-05-19,COMPLETED,SR010,PHARMACY
O002281,C0059,2026-05-04,COMPLETED,SR008,HOSPITAL
O002282,C0055,2026-05-25,COMPLETED,SR010,HOSPITAL
O002283,C0057,2026-05-16,COMPLETED,SR007,CLINIC
O002284,C0031,2026-05-07,COMPLETED,SR009,PHARMACY
O002285,C0047,2026-05-26,COMPLETED,SR007,CLINIC
O002286,C0038,2026-05-28,COMPLETED,SR012,PHARMACY
O002287,C0031,2026-05-25,COMPLETED,SR011,PHARMACY
O002288,C0041,2026-05-06,COMPLETED,SR009,CLINIC
O002289,C0052,2026-05-17,COMPLETED,SR008,PHARMACY
O002290,C0035,2026-05-27,COMPLETED,SR011,CLINIC
O002291,C0035,2026-05-03,COMPLETED,SR007,CLINIC
O002292,C0033,2026-05-18,COMPLETED,SR009,PHARMACY
O002293,C0032,2026-05-07,COMPLETED,SR010,CLINIC
O002294,C0045,2026-05-21,COMPLETED,SR009,HOSPITAL
O002295,C0043,2026-05-20,COMPLETED,SR012,HOSPITAL
O002296,C0053,2026-05-04,COMPLETED,SR009,CLINIC
O002297,C0053,2026-05-04,COMPLETED,SR011,CLINIC
O002298,C0042,2026-05-06,COMPLETED,SR010,HOSPITAL
O002299,C0053,2026-05-02,COMPLETED,SR010,HOSPITAL
O002300,C0041,2026-05-10,COMPLETED,SR009,HOSPITAL
O002301,C0051,2026-05-10,COMPLETED,SR010,CLINIC
O002302,C0078,2026-05-01,COMPLETED,SR013,CLINIC
O002303,C0071,2026-05-12,CANCELLED,SR015,CLINIC
O002304,C0062,2026-05-17,COMPLETED,SR013,PHARMACY
O002305,C0061,2026-05-09,COMPLETED,SR015,CLINIC
O002306,C0061,2026-05-26,COMPLETED,SR015,HOSPITAL
O002307,C0075,2026-05-18,COMPLETED,SR018,PHARMACY
O002308,C0065,2026-05-25,COMPLETED,SR014,PHARMACY
O002309,C0069,2026-05-03,COMPLETED,SR014,HOSPITAL
O002310,C0061,2026-05-17,COMPLETED,SR014,PHARMACY
O002311,C0061,2026-05-14,COMPLETED,SR013,HOSPITAL
O002312,C0074,2026-05-18,COMPLETED,SR014,CLINIC
O002313,C0074,2026-05-02,COMPLETED,SR017,CLINIC
O002314,C0061,2026-05-24,COMPLETED,SR015,CLINIC
O002315,C0069,2026-05-28,COMPLETED,SR016,CLINIC
O002316,C0070,2026-05-07,COMPLETED,SR014,PHARMACY
O002317,C0081,2026-05-18,COMPLETED,SR016,CLINIC
O002318,C0078,2026-05-25,COMPLETED,SR016,CLINIC
O002319,C0075,2026-05-23,COMPLETED,SR017,CLINIC
O002320,C0088,2026-05-15,COMPLETED,SR018,HOSPITAL
O002321,C0110,2026-05-21,CANCELLED,SR021,CLINIC
O002322,C0117,2026-05-24,COMPLETED,SR019,PHARMACY
O002323,C0096,2026-05-10,COMPLETED,SR023,HOSPITAL
O002324,C0102,2026-05-08,COMPLETED,SR019,CLINIC
O002325,C0102,2026-05-28,COMPLETED,SR022,HOSPITAL
O002326,C0110,2026-05-14,COMPLETED,SR023,PHARMACY
O002327,C0119,2026-05-26,COMPLETED,SR019,CLINIC
O002328,C0105,2026-05-06,COMPLETED,SR019,PHARMACY
O002329,C0117,2026-05-08,COMPLETED,SR020,CLINIC
O002330,C0094,2026-05-04,COMPLETED,SR023,CLINIC
O002331,C0115,2026-05-23,COMPLETED,SR024,PHARMACY
O002332,C0118,2026-05-13,COMPLETED,SR023,CLINIC
O002333,C0091,2026-05-19,CANCELLED,SR023,CLINIC
O002334,C0096,2026-05-09,COMPLETED,SR020,PHARMACY
O002335,C0119,2026-05-09,COMPLETED,SR022,PHARMACY
O002336,C0117,2026-05-26,COMPLETED,SR021,HOSPITAL
O002337,C0099,2026-05-14,COMPLETED,SR020,HOSPITAL
O002338,C0113,2026-05-09,COMPLETED,SR019,PHARMACY
O002339,C0098,2026-05-09,COMPLETED,SR019,CLINIC
O002340,C0095,2026-05-19,COMPLETED,SR021,PHARMACY
O002341,C0091,2026-05-05,COMPLETED,SR020,HOSPITAL
O002342,C0119,2026-05-15,COMPLETED,SR020,CLINIC
O002343,C0022,2026-06-02,COMPLETED,SR006,PHARMACY
O002344,C0003,2026-06-10,COMPLETED,SR004,PHARMACY
O002345,C0023,2026-06-03,COMPLETED,SR001,CLINIC
O002346,C0022,2026-06-25,COMPLETED,SR005,PHARMACY
O002347,C0010,2026-06-02,COMPLETED,SR004,PHARMACY
O002348,C0023,2026-06-20,COMPLETED,SR003,CLINIC
O002349,C0018,2026-06-04,COMPLETED,SR005,CLINIC
O002350,C0022,2026-06-22,COMPLETED,SR003,PHARMACY
O002351,C0014,2026-06-13,COMPLETED,SR002,CLINIC
O002352,C0019,2026-06-13,CANCELLED,SR005,PHARMACY
O002353,C0018,2026-06-28,COMPLETED,SR001,HOSPITAL
O002354,C0023,2026-06-12,COMPLETED,SR006,CLINIC
O002355,C0005,2026-06-19,COMPLETED,SR005,PHARMACY
O002356,C0011,2026-06-03,COMPLETED,SR004,CLINIC
O002357,C0016,2026-06-14,COMPLETED,SR005,CLINIC
O002358,C0018,2026-06-05,COMPLETED,SR001,PHARMACY
O002359,C0030,2026-06-24,COMPLETED,SR006,PHARMACY
O002360,C0013,2026-06-21,COMPLETED,SR005,PHARMACY
O002361,C0017,2026-06-01,COMPLETED,SR004,CLINIC
O002362,C0016,2026-06-18,COMPLETED,SR002,HOSPITAL
O002363,C0021,2026-06-16,COMPLETED,SR002,CLINIC
O002364,C0028,2026-06-12,COMPLETED,SR006,PHARMACY
O002365,C0006,2026-06-17,COMPLETED,SR001,CLINIC
O002366,C0001,2026-06-12,COMPLETED,SR001,PHARMACY
O002367,C0029,2026-06-11,COMPLETED,SR002,HOSPITAL
O002368,C0022,2026-06-08,COMPLETED,SR001,HOSPITAL
O002369,C0010,2026-06-26,COMPLETED,SR005,HOSPITAL
O002370,C0010,2026-06-10,COMPLETED,SR006,CLINIC
O002371,C0005,2026-06-02,COMPLETED,SR004,HOSPITAL
O002372,C0021,2026-06-02,COMPLETED,SR001,CLINIC
O002373,C0007,2026-06-12,COMPLETED,SR004,CLINIC
O002374,C0022,2026-06-14,COMPLETED,SR004,CLINIC
O002375,C0018,2026-06-05,CANCELLED,SR003,PHARMACY
O002376,C0001,2026-06-10,COMPLETED,SR005,CLINIC
O002377,C0008,2026-06-12,COMPLETED,SR006,PHARMACY
O002378,C0018,2026-06-23,COMPLETED,SR005,CLINIC
O002379,C0028,2026-06-20,COMPLETED,SR001,HOSPITAL
O002380,C0005,2026-06-06,COMPLETED,SR002,HOSPITAL
O002381,C0002,2026-06-26,COMPLETED,SR006,CLINIC
O002382,C0025,2026-06-15,COMPLETED,SR005,HOSPITAL
O002383,C0005,2026-06-18,COMPLETED,SR002,HOSPITAL
O002384,C0003,2026-06-23,COMPLETED,SR002,CLINIC
O002385,C0006,2026-06-27,CANCELLED,SR004,PHARMACY
O002386,C0040,2026-06-27,COMPLETED,SR011,HOSPITAL
O002387,C0043,2026-06-17,CANCELLED,SR007,CLINIC
O002388,C0056,2026-06-17,COMPLETED,SR008,PHARMACY
O002389,C0057,2026-06-13,CANCELLED,SR009,CLINIC
O002390,C0040,2026-06-21,COMPLETED,SR010,HOSPITAL
O002391,C0055,2026-06-08,COMPLETED,SR012,HOSPITAL
O002392,C0040,2026-06-22,COMPLETED,SR008,HOSPITAL
O002393,C0048,2026-06-16,COMPLETED,SR012,PHARMACY
O002394,C0056,2026-06-24,COMPLETED,SR012,CLINIC
O002395,C0038,2026-06-14,COMPLETED,SR009,HOSPITAL
O002396,C0039,2026-06-08,COMPLETED,SR009,HOSPITAL
O002397,C0058,2026-06-14,COMPLETED,SR012,HOSPITAL
O002398,C0058,2026-06-06,COMPLETED,SR009,CLINIC
O002399,C0036,2026-06-19,COMPLETED,SR008,CLINIC
O002400,C0034,2026-06-26,CANCELLED,SR011,CLINIC
O002401,C0034,2026-06-08,COMPLETED,SR007,CLINIC
O002402,C0040,2026-06-20,COMPLETED,SR012,HOSPITAL
O002403,C0059,2026-06-02,COMPLETED,SR009,HOSPITAL
O002404,C0057,2026-06-15,COMPLETED,SR010,HOSPITAL
O002405,C0034,2026-06-08,CANCELLED,SR010,PHARMACY
O002406,C0041,2026-06-22,COMPLETED,SR008,CLINIC
O002407,C0041,2026-06-22,COMPLETED,SR012,CLINIC
O002408,C0055,2026-06-16,COMPLETED,SR009,HOSPITAL
O002409,C0039,2026-06-08,COMPLETED,SR008,HOSPITAL
O002410,C0031,2026-06-27,COMPLETED,SR009,CLINIC
O002411,C0058,2026-06-10,COMPLETED,SR012,PHARMACY
O002412,C0049,2026-06-19,COMPLETED,SR012,CLINIC
O002413,C0058,2026-06-16,COMPLETED,SR008,HOSPITAL
O002414,C0043,2026-06-17,COMPLETED,SR009,HOSPITAL
O002415,C0031,2026-06-17,COMPLETED,SR012,HOSPITAL
O002416,C0046,2026-06-18,CANCELLED,SR012,HOSPITAL
O002417,C0050,2026-06-22,COMPLETED,SR008,HOSPITAL
O002418,C0037,2026-06-24,COMPLETED,SR009,CLINIC
O002419,C0050,2026-06-04,COMPLETED,SR012,PHARMACY
O002420,C0041,2026-06-03,COMPLETED,SR007,PHARMACY
O002421,C0053,2026-06-02,COMPLETED,SR011,CLINIC
O002422,C0032,2026-06-07,COMPLETED,SR009,PHARMACY
O002423,C0053,2026-06-15,COMPLETED,SR010,PHARMACY
O002424,C0047,2026-06-03,COMPLETED,SR008,CLINIC
O002425,C0041,2026-06-26,CANCELLED,SR008,PHARMACY
O002426,C0079,2026-06-22,COMPLETED,SR018,HOSPITAL
O002427,C0065,2026-06-17,COMPLETED,SR018,HOSPITAL
O002428,C0071,2026-06-16,COMPLETED,SR015,CLINIC
O002429,C0081,2026-06-17,COMPLETED,SR015,PHARMACY
O002430,C0075,2026-06-24,COMPLETED,SR018,HOSPITAL
O002431,C0078,2026-06-12,COMPLETED,SR018,HOSPITAL
O002432,C0069,2026-06-01,CANCELLED,SR018,PHARMACY
O002433,C0069,2026-06-23,COMPLETED,SR017,HOSPITAL
O002434,C0079,2026-06-13,CANCELLED,SR013,PHARMACY
O002435,C0087,2026-06-19,COMPLETED,SR016,CLINIC
O002436,C0073,2026-06-10,COMPLETED,SR017,HOSPITAL
O002437,C0062,2026-06-24,CANCELLED,SR016,CLINIC
O002438,C0063,2026-06-08,COMPLETED,SR013,PHARMACY
O002439,C0065,2026-06-24,COMPLETED,SR015,PHARMACY
O002440,C0061,2026-06-03,COMPLETED,SR015,CLINIC
O002441,C0063,2026-06-01,CANCELLED,SR013,PHARMACY
O002442,C0063,2026-06-22,CANCELLED,SR013,HOSPITAL
O002443,C0071,2026-06-27,COMPLETED,SR013,HOSPITAL
O002444,C0110,2026-06-05,COMPLETED,SR024,HOSPITAL
O002445,C0110,2026-06-03,COMPLETED,SR024,CLINIC
O002446,C0096,2026-06-22,COMPLETED,SR020,HOSPITAL
O002447,C0104,2026-06-22,COMPLETED,SR020,PHARMACY
O002448,C0119,2026-06-19,COMPLETED,SR021,HOSPITAL
O002449,C0099,2026-06-01,COMPLETED,SR024,PHARMACY
O002450,C0117,2026-06-17,COMPLETED,SR020,HOSPITAL
O002451,C0095,2026-06-19,COMPLETED,SR020,CLINIC
O002452,C0107,2026-06-12,COMPLETED,SR022,PHARMACY
O002453,C0095,2026-06-21,COMPLETED,SR023,PHARMACY
O002454,C0114,2026-06-04,COMPLETED,SR020,PHARMACY
O002455,C0117,2026-06-26,COMPLETED,SR022,PHARMACY
O002456,C0093,2026-06-27,COMPLETED,SR023,CLINIC
O002457,C0112,2026-06-27,COMPLETED,SR021,HOSPITAL
O002458,C0119,2026-06-15,CANCELLED,SR021,HOSPITAL
O002459,C0102,2026-06-02,COMPLETED,SR019,HOSPITAL
O002460,C0107,2026-06-19,COMPLETED,SR024,PHARMACY
O002461,C0103,2026-06-03,COMPLETED,SR023,PHARMACY
O002462,C0118,2026-06-09,COMPLETED,SR019,HOSPITAL
O002463,C0098,2026-06-28,COMPLETED,SR021,CLINIC
O002464,C0107,2026-06-01,COMPLETED,SR024,CLINIC
O002465,C0019,2026-07-14,COMPLETED,SR006,HOSPITAL
O002466,C0030,2026-07-17,COMPLETED,SR005,PHARMACY
O002467,C0030,2026-07-28,COMPLETED,SR005,PHARMACY
O002468,C0010,2026-07-11,COMPLETED,SR001,HOSPITAL
O002469,C0013,2026-07-16,COMPLETED,SR006,CLINIC
O002470,C0006,2026-07-27,COMPLETED,SR004,PHARMACY
O002471,C0006,2026-07-15,COMPLETED,SR003,CLINIC
O002472,C0023,2026-07-07,COMPLETED,SR004,PHARMACY
O002473,C0025,2026-07-22,COMPLETED,SR003,PHARMACY
O002474,C0005,2026-07-25,COMPLETED,SR001,PHARMACY
O002475,C0010,2026-07-10,COMPLETED,SR002,PHARMACY
O002476,C0022,2026-07-04,COMPLETED,SR004,PHARMACY
O002477,C0019,2026-07-07,COMPLETED,SR004,CLINIC
O002478,C0005,2026-07-28,COMPLETED,SR004,PHARMACY
O002479,C0008,2026-07-22,COMPLETED,SR006,PHARMACY
O002480,C0011,2026-07-01,COMPLETED,SR005,CLINIC
O002481,C0011,2026-07-12,CANCELLED,SR003,CLINIC
O002482,C0008,2026-07-28,COMPLETED,SR002,CLINIC
O002483,C0016,2026-07-09,COMPLETED,SR005,CLINIC
O002484,C0030,2026-07-20,COMPLETED,SR002,PHARMACY
O002485,C0006,2026-07-01,COMPLETED,SR006,CLINIC
O002486,C0021,2026-07-28,COMPLETED,SR005,PHARMACY
O002487,C0005,2026-07-03,COMPLETED,SR005,HOSPITAL
O002488,C0025,2026-07-28,COMPLETED,SR006,PHARMACY
O002489,C0020,2026-07-23,COMPLETED,SR003,HOSPITAL
O002490,C0022,2026-07-19,COMPLETED,SR005,HOSPITAL
O002491,C0021,2026-07-14,COMPLETED,SR001,PHARMACY
O002492,C0028,2026-07-25,COMPLETED,SR006,CLINIC
O002493,C0007,2026-07-28,COMPLETED,SR005,CLINIC
O002494,C0002,2026-07-18,COMPLETED,SR006,HOSPITAL
O002495,C0022,2026-07-09,COMPLETED,SR004,HOSPITAL
O002496,C0006,2026-07-07,COMPLETED,SR001,PHARMACY
O002497,C0009,2026-07-18,COMPLETED,SR002,CLINIC
O002498,C0030,2026-07-26,COMPLETED,SR006,CLINIC
O002499,C0022,2026-07-15,COMPLETED,SR004,HOSPITAL
O002500,C0030,2026-07-20,COMPLETED,SR005,CLINIC
O002501,C0011,2026-07-05,COMPLETED,SR003,CLINIC
O002502,C0011,2026-07-08,COMPLETED,SR006,CLINIC
O002503,C0043,2026-07-13,COMPLETED,SR012,CLINIC
O002504,C0039,2026-07-21,COMPLETED,SR008,HOSPITAL
O002505,C0055,2026-07-16,CANCELLED,SR012,PHARMACY
O002506,C0046,2026-07-13,COMPLETED,SR012,PHARMACY
O002507,C0059,2026-07-07,COMPLETED,SR012,HOSPITAL
O002508,C0040,2026-07-14,COMPLETED,SR008,PHARMACY
O002509,C0058,2026-07-01,COMPLETED,SR007,HOSPITAL
O002510,C0040,2026-07-20,COMPLETED,SR007,CLINIC
O002511,C0043,2026-07-09,COMPLETED,SR009,HOSPITAL
O002512,C0033,2026-07-18,COMPLETED,SR008,PHARMACY
O002513,C0057,2026-07-22,COMPLETED,SR007,HOSPITAL
O002514,C0040,2026-07-07,COMPLETED,SR011,CLINIC
O002515,C0040,2026-07-11,COMPLETED,SR010,PHARMACY
O002516,C0059,2026-07-12,COMPLETED,SR010,CLINIC
O002517,C0041,2026-07-12,COMPLETED,SR008,CLINIC
O002518,C0041,2026-07-18,COMPLETED,SR010,PHARMACY
O002519,C0051,2026-07-01,COMPLETED,SR010,CLINIC
O002520,C0046,2026-07-23,COMPLETED,SR011,HOSPITAL
O002521,C0049,2026-07-27,COMPLETED,SR011,PHARMACY
O002522,C0041,2026-07-25,COMPLETED,SR008,PHARMACY
O002523,C0035,2026-07-17,COMPLETED,SR011,CLINIC
O002524,C0055,2026-07-19,COMPLETED,SR007,HOSPITAL
O002525,C0035,2026-07-22,COMPLETED,SR011,HOSPITAL
O002526,C0041,2026-07-23,COMPLETED,SR007,CLINIC
O002527,C0031,2026-07-15,COMPLETED,SR009,HOSPITAL
O002528,C0060,2026-07-23,COMPLETED,SR009,CLINIC
O002529,C0055,2026-07-22,COMPLETED,SR009,HOSPITAL
O002530,C0042,2026-07-25,COMPLETED,SR011,PHARMACY
O002531,C0060,2026-07-10,COMPLETED,SR012,CLINIC
O002532,C0053,2026-07-27,COMPLETED,SR007,PHARMACY
O002533,C0042,2026-07-28,COMPLETED,SR008,CLINIC
O002534,C0041,2026-07-05,COMPLETED,SR012,CLINIC
O002535,C0033,2026-07-09,COMPLETED,SR007,CLINIC
O002536,C0041,2026-07-21,COMPLETED,SR007,PHARMACY
O002537,C0055,2026-07-01,COMPLETED,SR012,HOSPITAL
O002538,C0089,2026-07-20,COMPLETED,SR016,PHARMACY
O002539,C0077,2026-07-24,COMPLETED,SR016,CLINIC
O002540,C0078,2026-07-23,COMPLETED,SR016,PHARMACY
O002541,C0081,2026-07-15,COMPLETED,SR014,HOSPITAL
O002542,C0077,2026-07-13,COMPLETED,SR015,PHARMACY
O002543,C0070,2026-07-18,COMPLETED,SR018,CLINIC
O002544,C0062,2026-07-23,COMPLETED,SR018,CLINIC
O002545,C0069,2026-07-16,COMPLETED,SR016,CLINIC
O002546,C0069,2026-07-24,COMPLETED,SR013,CLINIC
O002547,C0086,2026-07-25,COMPLETED,SR017,CLINIC
O002548,C0066,2026-07-15,COMPLETED,SR017,CLINIC
O002549,C0074,2026-07-10,COMPLETED,SR017,HOSPITAL
O002550,C0074,2026-07-11,COMPLETED,SR014,HOSPITAL
O002551,C0071,2026-07-14,COMPLETED,SR015,PHARMACY
O002552,C0081,2026-07-02,COMPLETED,SR017,PHARMACY
O002553,C0063,2026-07-26,COMPLETED,SR014,PHARMACY
O002554,C0085,2026-07-08,COMPLETED,SR013,CLINIC
O002555,C0088,2026-07-27,COMPLETED,SR017,CLINIC
O002556,C0110,2026-07-08,COMPLETED,SR022,HOSPITAL
O002557,C0095,2026-07-19,COMPLETED,SR021,PHARMACY
O002558,C0104,2026-07-10,CANCELLED,SR024,PHARMACY
O002559,C0110,2026-07-02,COMPLETED,SR021,HOSPITAL
O002560,C0119,2026-07-28,COMPLETED,SR023,CLINIC
O002561,C0095,2026-07-10,COMPLETED,SR024,CLINIC
O002562,C0096,2026-07-19,COMPLETED,SR021,CLINIC
O002563,C0118,2026-07-14,COMPLETED,SR023,HOSPITAL
O002564,C0116,2026-07-11,COMPLETED,SR023,CLINIC
O002565,C0095,2026-07-04,COMPLETED,SR021,PHARMACY
O002566,C0092,2026-07-12,CANCELLED,SR020,HOSPITAL
O002567,C0092,2026-07-17,COMPLETED,SR020,HOSPITAL
O002568,C0109,2026-07-26,COMPLETED,SR021,CLINIC
O002569,C0115,2026-07-17,COMPLETED,SR024,PHARMACY
O002570,C0094,2026-07-22,COMPLETED,SR022,HOSPITAL
O002571,C0093,2026-07-09,COMPLETED,SR021,PHARMACY
O002572,C0094,2026-07-18,COMPLETED,SR022,CLINIC
O002573,C0103,2026-07-19,COMPLETED,SR019,HOSPITAL
O002574,C0118,2026-07-11,COMPLETED,SR019,PHARMACY
O002575,C0119,2026-07-27,COMPLETED,SR021,PHARMACY
O002576,C0097,2026-07-24,COMPLETED,SR021,PHARMACY
O002577,C0108,2026-07-19,COMPLETED,SR022,HOSPITAL
O002578,C0119,2026-07-25,COMPLETED,SR024,HOSPITAL
O002579,C0105,2026-07-11,COMPLETED,SR021,PHARMACY
O002580,C0018,2026-08-06,CANCELLED,SR005,PHARMACY
O002581,C0013,2026-08-22,COMPLETED,SR005,CLINIC
O002582,C0010,2026-08-12,COMPLETED,SR002,CLINIC
O002583,C0027,2026-08-17,COMPLETED,SR004,HOSPITAL
O002584,C0010,2026-08-15,COMPLETED,SR005,PHARMACY
O002585,C0029,2026-08-15,COMPLETED,SR002,CLINIC
O002586,C0018,2026-08-21,COMPLETED,SR006,CLINIC
O002587,C0027,2026-08-01,COMPLETED,SR004,PHARMACY
O002588,C0020,2026-08-27,COMPLETED,SR004,CLINIC
O002589,C0010,2026-08-16,COMPLETED,SR006,CLINIC
O002590,C0018,2026-08-18,COMPLETED,SR006,HOSPITAL
O002591,C0025,2026-08-04,COMPLETED,SR005,HOSPITAL
O002592,C0003,2026-08-06,COMPLETED,SR004,CLINIC
O002593,C0030,2026-08-07,COMPLETED,SR004,PHARMACY
O002594,C0003,2026-08-25,COMPLETED,SR004,CLINIC
O002595,C0013,2026-08-26,COMPLETED,SR001,HOSPITAL
O002596,C0029,2026-08-08,COMPLETED,SR006,PHARMACY
O002597,C0008,2026-08-07,COMPLETED,SR006,PHARMACY
O002598,C0016,2026-08-08,COMPLETED,SR005,PHARMACY
O002599,C0001,2026-08-01,COMPLETED,SR004,CLINIC
O002600,C0018,2026-08-13,CANCELLED,SR004,CLINIC
O002601,C0015,2026-08-08,COMPLETED,SR002,CLINIC
O002602,C0018,2026-08-21,COMPLETED,SR003,HOSPITAL
O002603,C0007,2026-08-20,COMPLETED,SR002,CLINIC
O002604,C0008,2026-08-03,COMPLETED,SR001,PHARMACY
O002605,C0018,2026-08-07,COMPLETED,SR006,HOSPITAL
O002606,C0012,2026-08-24,COMPLETED,SR001,CLINIC
O002607,C0025,2026-08-03,COMPLETED,SR001,CLINIC
O002608,C0005,2026-08-23,COMPLETED,SR006,CLINIC
O002609,C0008,2026-08-11,COMPLETED,SR003,PHARMACY
O002610,C0013,2026-08-27,COMPLETED,SR003,HOSPITAL
O002611,C0005,2026-08-11,COMPLETED,SR003,HOSPITAL
O002612,C0019,2026-08-21,CANCELLED,SR004,PHARMACY
O002613,C0005,2026-08-17,CANCELLED,SR003,CLINIC
O002614,C0006,2026-08-09,COMPLETED,SR006,CLINIC
O002615,C0006,2026-08-13,COMPLETED,SR003,HOSPITAL
O002616,C0054,2026-08-23,COMPLETED,SR012,PHARMACY
O002617,C0055,2026-08-28,COMPLETED,SR007,HOSPITAL
O002618,C0058,2026-08-07,COMPLETED,SR010,HOSPITAL
O002619,C0043,2026-08-04,CANCELLED,SR011,CLINIC
O002620,C0038,2026-08-11,COMPLETED,SR012,CLINIC
O002621,C0032,2026-08-01,COMPLETED,SR010,PHARMACY
O002622,C0032,2026-08-06,COMPLETED,SR011,HOSPITAL
O002623,C0048,2026-08-10,COMPLETED,SR009,CLINIC
O002624,C0042,2026-08-21,COMPLETED,SR009,CLINIC
O002625,C0044,2026-08-09,COMPLETED,SR011,HOSPITAL
O002626,C0038,2026-08-24,COMPLETED,SR010,CLINIC
O002627,C0038,2026-08-16,COMPLETED,SR008,PHARMACY
O002628,C0034,2026-08-02,COMPLETED,SR009,PHARMACY
O002629,C0057,2026-08-26,COMPLETED,SR010,CLINIC
O002630,C0059,2026-08-05,COMPLETED,SR011,PHARMACY
O002631,C0058,2026-08-23,COMPLETED,SR009,PHARMACY
O002632,C0057,2026-08-02,COMPLETED,SR010,PHARMACY
O002633,C0041,2026-08-09,COMPLETED,SR012,HOSPITAL
O002634,C0041,2026-08-13,COMPLETED,SR011,PHARMACY
O002635,C0055,2026-08-07,COMPLETED,SR009,PHARMACY
O002636,C0055,2026-08-21,COMPLETED,SR009,HOSPITAL
O002637,C0033,2026-08-27,COMPLETED,SR007,HOSPITAL
O002638,C0050,2026-08-11,COMPLETED,SR011,CLINIC
O002639,C0057,2026-08-24,COMPLETED,SR011,PHARMACY
O002640,C0046,2026-08-13,COMPLETED,SR008,CLINIC
O002641,C0051,2026-08-16,COMPLETED,SR009,PHARMACY
O002642,C0050,2026-08-17,COMPLETED,SR010,CLINIC
O002643,C0050,2026-08-04,COMPLETED,SR007,CLINIC
O002644,C0040,2026-08-11,COMPLETED,SR007,HOSPITAL
O002645,C0047,2026-08-18,COMPLETED,SR007,PHARMACY
O002646,C0040,2026-08-28,COMPLETED,SR007,CLINIC
O002647,C0050,2026-08-18,COMPLETED,SR007,HOSPITAL
O002648,C0042,2026-08-17,COMPLETED,SR007,CLINIC
O002649,C0042,2026-08-12,COMPLETED,SR009,PHARMACY
O002650,C0031,2026-08-17,CANCELLED,SR010,CLINIC
O002651,C0044,2026-08-12,COMPLETED,SR007,CLINIC
O002652,C0031,2026-08-13,COMPLETED,SR009,CLINIC
O002653,C0045,2026-08-22,COMPLETED,SR009,CLINIC
O002654,C0043,2026-08-14,COMPLETED,SR011,CLINIC
O002655,C0040,2026-08-03,COMPLETED,SR008,PHARMACY
O002656,C0038,2026-08-02,COMPLETED,SR011,HOSPITAL
O002657,C0041,2026-08-17,COMPLETED,SR012,CLINIC
O002658,C0076,2026-08-04,COMPLETED,SR013,PHARMACY
O002659,C0071,2026-08-16,COMPLETED,SR014,PHARMACY
O002660,C0070,2026-08-19,COMPLETED,SR018,HOSPITAL
O002661,C0070,2026-08-10,COMPLETED,SR017,HOSPITAL
O002662,C0061,2026-08-17,COMPLETED,SR015,CLINIC
O002663,C0077,2026-08-10,COMPLETED,SR017,HOSPITAL
O002664,C0071,2026-08-07,COMPLETED,SR014,CLINIC
O002665,C0061,2026-08-05,COMPLETED,SR013,PHARMACY
O002666,C0074,2026-08-08,COMPLETED,SR016,CLINIC
O002667,C0070,2026-08-12,COMPLETED,SR018,HOSPITAL
O002668,C0074,2026-08-27,COMPLETED,SR014,PHARMACY
O002669,C0069,2026-08-03,COMPLETED,SR018,CLINIC
O002670,C0064,2026-08-19,CANCELLED,SR016,PHARMACY
O002671,C0063,2026-08-02,COMPLETED,SR016,PHARMACY
O002672,C0064,2026-08-25,COMPLETED,SR015,CLINIC
O002673,C0086,2026-08-09,COMPLETED,SR015,CLINIC
O002674,C0061,2026-08-24,COMPLETED,SR018,PHARMACY
O002675,C0100,2026-08-14,COMPLETED,SR023,CLINIC
O002676,C0116,2026-08-25,COMPLETED,SR023,PHARMACY
O002677,C0102,2026-08-12,COMPLETED,SR021,PHARMACY
O002678,C0105,2026-08-07,COMPLETED,SR023,PHARMACY
O002679,C0102,2026-08-12,COMPLETED,SR019,PHARMACY
O002680,C0118,2026-08-13,COMPLETED,SR021,CLINIC
O002681,C0114,2026-08-13,COMPLETED,SR023,HOSPITAL
O002682,C0115,2026-08-03,COMPLETED,SR022,CLINIC
O002683,C0110,2026-08-19,COMPLETED,SR022,HOSPITAL
O002684,C0111,2026-08-23,COMPLETED,SR022,HOSPITAL
O002685,C0110,2026-08-05,COMPLETED,SR020,CLINIC
O002686,C0093,2026-08-01,COMPLETED,SR021,PHARMACY
O002687,C0113,2026-08-09,COMPLETED,SR024,CLINIC
O002688,C0119,2026-08-15,COMPLETED,SR022,HOSPITAL
O002689,C0095,2026-08-21,COMPLETED,SR023,HOSPITAL
O002690,C0097,2026-08-28,COMPLETED,SR022,PHARMACY
O002691,C0119,2026-08-15,COMPLETED,SR019,HOSPITAL
O002692,C0013,2026-09-15,COMPLETED,SR005,HOSPITAL
O002693,C0006,2026-09-20,COMPLETED,SR002,HOSPITAL
O002694,C0017,2026-09-16,CANCELLED,SR001,CLINIC
O002695,C0024,2026-09-14,COMPLETED,SR002,HOSPITAL
O002696,C0010,2026-09-07,COMPLETED,SR004,CLINIC
O002697,C0027,2026-09-10,COMPLETED,SR001,PHARMACY
O002698,C0003,2026-09-06,COMPLETED,SR003,HOSPITAL
O002699,C0014,2026-09-01,COMPLETED,SR003,HOSPITAL
O002700,C0013,2026-09-09,COMPLETED,SR005,CLINIC
O002701,C0023,2026-09-16,COMPLETED,SR006,PHARMACY
O002702,C0027,2026-09-15,COMPLETED,SR001,CLINIC
O002703,C0006,2026-09-20,COMPLETED,SR004,HOSPITAL
O002704,C0018,2026-09-07,CANCELLED,SR005,PHARMACY
O002705,C0008,2026-09-12,COMPLETED,SR003,CLINIC
O002706,C0003,2026-09-11,COMPLETED,SR005,HOSPITAL
O002707,C0011,2026-09-13,COMPLETED,SR001,HOSPITAL
O002708,C0008,2026-09-24,COMPLETED,SR003,HOSPITAL
O002709,C0029,2026-09-17,COMPLETED,SR004,PHARMACY
O002710,C0011,2026-09-15,COMPLETED,SR006,HOSPITAL
O002711,C0007,2026-09-05,COMPLETED,SR006,PHARMACY
O002712,C0029,2026-09-20,COMPLETED,SR006,HOSPITAL
O002713,C0003,2026-09-03,COMPLETED,SR006,CLINIC
O002714,C0028,2026-09-20,COMPLETED,SR001,HOSPITAL
O002715,C0001,2026-09-25,COMPLETED,SR002,CLINIC
O002716,C0022,2026-09-12,COMPLETED,SR002,PHARMACY
O002717,C0003,2026-09-15,COMPLETED,SR005,HOSPITAL
O002718,C0025,2026-09-21,COMPLETED,SR004,CLINIC
O002719,C0028,2026-09-23,COMPLETED,SR005,CLINIC
O002720,C0002,2026-09-09,COMPLETED,SR005,PHARMACY
O002721,C0018,2026-09-06,COMPLETED,SR004,CLINIC
O002722,C0002,2026-09-20,COMPLETED,SR006,HOSPITAL
O002723,C0018,2026-09-07,COMPLETED,SR004,CLINIC
O002724,C0022,2026-09-09,COMPLETED,SR002,CLINIC
O002725,C0022,2026-09-26,COMPLETED,SR003,HOSPITAL
O002726,C0006,2026-09-11,COMPLETED,SR005,PHARMACY
O002727,C0019,2026-09-27,COMPLETED,SR005,PHARMACY
O002728,C0029,2026-09-06,CANCELLED,SR006,CLINIC
O002729,C0026,2026-09-04,COMPLETED,SR006,PHARMACY
O002730,C0011,2026-09-06,COMPLETED,SR002,HOSPITAL
O002731,C0057,2026-09-16,COMPLETED,SR012,CLINIC
O002732,C0035,2026-09-15,COMPLETED,SR007,HOSPITAL
O002733,C0032,2026-09-25,COMPLETED,SR009,PHARMACY
O002734,C0039,2026-09-09,COMPLETED,SR008,CLINIC
O002735,C0044,2026-09-14,COMPLETED,SR007,PHARMACY
O002736,C0046,2026-09-15,COMPLETED,SR010,CLINIC
O002737,C0048,2026-09-25,COMPLETED,SR011,PHARMACY
O002738,C0057,2026-09-24,COMPLETED,SR009,PHARMACY
O002739,C0056,2026-09-18,COMPLETED,SR010,CLINIC
O002740,C0032,2026-09-16,COMPLETED,SR007,HOSPITAL
O002741,C0056,2026-09-21,COMPLETED,SR007,PHARMACY
O002742,C0043,2026-09-18,COMPLETED,SR011,PHARMACY
O002743,C0048,2026-09-01,COMPLETED,SR009,PHARMACY
O002744,C0039,2026-09-23,CANCELLED,SR008,PHARMACY
O002745,C0032,2026-09-23,COMPLETED,SR008,HOSPITAL
O002746,C0054,2026-09-22,COMPLETED,SR011,HOSPITAL
O002747,C0054,2026-09-03,COMPLETED,SR007,HOSPITAL
O002748,C0040,2026-09-24,COMPLETED,SR008,HOSPITAL
O002749,C0060,2026-09-12,COMPLETED,SR009,CLINIC
O002750,C0050,2026-09-03,COMPLETED,SR009,HOSPITAL
O002751,C0058,2026-09-15,COMPLETED,SR008,PHARMACY
O002752,C0038,2026-09-02,COMPLETED,SR007,HOSPITAL
O002753,C0036,2026-09-22,COMPLETED,SR010,CLINIC
O002754,C0055,2026-09-21,COMPLETED,SR010,HOSPITAL
O002755,C0033,2026-09-10,COMPLETED,SR012,PHARMACY
O002756,C0058,2026-09-27,COMPLETED,SR010,CLINIC
O002757,C0035,2026-09-19,COMPLETED,SR010,CLINIC
O002758,C0035,2026-09-06,COMPLETED,SR009,CLINIC
O002759,C0047,2026-09-27,COMPLETED,SR008,PHARMACY
O002760,C0031,2026-09-08,COMPLETED,SR012,CLINIC
O002761,C0046,2026-09-20,COMPLETED,SR011,PHARMACY
O002762,C0041,2026-09-22,COMPLETED,SR009,CLINIC
O002763,C0033,2026-09-09,COMPLETED,SR007,PHARMACY
O002764,C0051,2026-09-05,COMPLETED,SR008,HOSPITAL
O002765,C0055,2026-09-24,COMPLETED,SR011,HOSPITAL
O002766,C0055,2026-09-27,COMPLETED,SR012,CLINIC
O002767,C0038,2026-09-08,COMPLETED,SR009,HOSPITAL
O002768,C0052,2026-09-28,COMPLETED,SR008,PHARMACY
O002769,C0053,2026-09-16,COMPLETED,SR008,HOSPITAL
O002770,C0051,2026-09-07,COMPLETED,SR008,PHARMACY
O002771,C0051,2026-09-23,COMPLETED,SR008,HOSPITAL
O002772,C0053,2026-09-06,COMPLETED,SR009,PHARMACY
O002773,C0045,2026-09-08,COMPLETED,SR010,CLINIC
O002774,C0033,2026-09-13,COMPLETED,SR012,HOSPITAL
O002775,C0044,2026-09-02,COMPLETED,SR009,CLINIC
O002776,C0044,2026-09-11,COMPLETED,SR007,PHARMACY
O002777,C0059,2026-09-09,COMPLETED,SR008,HOSPITAL
O002778,C0040,2026-09-28,COMPLETED,SR012,PHARMACY
O002779,C0047,2026-09-07,COMPLETED,SR008,HOSPITAL
O002780,C0047,2026-09-28,COMPLETED,SR012,PHARMACY
O002781,C0077,2026-09-02,COMPLETED,SR014,CLINIC
O002782,C0089,2026-09-11,COMPLETED,SR018,CLINIC
O002783,C0061,2026-09-03,COMPLETED,SR018,HOSPITAL
O002784,C0064,2026-09-19,COMPLETED,SR014,HOSPITAL
O002785,C0074,2026-09-19,CANCELLED,SR014,PHARMACY
O002786,C0079,2026-09-19,COMPLETED,SR015,PHARMACY
O002787,C0071,2026-09-23,COMPLETED,SR013,HOSPITAL
O002788,C0078,2026-09-04,COMPLETED,SR013,CLINIC
O002789,C0071,2026-09-14,COMPLETED,SR018,HOSPITAL
O002790,C0080,2026-09-24,COMPLETED,SR017,PHARMACY
O002791,C0078,2026-09-25,COMPLETED,SR013,CLINIC
O002792,C0076,2026-09-12,COMPLETED,SR016,HOSPITAL
O002793,C0084,2026-09-27,COMPLETED,SR013,CLINIC
O002794,C0089,2026-09-24,COMPLETED,SR016,HOSPITAL
O002795,C0089,2026-09-10,COMPLETED,SR015,HOSPITAL
O002796,C0062,2026-09-21,COMPLETED,SR015,HOSPITAL
O002797,C0100,2026-09-14,COMPLETED,SR023,PHARMACY
O002798,C0119,2026-09-16,COMPLETED,SR021,HOSPITAL
O002799,C0110,2026-09-18,COMPLETED,SR023,HOSPITAL
O002800,C0098,2026-09-10,CANCELLED,SR022,CLINIC
O002801,C0098,2026-09-20,COMPLETED,SR022,CLINIC
O002802,C0116,2026-09-21,COMPLETED,SR024,HOSPITAL
O002803,C0100,2026-09-10,COMPLETED,SR020,CLINIC
O002804,C0107,2026-09-13,COMPLETED,SR021,PHARMACY
O002805,C0107,2026-09-06,COMPLETED,SR024,HOSPITAL
O002806,C0092,2026-09-28,COMPLETED,SR019,PHARMACY
O002807,C0114,2026-09-17,COMPLETED,SR020,HOSPITAL
O002808,C0095,2026-09-22,COMPLETED,SR023,CLINIC
O002809,C0114,2026-09-14,COMPLETED,SR023,PHARMACY
O002810,C0116,2026-09-10,COMPLETED,SR023,CLINIC
O002811,C0112,2026-09-17,COMPLETED,SR021,CLINIC
O002812,C0096,2026-09-17,COMPLETED,SR024,HOSPITAL
O002813,C0119,2026-09-06,COMPLETED,SR024,CLINIC
O002814,C0118,2026-09-01,COMPLETED,SR022,CLINIC
O002815,C0093,2026-09-19,COMPLETED,SR022,PHARMACY
O002816,C0103,2026-09-12,COMPLETED,SR024,HOSPITAL
O002817,C0095,2026-09-12,COMPLETED,SR019,PHARMACY
O002818,C0091,2026-09-14,COMPLETED,SR022,PHARMACY
O002819,C0112,2026-09-14,COMPLETED,SR020,CLINIC
O002820,C0115,2026-09-06,COMPLETED,SR020,HOSPITAL
O002821,C0112,2026-09-21,COMPLETED,SR019,HOSPITAL
O002822,C0110,2026-09-28,CANCELLED,SR021,PHARMACY
O002823,C0117,2026-09-26,COMPLETED,SR023,PHARMACY
O002824,C0020,2026-10-13,COMPLETED,SR003,PHARMACY
O002825,C0005,2026-10-18,COMPLETED,SR004,HOSPITAL
O002826,C0017,2026-10-18,COMPLETED,SR005,CLINIC
O002827,C0022,2026-10-08,CANCELLED,SR005,CLINIC
O002828,C0023,2026-10-01,COMPLETED,SR002,HOSPITAL
O002829,C0003,2026-10-09,COMPLETED,SR006,PHARMACY
O002830,C0030,2026-10-20,COMPLETED,SR001,CLINIC
O002831,C0017,2026-10-04,COMPLETED,SR004,HOSPITAL
O002832,C0010,2026-10-11,COMPLETED,SR006,HOSPITAL
O002833,C0025,2026-10-28,COMPLETED,SR003,PHARMACY
O002834,C0023,2026-10-10,CANCELLED,SR002,HOSPITAL
O002835,C0024,2026-10-03,COMPLETED,SR003,HOSPITAL
O002836,C0005,2026-10-20,COMPLETED,SR002,PHARMACY
O002837,C0029,2026-10-10,COMPLETED,SR005,HOSPITAL
O002838,C0029,2026-10-25,COMPLETED,SR006,CLINIC
O002839,C0030,2026-10-05,COMPLETED,SR004,CLINIC
O002840,C0011,2026-10-21,COMPLETED,SR005,CLINIC
O002841,C0018,2026-10-17,COMPLETED,SR001,CLINIC
O002842,C0001,2026-10-17,COMPLETED,SR005,HOSPITAL
O002843,C0030,2026-10-05,COMPLETED,SR003,CLINIC
O002844,C0017,2026-10-14,COMPLETED,SR001,PHARMACY
O002845,C0017,2026-10-13,COMPLETED,SR002,PHARMACY
O002846,C0001,2026-10-08,COMPLETED,SR004,HOSPITAL
O002847,C0008,2026-10-07,COMPLETED,SR001,PHARMACY
O002848,C0004,2026-10-17,COMPLETED,SR001,PHARMACY
O002849,C0015,2026-10-21,COMPLETED,SR006,PHARMACY
O002850,C0028,2026-10-26,COMPLETED,SR003,PHARMACY
O002851,C0017,2026-10-24,COMPLETED,SR001,HOSPITAL
O002852,C0020,2026-10-12,COMPLETED,SR005,CLINIC
O002853,C0004,2026-10-15,COMPLETED,SR001,CLINIC
O002854,C0005,2026-10-14,COMPLETED,SR003,HOSPITAL
O002855,C0013,2026-10-23,COMPLETED,SR004,CLINIC
O002856,C0018,2026-10-14,COMPLETED,SR004,PHARMACY
O002857,C0019,2026-10-26,COMPLETED,SR006,HOSPITAL
O002858,C0005,2026-10-07,COMPLETED,SR005,PHARMACY
O002859,C0002,2026-10-02,COMPLETED,SR005,PHARMACY
O002860,C0013,2026-10-16,COMPLETED,SR005,HOSPITAL
O002861,C0016,2026-10-20,COMPLETED,SR001,CLINIC
O002862,C0006,2026-10-04,COMPLETED,SR004,PHARMACY
O002863,C0006,2026-10-09,COMPLETED,SR005,HOSPITAL
O002864,C0029,2026-10-16,COMPLETED,SR003,CLINIC
O002865,C0029,2026-10-13,COMPLETED,SR006,HOSPITAL
O002866,C0035,2026-10-20,COMPLETED,SR011,PHARMACY
O002867,C0057,2026-10-03,COMPLETED,SR007,HOSPITAL
O002868,C0042,2026-10-23,COMPLETED,SR007,PHARMACY
O002869,C0059,2026-10-20,COMPLETED,SR010,CLINIC
O002870,C0044,2026-10-02,COMPLETED,SR009,HOSPITAL
O002871,C0043,2026-10-05,COMPLETED,SR010,PHARMACY
O002872,C0032,2026-10-06,COMPLETED,SR008,HOSPITAL
O002873,C0058,2026-10-22,COMPLETED,SR007,CLINIC
O002874,C0059,2026-10-03,COMPLETED,SR007,PHARMACY
O002875,C0056,2026-10-27,COMPLETED,SR012,HOSPITAL
O002876,C0035,2026-10-27,COMPLETED,SR009,PHARMACY
O002877,C0043,2026-10-23,COMPLETED,SR012,PHARMACY
O002878,C0038,2026-10-11,COMPLETED,SR007,HOSPITAL
O002879,C0036,2026-10-12,COMPLETED,SR011,CLINIC
O002880,C0050,2026-10-14,COMPLETED,SR010,HOSPITAL
O002881,C0036,2026-10-05,COMPLETED,SR010,PHARMACY
O002882,C0036,2026-10-28,COMPLETED,SR008,HOSPITAL
O002883,C0057,2026-10-22,COMPLETED,SR010,PHARMACY
O002884,C0034,2026-10-01,COMPLETED,SR012,CLINIC
O002885,C0034,2026-10-07,COMPLETED,SR010,CLINIC
O002886,C0036,2026-10-21,CANCELLED,SR010,HOSPITAL
O002887,C0041,2026-10-05,COMPLETED,SR007,PHARMACY
O002888,C0034,2026-10-01,COMPLETED,SR007,PHARMACY
O002889,C0035,2026-10-25,COMPLETED,SR008,HOSPITAL
O002890,C0055,2026-10-04,COMPLETED,SR011,HOSPITAL
O002891,C0043,2026-10-10,COMPLETED,SR011,HOSPITAL
O002892,C0039,2026-10-27,COMPLETED,SR010,CLINIC
O002893,C0047,2026-10-16,CANCELLED,SR011,PHARMACY
O002894,C0052,2026-10-11,COMPLETED,SR011,CLINIC
O002895,C0051,2026-10-18,COMPLETED,SR009,CLINIC
O002896,C0035,2026-10-24,COMPLETED,SR008,PHARMACY
O002897,C0040,2026-10-03,COMPLETED,SR012,HOSPITAL
O002898,C0047,2026-10-28,COMPLETED,SR009,CLINIC
O002899,C0053,2026-10-06,COMPLETED,SR010,HOSPITAL
O002900,C0044,2026-10-15,COMPLETED,SR010,CLINIC
O002901,C0050,2026-10-09,COMPLETED,SR012,CLINIC
O002902,C0033,2026-10-03,COMPLETED,SR012,HOSPITAL
O002903,C0033,2026-10-23,COMPLETED,SR009,PHARMACY
O002904,C0060,2026-10-08,COMPLETED,SR009,PHARMACY
O002905,C0051,2026-10-02,COMPLETED,SR012,PHARMACY
O002906,C0040,2026-10-19,CANCELLED,SR008,PHARMACY
O002907,C0051,2026-10-20,COMPLETED,SR011,CLINIC
O002908,C0055,2026-10-12,COMPLETED,SR012,PHARMACY
O002909,C0062,2026-10-01,COMPLETED,SR016,PHARMACY
O002910,C0065,2026-10-20,COMPLETED,SR016,HOSPITAL
O002911,C0071,2026-10-06,COMPLETED,SR014,CLINIC
O002912,C0064,2026-10-17,COMPLETED,SR014,PHARMACY
O002913,C0067,2026-10-07,COMPLETED,SR017,CLINIC
O002914,C0079,2026-10-22,COMPLETED,SR017,CLINIC
O002915,C0086,2026-10-27,COMPLETED,SR016,HOSPITAL
O002916,C0071,2026-10-22,COMPLETED,SR015,CLINIC
O002917,C0072,2026-10-24,COMPLETED,SR013,PHARMACY
O002918,C0062,2026-10-01,COMPLETED,SR014,CLINIC
O002919,C0078,2026-10-16,COMPLETED,SR014,PHARMACY
O002920,C0063,2026-10-02,COMPLETED,SR018,HOSPITAL
O002921,C0075,2026-10-26,CANCELLED,SR016,PHARMACY
O002922,C0085,2026-10-19,COMPLETED,SR015,CLINIC
O002923,C0067,2026-10-24,COMPLETED,SR016,HOSPITAL
O002924,C0096,2026-10-20,COMPLETED,SR022,PHARMACY
O002925,C0099,2026-10-23,COMPLETED,SR019,CLINIC
O002926,C0120,2026-10-09,COMPLETED,SR020,CLINIC
O002927,C0099,2026-10-08,CANCELLED,SR022,PHARMACY
O002928,C0098,2026-10-04,COMPLETED,SR024,HOSPITAL
O002929,C0107,2026-10-21,COMPLETED,SR024,HOSPITAL
O002930,C0099,2026-10-06,COMPLETED,SR023,CLINIC
O002931,C0107,2026-10-16,COMPLETED,SR020,PHARMACY
O002932,C0114,2026-10-03,COMPLETED,SR021,HOSPITAL
O002933,C0118,2026-10-11,COMPLETED,SR019,CLINIC
O002934,C0095,2026-10-26,COMPLETED,SR020,PHARMACY
O002935,C0116,2026-10-26,COMPLETED,SR020,HOSPITAL
O002936,C0094,2026-10-15,COMPLETED,SR022,PHARMACY
O002937,C0113,2026-10-08,COMPLETED,SR024,PHARMACY
O002938,C0103,2026-10-12,COMPLETED,SR022,CLINIC
O002939,C0115,2026-10-26,COMPLETED,SR020,HOSPITAL
O002940,C0106,2026-10-15,COMPLETED,SR023,HOSPITAL
O002941,C0117,2026-10-04,COMPLETED,SR022,CLINIC
O002942,C0097,2026-10-13,CANCELLED,SR020,HOSPITAL
O002943,C0098,2026-10-02,COMPLETED,SR023,HOSPITAL
O002944,C0095,2026-10-06,COMPLETED,SR022,HOSPITAL
O002945,C0097,2026-10-12,COMPLETED,SR020,HOSPITAL
O002946,C0116,2026-10-27,COMPLETED,SR024,CLINIC
O002947,C0114,2026-10-19,COMPLETED,SR022,HOSPITAL
O002948,C0018,2026-11-17,COMPLETED,SR005,PHARMACY
O002949,C0003,2026-11-23,COMPLETED,SR004,HOSPITAL
O002950,C0020,2026-11-11,COMPLETED,SR004,PHARMACY
O002951,C0020,2026-11-24,COMPLETED,SR005,HOSPITAL
O002952,C0006,2026-11-13,COMPLETED,SR001,HOSPITAL
O002953,C0025,2026-11-10,COMPLETED,SR004,CLINIC
O002954,C0013,2026-11-13,COMPLETED,SR001,PHARMACY
O002955,C0023,2026-11-22,COMPLETED,SR001,CLINIC
O002956,C0018,2026-11-20,COMPLETED,SR006,HOSPITAL
O002957,C0014,2026-11-04,COMPLETED,SR006,CLINIC
O002958,C0020,2026-11-13,COMPLETED,SR001,PHARMACY
O002959,C0013,2026-11-20,COMPLETED,SR004,HOSPITAL
O002960,C0010,2026-11-15,COMPLETED,SR004,PHARMACY
O002961,C0003,2026-11-22,COMPLETED,SR003,HOSPITAL
O002962,C0006,2026-11-17,CANCELLED,SR001,HOSPITAL
O002963,C0023,2026-11-08,COMPLETED,SR002,CLINIC
O002964,C0017,2026-11-18,COMPLETED,SR002,PHARMACY
O002965,C0003,2026-11-19,COMPLETED,SR002,CLINIC
O002966,C0030,2026-11-26,COMPLETED,SR006,PHARMACY
O002967,C0001,2026-11-09,COMPLETED,SR003,CLINIC
O002968,C0015,2026-11-18,COMPLETED,SR006,HOSPITAL
O002969,C0007,2026-11-19,COMPLETED,SR002,PHARMACY
O002970,C0001,2026-11-13,COMPLETED,SR003,PHARMACY
O002971,C0016,2026-11-10,COMPLETED,SR006,HOSPITAL
O002972,C0013,2026-11-06,COMPLETED,SR003,HOSPITAL
O002973,C0017,2026-11-23,COMPLETED,SR005,PHARMACY
O002974,C0024,2026-11-24,COMPLETED,SR004,HOSPITAL
O002975,C0010,2026-11-17,COMPLETED,SR004,HOSPITAL
O002976,C0024,2026-11-25,COMPLETED,SR003,PHARMACY
O002977,C0017,2026-11-09,COMPLETED,SR003,CLINIC
O002978,C0025,2026-11-20,CANCELLED,SR002,PHARMACY
O002979,C0018,2026-11-07,COMPLETED,SR004,PHARMACY
O002980,C0005,2026-11-26,COMPLETED,SR004,HOSPITAL
O002981,C0005,2026-11-25,CANCELLED,SR004,CLINIC
O002982,C0007,2026-11-17,COMPLETED,SR006,PHARMACY
O002983,C0030,2026-11-27,COMPLETED,SR002,PHARMACY
O002984,C0009,2026-11-28,COMPLETED,SR004,HOSPITAL
O002985,C0024,2026-11-16,COMPLETED,SR004,HOSPITAL
O002986,C0009,2026-11-22,COMPLETED,SR002,CLINIC
O002987,C0003,2026-11-22,COMPLETED,SR002,HOSPITAL
O002988,C0013,2026-11-08,COMPLETED,SR002,PHARMACY
O002989,C0019,2026-11-20,COMPLETED,SR003,HOSPITAL
O002990,C0019,2026-11-08,COMPLETED,SR004,CLINIC
O002991,C0011,2026-11-07,COMPLETED,SR001,CLINIC
O002992,C0003,2026-11-22,COMPLETED,SR001,CLINIC
O002993,C0057,2026-11-05,COMPLETED,SR010,PHARMACY
O002994,C0058,2026-11-27,COMPLETED,SR010,CLINIC
O002995,C0042,2026-11-22,COMPLETED,SR008,CLINIC
O002996,C0039,2026-11-17,COMPLETED,SR008,CLINIC
O002997,C0032,2026-11-01,COMPLETED,SR007,PHARMACY
O002998,C0040,2026-11-06,COMPLETED,SR010,CLINIC
O002999,C0035,2026-11-09,COMPLETED,SR011,CLINIC
O003000,C0058,2026-11-15,COMPLETED,SR009,CLINIC
O003001,C0035,2026-11-11,COMPLETED,SR009,HOSPITAL
O003002,C0043,2026-11-26,COMPLETED,SR011,CLINIC
O003003,C0040,2026-11-08,COMPLETED,SR009,CLINIC
O003004,C0039,2026-11-09,COMPLETED,SR012,HOSPITAL
O003005,C0048,2026-11-25,COMPLETED,SR007,PHARMACY
O003006,C0058,2026-11-17,COMPLETED,SR008,PHARMACY
O003007,C0032,2026-11-05,COMPLETED,SR011,PHARMACY
O003008,C0043,2026-11-24,COMPLETED,SR007,HOSPITAL
O003009,C0056,2026-11-17,COMPLETED,SR009,PHARMACY
O003010,C0033,2026-11-16,COMPLETED,SR012,CLINIC
O003011,C0060,2026-11-14,COMPLETED,SR011,HOSPITAL
O003012,C0034,2026-11-06,COMPLETED,SR007,CLINIC
O003013,C0055,2026-11-21,COMPLETED,SR011,CLINIC
O003014,C0033,2026-11-16,COMPLETED,SR008,PHARMACY
O003015,C0060,2026-11-24,COMPLETED,SR011,HOSPITAL
O003016,C0034,2026-11-14,COMPLETED,SR010,PHARMACY
O003017,C0058,2026-11-23,COMPLETED,SR011,HOSPITAL
O003018,C0057,2026-11-14,COMPLETED,SR011,HOSPITAL
O003019,C0052,2026-11-27,COMPLETED,SR011,PHARMACY
O003020,C0046,2026-11-11,COMPLETED,SR010,PHARMACY
O003021,C0035,2026-11-13,COMPLETED,SR009,HOSPITAL
O003022,C0040,2026-11-23,COMPLETED,SR011,CLINIC
O003023,C0033,2026-11-11,COMPLETED,SR010,PHARMACY
O003024,C0031,2026-11-04,COMPLETED,SR011,CLINIC
O003025,C0052,2026-11-22,COMPLETED,SR010,PHARMACY
O003026,C0060,2026-11-13,COMPLETED,SR009,HOSPITAL
O003027,C0032,2026-11-13,COMPLETED,SR009,PHARMACY
O003028,C0053,2026-11-01,COMPLETED,SR011,PHARMACY
O003029,C0033,2026-11-12,COMPLETED,SR008,HOSPITAL
O003030,C0060,2026-11-05,COMPLETED,SR007,PHARMACY
O003031,C0060,2026-11-25,COMPLETED,SR008,HOSPITAL
O003032,C0032,2026-11-26,COMPLETED,SR009,CLINIC
O003033,C0037,2026-11-10,COMPLETED,SR009,CLINIC
O003034,C0032,2026-11-08,COMPLETED,SR012,HOSPITAL
O003035,C0044,2026-11-07,COMPLETED,SR011,PHARMACY
O003036,C0038,2026-11-11,COMPLETED,SR007,HOSPITAL
O003037,C0047,2026-11-03,COMPLETED,SR010,CLINIC
O003038,C0055,2026-11-11,COMPLETED,SR008,CLINIC
O003039,C0040,2026-11-21,COMPLETED,SR008,CLINIC
O003040,C0081,2026-11-02,COMPLETED,SR018,HOSPITAL
O003041,C0075,2026-11-14,COMPLETED,SR015,PHARMACY
O003042,C0088,2026-11-10,COMPLETED,SR014,CLINIC
O003043,C0075,2026-11-17,COMPLETED,SR018,CLINIC
O003044,C0070,2026-11-04,COMPLETED,SR016,HOSPITAL
O003045,C0062,2026-11-07,COMPLETED,SR016,PHARMACY
O003046,C0085,2026-11-06,COMPLETED,SR018,HOSPITAL
O003047,C0066,2026-11-14,CANCELLED,SR018,CLINIC
O003048,C0071,2026-11-14,COMPLETED,SR018,CLINIC
O003049,C0062,2026-11-06,COMPLETED,SR017,HOSPITAL
O003050,C0079,2026-11-07,COMPLETED,SR018,HOSPITAL
O003051,C0074,2026-11-25,COMPLETED,SR018,HOSPITAL
O003052,C0084,2026-11-14,COMPLETED,SR013,HOSPITAL
O003053,C0071,2026-11-02,COMPLETED,SR013,PHARMACY
O003054,C0072,2026-11-14,COMPLETED,SR013,PHARMACY
O003055,C0069,2026-11-14,COMPLETED,SR018,PHARMACY
O003056,C0086,2026-11-10,COMPLETED,SR013,HOSPITAL
O003057,C0076,2026-11-25,COMPLETED,SR017,PHARMACY
O003058,C0072,2026-11-06,COMPLETED,SR017,PHARMACY
O003059,C0067,2026-11-19,COMPLETED,SR014,HOSPITAL
O003060,C0109,2026-11-12,COMPLETED,SR022,PHARMACY
O003061,C0117,2026-11-28,COMPLETED,SR019,HOSPITAL
O003062,C0110,2026-11-02,COMPLETED,SR024,HOSPITAL
O003063,C0093,2026-11-16,COMPLETED,SR020,CLINIC
O003064,C0098,2026-11-04,COMPLETED,SR021,PHARMACY
O003065,C0105,2026-11-24,COMPLETED,SR023,CLINIC
O003066,C0098,2026-11-18,COMPLETED,SR024,PHARMACY
O003067,C0120,2026-11-07,COMPLETED,SR020,PHARMACY
O003068,C0120,2026-11-03,COMPLETED,SR020,CLINIC
O003069,C0105,2026-11-07,COMPLETED,SR020,PHARMACY
O003070,C0114,2026-11-20,COMPLETED,SR019,CLINIC
O003071,C0117,2026-11-02,COMPLETED,SR020,HOSPITAL
O003072,C0115,2026-11-16,COMPLETED,SR019,HOSPITAL
O003073,C0115,2026-11-27,COMPLETED,SR023,HOSPITAL
O003074,C0101,2026-11-09,COMPLETED,SR020,CLINIC
O003075,C0117,2026-11-22,COMPLETED,SR022,HOSPITAL
O003076,C0111,2026-11-17,COMPLETED,SR021,HOSPITAL
O003077,C0117,2026-11-04,COMPLETED,SR024,CLINIC
O003078,C0103,2026-11-18,COMPLETED,SR019,CLINIC
O003079,C0099,2026-11-13,COMPLETED,SR020,CLINIC
O003080,C0118,2026-11-09,COMPLETED,SR023,CLINIC
O003081,C0098,2026-11-28,COMPLETED,SR019,PHARMACY
O003082,C0107,2026-11-14,COMPLETED,SR022,HOSPITAL
O003083,C0096,2026-11-05,COMPLETED,SR023,HOSPITAL
O003084,C0094,2026-11-27,COMPLETED,SR024,PHARMACY
O003085,C0098,2026-11-24,COMPLETED,SR024,PHARMACY
O003086,C0023,2026-12-24,COMPLETED,SR005,CLINIC
O003087,C0010,2026-12-09,COMPLETED,SR006,CLINIC
O003088,C0024,2026-12-20,COMPLETED,SR005,PHARMACY
O003089,C0022,2026-12-07,COMPLETED,SR001,PHARMACY
O003090,C0013,2026-12-19,COMPLETED,SR002,PHARMACY
O003091,C0027,2026-12-04,COMPLETED,SR003,PHARMACY
O003092,C0014,2026-12-20,CANCELLED,SR005,CLINIC
O003093,C0017,2026-12-19,COMPLETED,SR005,PHARMACY
O003094,C0014,2026-12-19,COMPLETED,SR003,HOSPITAL
O003095,C0024,2026-12-10,COMPLETED,SR004,HOSPITAL
O003096,C0017,2026-12-14,COMPLETED,SR006,PHARMACY
O003097,C0017,2026-12-10,COMPLETED,SR005,HOSPITAL
O003098,C0020,2026-12-13,COMPLETED,SR006,CLINIC
O003099,C0014,2026-12-23,COMPLETED,SR001,HOSPITAL
O003100,C0013,2026-12-26,COMPLETED,SR002,HOSPITAL
O003101,C0014,2026-12-08,COMPLETED,SR002,PHARMACY
O003102,C0029,2026-12-13,COMPLETED,SR001,HOSPITAL
O003103,C0015,2026-12-22,COMPLETED,SR001,PHARMACY
O003104,C0029,2026-12-18,COMPLETED,SR002,HOSPITAL
O003105,C0001,2026-12-11,COMPLETED,SR004,HOSPITAL
O003106,C0018,2026-12-27,COMPLETED,SR004,CLINIC
O003107,C0001,2026-12-21,COMPLETED,SR002,CLINIC
O003108,C0018,2026-12-16,COMPLETED,SR006,PHARMACY
O003109,C0021,2026-12-06,CANCELLED,SR001,HOSPITAL
O003110,C0008,2026-12-16,COMPLETED,SR004,CLINIC
O003111,C0028,2026-12-20,COMPLETED,SR006,HOSPITAL
O003112,C0029,2026-12-14,COMPLETED,SR001,HOSPITAL
O003113,C0029,2026-12-19,COMPLETED,SR006,CLINIC
O003114,C0005,2026-12-19,COMPLETED,SR003,CLINIC
O003115,C0018,2026-12-25,COMPLETED,SR002,PHARMACY
O003116,C0008,2026-12-03,COMPLETED,SR001,CLINIC
O003117,C0003,2026-12-10,COMPLETED,SR003,PHARMACY
O003118,C0003,2026-12-12,COMPLETED,SR005,CLINIC
O003119,C0024,2026-12-17,COMPLETED,SR001,CLINIC
O003120,C0003,2026-12-21,COMPLETED,SR003,CLINIC
O003121,C0007,2026-12-02,COMPLETED,SR002,HOSPITAL
O003122,C0012,2026-12-06,COMPLETED,SR005,CLINIC
O003123,C0010,2026-12-26,COMPLETED,SR002,CLINIC
O003124,C0016,2026-12-09,CANCELLED,SR001,HOSPITAL
O003125,C0024,2026-12-15,COMPLETED,SR001,PHARMACY
O003126,C0002,2026-12-12,COMPLETED,SR001,CLINIC
O003127,C0013,2026-12-06,COMPLETED,SR001,PHARMACY
O003128,C0013,2026-12-08,COMPLETED,SR005,CLINIC
O003129,C0024,2026-12-14,COMPLETED,SR001,HOSPITAL
O003130,C0016,2026-12-14,COMPLETED,SR003,HOSPITAL
O003131,C0025,2026-12-07,COMPLETED,SR005,CLINIC
O003132,C0013,2026-12-08,CANCELLED,SR002,PHARMACY
O003133,C0026,2026-12-21,COMPLETED,SR004,CLINIC
O003134,C0029,2026-12-09,COMPLETED,SR005,PHARMACY
O003135,C0006,2026-12-21,COMPLETED,SR006,CLINIC
O003136,C0059,2026-12-28,COMPLETED,SR009,PHARMACY
O003137,C0040,2026-12-02,COMPLETED,SR012,CLINIC
O003138,C0058,2026-12-02,CANCELLED,SR011,CLINIC
O003139,C0042,2026-12-22,COMPLETED,SR009,HOSPITAL
O003140,C0056,2026-12-14,COMPLETED,SR007,PHARMACY
O003141,C0058,2026-12-03,COMPLETED,SR012,PHARMACY
O003142,C0048,2026-12-17,COMPLETED,SR007,CLINIC
O003143,C0032,2026-12-19,COMPLETED,SR011,PHARMACY
O003144,C0059,2026-12-15,COMPLETED,SR007,PHARMACY
O003145,C0046,2026-12-25,COMPLETED,SR009,PHARMACY
O003146,C0058,2026-12-05,COMPLETED,SR011,PHARMACY
O003147,C0046,2026-12-03,COMPLETED,SR007,CLINIC
O003148,C0054,2026-12-02,COMPLETED,SR008,CLINIC
O003149,C0039,2026-12-16,COMPLETED,SR009,CLINIC
O003150,C0054,2026-12-05,COMPLETED,SR007,PHARMACY
O003151,C0055,2026-12-21,COMPLETED,SR009,PHARMACY
O003152,C0040,2026-12-03,COMPLETED,SR007,PHARMACY
O003153,C0046,2026-12-27,COMPLETED,SR011,PHARMACY
O003154,C0034,2026-12-15,COMPLETED,SR012,PHARMACY
O003155,C0040,2026-12-07,COMPLETED,SR011,PHARMACY
O003156,C0036,2026-12-25,COMPLETED,SR008,HOSPITAL
O003157,C0038,2026-12-02,COMPLETED,SR010,HOSPITAL
O003158,C0057,2026-12-18,COMPLETED,SR009,PHARMACY
O003159,C0050,2026-12-21,COMPLETED,SR007,HOSPITAL
O003160,C0059,2026-12-06,COMPLETED,SR012,HOSPITAL
O003161,C0038,2026-12-12,COMPLETED,SR007,HOSPITAL
O003162,C0058,2026-12-26,COMPLETED,SR012,HOSPITAL
O003163,C0059,2026-12-06,COMPLETED,SR008,HOSPITAL
O003164,C0060,2026-12-04,COMPLETED,SR007,CLINIC
O003165,C0057,2026-12-26,COMPLETED,SR012,PHARMACY
O003166,C0058,2026-12-12,COMPLETED,SR008,CLINIC
O003167,C0050,2026-12-18,COMPLETED,SR010,HOSPITAL
O003168,C0058,2026-12-01,COMPLETED,SR008,CLINIC
O003169,C0040,2026-12-11,COMPLETED,SR009,PHARMACY
O003170,C0046,2026-12-21,COMPLETED,SR011,CLINIC
O003171,C0049,2026-12-06,COMPLETED,SR010,PHARMACY
O003172,C0052,2026-12-15,COMPLETED,SR009,PHARMACY
O003173,C0032,2026-12-24,COMPLETED,SR011,PHARMACY
O003174,C0058,2026-12-17,COMPLETED,SR007,PHARMACY
O003175,C0055,2026-12-03,COMPLETED,SR007,CLINIC
O003176,C0040,2026-12-13,COMPLETED,SR007,PHARMACY
O003177,C0035,2026-12-20,COMPLETED,SR008,PHARMACY
O003178,C0055,2026-12-25,COMPLETED,SR007,HOSPITAL
O003179,C0059,2026-12-19,COMPLETED,SR011,PHARMACY
O003180,C0053,2026-12-04,COMPLETED,SR009,PHARMACY
O003181,C0031,2026-12-10,COMPLETED,SR009,HOSPITAL
O003182,C0045,2026-12-08,COMPLETED,SR007,PHARMACY
O003183,C0043,2026-12-14,COMPLETED,SR011,PHARMACY
O003184,C0045,2026-12-02,COMPLETED,SR007,CLINIC
O003185,C0053,2026-12-25,COMPLETED,SR011,CLINIC
O003186,C0055,2026-12-28,COMPLETED,SR010,CLINIC
O003187,C0052,2026-12-11,COMPLETED,SR010,HOSPITAL
O003188,C0070,2026-12-09,COMPLETED,SR014,PHARMACY
O003189,C0076,2026-12-28,COMPLETED,SR018,CLINIC
O003190,C0089,2026-12-15,COMPLETED,SR013,PHARMACY
O003191,C0088,2026-12-05,CANCELLED,SR014,HOSPITAL
O003192,C0061,2026-12-26,COMPLETED,SR015,PHARMACY
O003193,C0062,2026-12-10,COMPLETED,SR013,HOSPITAL
O003194,C0075,2026-12-08,COMPLETED,SR014,CLINIC
O003195,C0067,2026-12-28,COMPLETED,SR013,PHARMACY
O003196,C0074,2026-12-15,COMPLETED,SR016,HOSPITAL
O003197,C0075,2026-12-07,COMPLETED,SR015,PHARMACY
O003198,C0075,2026-12-10,COMPLETED,SR017,HOSPITAL
O003199,C0087,2026-12-04,COMPLETED,SR018,CLINIC
O003200,C0069,2026-12-17,COMPLETED,SR016,PHARMACY
O003201,C0063,2026-12-14,COMPLETED,SR014,CLINIC
O003202,C0084,2026-12-09,COMPLETED,SR014,PHARMACY
O003203,C0069,2026-12-06,COMPLETED,SR018,CLINIC
O003204,C0087,2026-12-27,COMPLETED,SR013,CLINIC
O003205,C0084,2026-12-12,COMPLETED,SR018,PHARMACY
O003206,C0075,2026-12-08,COMPLETED,SR015,CLINIC
O003207,C0062,2026-12-26,COMPLETED,SR018,PHARMACY
O003208,C0061,2026-12-23,CANCELLED,SR013,PHARMACY
O003209,C0071,2026-12-14,COMPLETED,SR016,CLINIC
O003210,C0063,2026-12-07,COMPLETED,SR013,PHARMACY
O003211,C0105,2026-12-24,COMPLETED,SR022,PHARMACY
O003212,C0100,2026-12-11,COMPLETED,SR021,CLINIC
O003213,C0104,2026-12-08,COMPLETED,SR020,CLINIC
O003214,C0110,2026-12-23,COMPLETED,SR019,PHARMACY
O003215,C0102,2026-12-07,COMPLETED,SR024,HOSPITAL
O003216,C0116,2026-12-25,COMPLETED,SR024,HOSPITAL
O003217,C0109,2026-12-12,CANCELLED,SR021,PHARMACY
O003218,C0100,2026-12-19,COMPLETED,SR019,CLINIC
O003219,C0095,2026-12-28,COMPLETED,SR024,CLINIC
O003220,C0120,2026-12-12,COMPLETED,SR024,HOSPITAL
O003221,C0116,2026-12-20,COMPLETED,SR023,PHARMACY
O003222,C0105,2026-12-18,COMPLETED,SR023,PHARMACY
O003223,C0111,2026-12-24,COMPLETED,SR019,PHARMACY
O003224,C0094,2026-12-01,CANCELLED,SR020,PHARMACY
O003225,C0105,2026-12-02,COMPLETED,SR022,PHARMACY
O003226,C0110,2026-12-20,COMPLETED,SR021,CLINIC
O003227,C0106,2026-12-05,COMPLETED,SR024,PHARMACY
O003228,C0097,2026-12-23,COMPLETED,SR022,CLINIC
O003229,C0112,2026-12-18,COMPLETED,SR024,CLINIC
O003230,C0096,2026-12-09,COMPLETED,SR019,CLINIC
O003231,C0103,2026-12-17,COMPLETED,SR021,PHARMACY
O003232,C0102,2026-12-22,COMPLETED,SR021,PHARMACY
O003233,C0096,2026-12-13,COMPLETED,SR023,CLINIC
O003234,C0119,2026-12-14,COMPLETED,SR024,CLINIC
O003235,C0112,2026-12-17,CANCELLED,SR019,HOSPITAL
O003236,C0096,2026-12-08,COMPLETED,SR024,CLINIC
O003237,C0105,2026-12-21,COMPLETED,SR021,CLINIC
O003238,C0119,2026-12-26,COMPLETED,SR023,CLINIC
