payment_id,order_id,payment_date,payment_amount,payment_status
PAY000001,O000001,2024-03-06,29276.5,PAID
PAY000002,O000002,2024-01-25,140838.2,PAID
PAY000003,O000003,2024-03-02,79588.96,PAID
PAY000004,O000004,2024-02-21,63322.75,PAID
PAY000005,O000005,2024-03-02,82253.49,PARTIAL
PAY000006,O000006,2024-02-19,282785.4,PAID
PAY000007,O000007,2024-02-03,1451.66,PAID
PAY000008,O000008,2024-02-15,41872.0,PAID
PAY000009,O000009,2024-01-14,33862.53,PARTIAL
PAY000010,O000010,2024-02-04,23927.24,PARTIAL
PAY000011,O000011,2024-02-18,21931.39,PAID
PAY000012,O000012,2024-01-16,33124.5,PARTIAL
PAY000013,O000013,2024-02-14,20102.49,PARTIAL
PAY000014,O000014,2024-02-16,27706.77,PAID
PAY000015,O000015,2024-02-02,18728.54,PARTIAL
PAY000016,O000016,2024-02-06,8437.42,PAID
PAY000017,O000017,2024-02-11,26871.38,PAID
PAY000018,O000018,2024-02-18,54560.52,PAID
PAY000019,O000020,2024-02-14,12244.39,PAID
PAY000020,O000021,2024-01-22,325990.91,PAID
PAY000021,O000022,2024-01-25,189723.12,PAID
PAY000022,O000023,2024-01-23,186916.07,PAID
PAY000023,O000024,2024-01-27,9441.26,PAID
PAY000024,O000025,2024-02-20,7991.16,PARTIAL
PAY000025,O000026,2024-02-09,19886.94,PAID
PAY000026,O000027,2024-01-31,5731.53,PAID
PAY000027,O000028,2024-02-14,12643.53,PAID
PAY000028,O000029,2024-02-06,9818.25,PAID
PAY000029,O000030,2024-02-08,30619.95,PAID
PAY000030,O000031,2024-02-09,5029.79,PARTIAL
PAY000031,O000032,2024-01-28,5586.26,PAID
PAY000032,O000033,2024-01-29,9822.39,PAID
PAY000033,O000034,2024-02-05,18016.26,PAID
PAY000034,O000035,2024-02-24,18629.68,PARTIAL
PAY000035,O000036,2024-02-04,317158.05,PAID
PAY000036,O000037,2024-02-05,8923.81,PAID
PAY000037,O000038,2024-02-24,57265.4,PAID
PAY000038,O000039,2024-02-04,44150.67,PAID
PAY000039,O000040,2024-02-18,44121.96,PAID
PAY000040,O000041,2024-01-31,27186.49,PAID
PAY000041,O000042,2024-01-23,24128.42,PAID
PAY000042,O000043,2024-01-17,46929.9,PAID
PAY000043,O000044,2024-02-28,15096.21,PAID
PAY000044,O000046,2024-02-01,99834.94,PAID
PAY000045,O000047,2024-02-13,8084.6,PARTIAL
PAY000046,O000048,2024-02-14,13074.02,PAID
PAY000047,O000049,2024-02-29,5564.64,PAID
PAY000048,O000050,2024-02-24,4472.47,PARTIAL
PAY000049,O000051,2024-03-12,166652.39,PAID
PAY000050,O000052,2024-03-07,99940.22,PAID
PAY000051,O000053,2024-03-15,108616.4,PAID
PAY000052,O000054,2024-03-18,63140.94,PARTIAL
PAY000053,O000055,2024-03-12,200857.59,PAID
PAY000054,O000056,2024-03-20,42646.49,PAID
PAY000055,O000057,2024-03-16,36952.98,PAID
PAY000056,O000058,2024-02-24,2913.65,PAID
PAY000057,O000059,2024-03-11,19129.04,PAID
PAY000058,O000060,2024-03-31,31463.16,PAID
PAY000059,O000061,2024-03-05,60285.81,PAID
PAY000060,O000062,2024-03-11,6390.14,PAID
PAY000061,O000063,2024-04-04,2628.51,PARTIAL
PAY000062,O000064,2024-03-05,6811.58,PAID
PAY000063,O000065,2024-02-19,18160.99,PAID
PAY000064,O000066,2024-03-05,20800.23,PAID
PAY000065,O000067,2024-03-02,261133.26,PAID
PAY000066,O000068,2024-03-12,285998.52,PAID
PAY000067,O000069,2024-03-02,248879.41,PAID
PAY000068,O000070,2024-03-29,183410.64,PAID
PAY000069,O000071,2024-03-14,1203.26,PARTIAL
PAY000070,O000073,2024-02-25,51203.61,PAID
PAY000071,O000074,2024-03-22,26072.37,PARTIAL
PAY000072,O000075,2024-02-21,35583.45,PAID
PAY000073,O000076,2024-02-22,3510.91,PAID
PAY000074,O000077,2024-03-23,14597.82,PAID
PAY000075,O000078,2024-03-23,9970.41,PAID
PAY000076,O000079,2024-04-07,206680.78,PAID
PAY000077,O000080,2024-02-18,246037.64,PAID
PAY000078,O000081,2024-02-21,73145.79,PAID
PAY000079,O000082,2024-03-04,223609.57,PAID
PAY000080,O000083,2024-03-04,21768.83,PAID
PAY000081,O000084,2024-03-25,34153.22,PAID
PAY000082,O000085,2024-03-24,15832.38,PARTIAL
PAY000083,O000086,2024-03-19,1409.05,PAID
PAY000084,O000087,2024-03-12,12300.55,PARTIAL
PAY000085,O000088,2024-03-04,15221.87,PARTIAL
PAY000086,O000089,2024-03-30,9483.51,PARTIAL
PAY000087,O000090,2024-03-31,32587.43,PAID
PAY000088,O000091,2024-03-08,8602.85,PAID
PAY000089,O000093,2024-03-05,38606.88,PAID
PAY000090,O000094,2024-03-28,16690.63,PAID
PAY000091,O000095,2024-04-25,243466.5,PAID
PAY000092,O000096,2024-04-07,184988.04,PAID
PAY000093,O000098,2024-04-17,105924.52,PAID
PAY000094,O000099,2024-03-23,130019.57,PAID
PAY000095,O000100,2024-03-19,65363.91,PARTIAL
PAY000096,O000101,2024-04-09,205511.87,PAID
PAY000097,O000102,2024-04-02,45376.65,PAID
PAY000098,O000103,2024-04-11,6296.51,PAID
PAY000099,O000104,2024-03-27,10026.17,PAID
PAY000100,O000105,2024-03-26,42537.03,PAID
PAY000101,O000106,2024-04-04,8886.06,PARTIAL
PAY000102,O000107,2024-04-28,9440.65,PAID
PAY000103,O000108,2024-04-03,630.63,PAID
PAY000104,O000109,2024-04-21,50182.6,PAID
PAY000105,O000110,2024-03-24,9023.38,PAID
PAY000106,O000111,2024-04-15,6425.75,PAID
PAY000107,O000112,2024-04-08,6207.73,PAID
PAY000108,O000113,2024-04-17,28474.82,PAID
PAY000109,O000114,2024-04-02,27490.34,PAID
PAY000110,O000115,2024-04-01,14186.25,PAID
PAY000111,O000117,2024-04-02,28253.35,PAID
PAY000112,O000118,2024-04-06,11832.46,PAID
PAY000113,O000119,2024-04-22,6677.28,PAID
PAY000114,O000120,2024-04-21,83527.6,PAID
PAY000115,O000122,2024-03-29,25382.74,PAID
PAY000116,O000123,2024-03-17,145517.76,PAID
PAY000117,O000124,2024-03-26,546520.25,PAID
PAY000118,O000125,2024-04-19,309420.39,PAID
PAY000119,O000126,2024-04-15,25388.56,PAID
PAY000120,O000127,2024-04-06,30300.39,PAID
PAY000121,O000128,2024-04-28,42441.42,PAID
PAY000122,O000129,2024-04-10,15992.08,PARTIAL
PAY000123,O000130,2024-05-02,32488.73,PAID
PAY000124,O000131,2024-03-28,61329.21,PAID
PAY000125,O000132,2024-04-07,3233.08,PAID
PAY000126,O000133,2024-03-14,6520.16,PARTIAL
PAY000127,O000134,2024-03-30,6254.13,PARTIAL
PAY000128,O000135,2024-04-28,175053.75,PAID
PAY000129,O000136,2024-04-23,88019.79,PAID
PAY000130,O000137,2024-04-03,189659.83,PAID
PAY000131,O000138,2024-03-19,424302.68,PAID
PAY000132,O000139,2024-04-03,77446.64,PAID
PAY000133,O000140,2024-03-21,3899.83,PAID
PAY000134,O000141,2024-04-22,17655.75,PAID
PAY000135,O000142,2024-03-19,43663.19,PAID
PAY000136,O000143,2024-04-11,7751.21,PAID
PAY000137,O000144,2024-04-09,28340.82,PAID
PAY000138,O000146,2024-04-07,38850.7,PAID
PAY000139,O000147,2024-04-03,10938.03,PAID
PAY000140,O000148,2024-03-31,27043.86,PAID
PAY000141,O000149,2024-04-25,209063.12,PAID
PAY000142,O000150,2024-03-30,248511.76,PAID
PAY000143,O000151,2024-04-09,17802.09,PAID
PAY000144,O000152,2024-04-05,5999.07,PAID
PAY000145,O000153,2024-04-23,1694.02,PAID
PAY000146,O000155,2024-03-21,8630.15,PAID
PAY000147,O000156,2024-04-20,346366.83,PAID
PAY000148,O000157,2024-04-28,110109.42,PARTIAL
PAY000149,O000158,2024-05-09,59801.7,PAID
PAY000150,O000159,2024-05-07,70741.43,PAID
PAY000151,O000160,2024-04-29,71488.4,PARTIAL
PAY000152,O000161,2024-04-17,306717.8,PAID
PAY000153,O000162,2024-05-04,78457.43,PARTIAL
PAY000154,O000163,2024-05-07,21704.3,PAID
PAY000155,O000164,2024-05-28,21390.42,PAID
PAY000156,O000166,2024-05-26,22119.37,PARTIAL
PAY000157,O000167,2024-05-19,26158.23,PAID
PAY000158,O000168,2024-05-12,11016.28,PAID
PAY000159,O000169,2024-06-01,18201.21,PARTIAL
PAY000160,O000170,2024-04-14,17044.7,PARTIAL
PAY000161,O000171,2024-05-31,19440.21,PAID
PAY000162,O000172,2024-04-28,34560.22,PAID
PAY000163,O000173,2024-04-23,9948.97,PAID
PAY000164,O000174,2024-04-15,11372.44,PAID
PAY000165,O000175,2024-05-10,23659.68,PAID
PAY000166,O000176,2024-05-22,23099.78,PAID
PAY000167,O000177,2024-05-21,27563.31,PAID
PAY000168,O000178,2024-05-15,4496.35,PAID
PAY000169,O000179,2024-05-08,5863.39,PAID
PAY000170,O000180,2024-04-20,139654.62,PARTIAL
PAY000171,O000181,2024-04-24,72461.31,PAID
PAY000172,O000182,2024-04-30,119293.32,PAID
PAY000173,O000183,2024-05-16,7571.85,PAID
PAY000174,O000184,2024-05-09,122843.33,PAID
PAY000175,O000185,2024-04-19,41481.76,PAID
PAY000176,O000186,2024-04-27,34565.69,PAID
PAY000177,O000187,2024-05-12,15307.26,PAID
PAY000178,O000189,2024-05-06,22961.26,PARTIAL
PAY000179,O000190,2024-05-14,6562.03,PARTIAL
PAY000180,O000191,2024-04-21,9637.88,PARTIAL
PAY000181,O000192,2024-05-20,24562.42,PAID
PAY000182,O000193,2024-05-17,12735.94,PAID
PAY000183,O000194,2024-05-08,9791.88,PAID
PAY000184,O000195,2024-05-04,122678.55,PAID
PAY000185,O000196,2024-05-13,127948.42,PAID
PAY000186,O000198,2024-04-18,72188.61,PAID
PAY000187,O000199,2024-05-24,147195.14,PAID
PAY000188,O000200,2024-05-24,216882.82,PAID
PAY000189,O000201,2024-05-12,38300.32,PAID
PAY000190,O000202,2024-05-03,20988.85,PARTIAL
PAY000191,O000203,2024-05-09,16943.08,PAID
PAY000192,O000204,2024-04-30,15609.69,PARTIAL
PAY000193,O000205,2024-05-20,15141.73,PARTIAL
PAY000194,O000206,2024-05-24,19720.53,PARTIAL
PAY000195,O000208,2024-04-24,42495.49,PAID
PAY000196,O000209,2024-05-07,14606.63,PARTIAL
PAY000197,O000210,2024-04-19,7256.86,PAID
PAY000198,O000211,2024-04-16,18697.75,PAID
PAY000199,O000212,2024-04-25,15975.17,PAID
PAY000200,O000213,2024-04-23,35956.26,PARTIAL
PAY000201,O000214,2024-04-23,221369.39,PAID
PAY000202,O000215,2024-05-11,22533.5,PAID
PAY000203,O000216,2024-05-13,37098.32,PARTIAL
PAY000204,O000217,2024-05-13,38292.02,PAID
PAY000205,O000218,2024-04-26,6446.11,PAID
PAY000206,O000219,2024-05-11,9720.26,PARTIAL
PAY000207,O000220,2024-05-27,68221.27,PAID
PAY000208,O000221,2024-06-07,117806.24,PAID
PAY000209,O000222,2024-06-07,199005.7,PAID
PAY000210,O000224,2024-06-04,18557.09,PAID
PAY000211,O000225,2024-06-23,233877.61,PAID
PAY000212,O000226,2024-05-31,160817.36,PAID
PAY000213,O000227,2024-06-02,12816.15,PAID
PAY000214,O000228,2024-06-07,38877.53,PAID
PAY000215,O000229,2024-06-07,3991.41,PAID
PAY000216,O000230,2024-05-30,32942.8,PARTIAL
PAY000217,O000231,2024-05-21,45737.03,PAID
PAY000218,O000232,2024-06-07,19655.33,PARTIAL
PAY000219,O000233,2024-06-15,30839.67,PARTIAL
PAY000220,O000234,2024-06-21,1420.91,PAID
PAY000221,O000235,2024-06-12,10316.71,PARTIAL
PAY000222,O000236,2024-06-15,29026.15,PAID
PAY000223,O000238,2024-06-18,28671.31,PARTIAL
PAY000224,O000239,2024-06-08,19029.25,PAID
PAY000225,O000241,2024-06-14,15296.68,PARTIAL
PAY000226,O000242,2024-06-03,8387.08,PAID
PAY000227,O000243,2024-06-03,26826.78,PAID
PAY000228,O000244,2024-06-03,4358.06,PARTIAL
PAY000229,O000245,2024-06-18,24151.74,PAID
PAY000230,O000246,2024-06-06,80245.3,PAID
PAY000231,O000247,2024-06-16,79713.3,PAID
PAY000232,O000248,2024-06-07,160252.83,PAID
PAY000233,O000249,2024-06-11,136713.07,PARTIAL
PAY000234,O000250,2024-06-13,49345.76,PAID
PAY000235,O000251,2024-07-03,28292.66,PARTIAL
PAY000236,O000252,2024-06-05,41645.23,PAID
PAY000237,O000253,2024-05-28,45369.55,PAID
PAY000238,O000254,2024-05-28,41815.39,PAID
PAY000239,O000255,2024-06-07,12433.21,PARTIAL
PAY000240,O000256,2024-06-27,8199.54,PAID
PAY000241,O000257,2024-05-27,2921.11,PARTIAL
PAY000242,O000258,2024-06-06,11435.25,PARTIAL
PAY000243,O000259,2024-06-03,11693.81,PAID
PAY000244,O000260,2024-05-18,10656.0,PARTIAL
PAY000245,O000261,2024-06-05,233504.71,PAID
PAY000246,O000262,2024-06-12,145976.14,PAID
PAY000247,O000263,2024-05-16,127605.22,PARTIAL
PAY000248,O000264,2024-06-08,151794.14,PAID
PAY000249,O000266,2024-06-16,19792.33,PARTIAL
PAY000250,O000267,2024-06-13,8540.5,PAID
PAY000251,O000268,2024-06-12,16523.34,PAID
PAY000252,O000270,2024-05-28,44205.24,PAID
PAY000253,O000271,2024-06-12,22575.92,PAID
PAY000254,O000272,2024-05-28,13343.91,PAID
PAY000255,O000273,2024-06-25,20356.55,PAID
PAY000256,O000274,2024-06-10,6836.25,PARTIAL
PAY000257,O000275,2024-05-30,23628.75,PAID
PAY000258,O000276,2024-06-07,16256.78,PAID
PAY000259,O000277,2024-06-07,242247.1,PAID
PAY000260,O000278,2024-06-09,99016.69,PAID
PAY000261,O000279,2024-07-05,12256.73,PARTIAL
PAY000262,O000280,2024-06-28,37072.99,PAID
PAY000263,O000281,2024-07-01,41131.75,PAID
PAY000264,O000282,2024-06-23,1646.81,PAID
PAY000265,O000283,2024-07-05,213304.29,PAID
PAY000266,O000284,2024-06-17,142859.72,PAID
PAY000267,O000285,2024-07-01,58138.85,PAID
PAY000268,O000286,2024-06-25,165700.83,PAID
PAY000269,O000287,2024-07-18,187924.19,PARTIAL
PAY000270,O000288,2024-07-17,250359.94,PAID
PAY000271,O000289,2024-06-20,268383.0,PAID
PAY000272,O000291,2024-07-08,89650.78,PAID
PAY000273,O000292,2024-07-27,55076.0,PARTIAL
PAY000274,O000293,2024-07-14,25517.52,PAID
PAY000275,O000294,2024-07-14,38842.93,PAID
PAY000276,O000295,2024-07-28,10982.71,PARTIAL
PAY000277,O000296,2024-07-04,46733.37,PAID
PAY000278,O000297,2024-07-29,40724.24,PAID
PAY000279,O000298,2024-07-19,43831.4,PAID
PAY000280,O000299,2024-07-02,3904.38,PAID
PAY000281,O000300,2024-07-10,18473.68,PAID
PAY000282,O000301,2024-07-14,4195.1,PAID
PAY000283,O000302,2024-07-25,36508.48,PAID
PAY000284,O000303,2024-07-13,33730.83,PAID
PAY000285,O000304,2024-07-26,18967.67,PAID
PAY000286,O000305,2024-07-05,10218.06,PAID
PAY000287,O000308,2024-07-23,93012.24,PAID
PAY000288,O000309,2024-07-24,266094.2,PAID
PAY000289,O000310,2024-06-30,89399.86,PAID
PAY000290,O000311,2024-07-18,186669.61,PAID
PAY000291,O000312,2024-07-14,270354.62,PAID
PAY000292,O000313,2024-07-17,156899.9,PAID
PAY000293,O000314,2024-07-22,34229.66,PAID
PAY000294,O000315,2024-06-27,19298.49,PAID
PAY000295,O000316,2024-07-13,30668.56,PAID
PAY000296,O000317,2024-07-05,10347.91,PAID
PAY000297,O000318,2024-07-25,24520.41,PAID
PAY000298,O000319,2024-06-15,25570.59,PAID
PAY000299,O000320,2024-07-03,35418.21,PAID
PAY000300,O000322,2024-07-22,20656.38,PAID
PAY000301,O000323,2024-07-20,6479.28,PARTIAL
PAY000302,O000324,2024-07-24,12944.67,PARTIAL
PAY000303,O000325,2024-07-25,3293.74,PAID
PAY000304,O000326,2024-06-30,150509.08,PAID
PAY000305,O000327,2024-06-27,55504.81,PARTIAL
PAY000306,O000329,2024-06-20,221779.81,PAID
PAY000307,O000330,2024-06-19,51304.04,PARTIAL
PAY000308,O000331,2024-07-05,16454.48,PAID
PAY000309,O000332,2024-06-30,31073.91,PAID
PAY000310,O000333,2024-07-29,27467.59,PAID
PAY000311,O000334,2024-07-28,34047.12,PAID
PAY000312,O000335,2024-07-02,31835.46,PAID
PAY000313,O000336,2024-07-10,5441.26,PAID
PAY000314,O000337,2024-07-30,5411.77,PAID
PAY000315,O000338,2024-06-24,22323.86,PAID
PAY000316,O000339,2024-08-04,29648.67,PAID
PAY000317,O000340,2024-07-12,48550.66,PAID
PAY000318,O000341,2024-07-27,25243.79,PAID
PAY000319,O000342,2024-08-01,28018.82,PAID
PAY000320,O000343,2024-07-28,50486.65,PARTIAL
PAY000321,O000344,2024-07-28,172217.84,PAID
PAY000322,O000345,2024-07-07,22421.35,PAID
PAY000323,O000346,2024-07-02,11239.66,PARTIAL
PAY000324,O000347,2024-07-24,16564.18,PARTIAL
PAY000325,O000348,2024-08-06,6805.98,PAID
PAY000326,O000349,2024-08-13,92770.38,PAID
PAY000327,O000350,2024-08-15,87803.89,PAID
PAY000328,O000351,2024-08-21,157582.54,PAID
PAY000329,O000352,2024-07-15,114718.31,PARTIAL
PAY000330,O000353,2024-08-05,110747.99,PAID
PAY000331,O000354,2024-08-05,2339.69,PAID
PAY000332,O000355,2024-08-03,10843.67,PARTIAL
PAY000333,O000356,2024-07-24,25870.54,PAID
PAY000334,O000358,2024-08-15,39462.34,PAID
PAY000335,O000359,2024-08-03,43138.15,PAID
PAY000336,O000360,2024-08-16,19270.41,PAID
PAY000337,O000361,2024-07-26,12705.76,PAID
PAY000338,O000364,2024-08-21,12054.51,PAID
PAY000339,O000365,2024-07-27,9225.94,PAID
PAY000340,O000366,2024-08-02,12202.4,PARTIAL
PAY000341,O000367,2024-08-17,12839.06,PARTIAL
PAY000342,O000368,2024-08-04,17080.38,PAID
PAY000343,O000369,2024-08-06,8830.89,PARTIAL
PAY000344,O000370,2024-08-23,6499.82,PARTIAL
PAY000345,O000371,2024-09-02,143695.19,PAID
PAY000346,O000372,2024-08-05,182217.56,PAID
PAY000347,O000373,2024-08-06,66533.28,PAID
PAY000348,O000374,2024-08-29,193519.82,PAID
PAY000349,O000375,2024-07-14,3994.76,PAID
PAY000350,O000376,2024-07-26,21301.83,PAID
PAY000351,O000378,2024-09-03,21570.35,PARTIAL
PAY000352,O000379,2024-07-13,21253.96,PAID
PAY000353,O000380,2024-08-18,34844.04,PAID
PAY000354,O000381,2024-08-17,14298.18,PARTIAL
PAY000355,O000382,2024-08-02,2332.03,PAID
PAY000356,O000383,2024-07-20,17040.11,PARTIAL
PAY000357,O000384,2024-07-22,7937.17,PAID
PAY000358,O000385,2024-08-19,216375.77,PAID
PAY000359,O000386,2024-07-31,213822.04,PAID
PAY000360,O000387,2024-08-31,107538.63,PARTIAL
PAY000361,O000388,2024-08-17,360628.04,PAID
PAY000362,O000389,2024-07-20,510634.72,PAID
PAY000363,O000390,2024-09-01,11019.01,PARTIAL
PAY000364,O000391,2024-07-17,28457.84,PAID
PAY000365,O000392,2024-08-10,8774.71,PARTIAL
PAY000366,O000393,2024-08-19,2856.27,PARTIAL
PAY000367,O000394,2024-08-14,8674.1,PARTIAL
PAY000368,O000395,2024-08-08,6603.27,PAID
PAY000369,O000396,2024-08-27,26353.25,PAID
PAY000370,O000397,2024-07-22,13445.03,PAID
PAY000371,O000398,2024-07-27,23068.08,PAID
PAY000372,O000399,2024-08-22,12833.6,PAID
PAY000373,O000400,2024-07-26,29237.39,PAID
PAY000374,O000401,2024-08-08,15928.05,PAID
PAY000375,O000402,2024-07-21,7469.93,PAID
PAY000376,O000403,2024-08-15,29434.88,PAID
PAY000377,O000404,2024-07-22,18977.5,PAID
PAY000378,O000405,2024-09-12,150516.48,PARTIAL
PAY000379,O000406,2024-08-13,103811.35,PAID
PAY000380,O000407,2024-09-23,79488.53,PARTIAL
PAY000381,O000408,2024-09-09,446344.76,PAID
PAY000382,O000409,2024-09-03,124309.46,PAID
PAY000383,O000410,2024-09-13,106474.58,PARTIAL
PAY000384,O000411,2024-09-11,255847.36,PAID
PAY000385,O000412,2024-09-04,178825.77,PAID
PAY000386,O000413,2024-09-11,362394.12,PAID
PAY000387,O000414,2024-08-15,7803.29,PAID
PAY000388,O000415,2024-08-28,65369.92,PAID
PAY000389,O000416,2024-08-25,40702.79,PAID
PAY000390,O000417,2024-08-19,26634.88,PAID
PAY000391,O000418,2024-09-19,40776.59,PAID
PAY000392,O000419,2024-09-01,24474.45,PAID
PAY000393,O000420,2024-08-24,23695.76,PAID
PAY000394,O000421,2024-09-04,25925.33,PAID
PAY000395,O000422,2024-09-22,12876.13,PAID
PAY000396,O000423,2024-08-18,13332.44,PAID
PAY000397,O000424,2024-09-11,14099.25,PAID
PAY000398,O000425,2024-08-29,17260.95,PAID
PAY000399,O000426,2024-09-02,8419.7,PARTIAL
PAY000400,O000427,2024-08-27,9635.86,PAID
PAY000401,O000428,2024-09-25,298436.37,PAID
PAY000402,O000429,2024-10-03,76019.49,PAID
PAY000403,O000430,2024-09-28,214599.33,PAID
PAY000404,O000431,2024-09-24,176271.92,PAID
PAY000405,O000434,2024-09-20,23284.95,PAID
PAY000406,O000435,2024-09-15,64960.31,PAID
PAY000407,O000436,2024-08-30,19884.03,PAID
PAY000408,O000437,2024-09-29,17097.87,PAID
PAY000409,O000438,2024-09-09,42262.04,PAID
PAY000410,O000439,2024-09-03,36062.64,PAID
PAY000411,O000440,2024-09-12,35316.64,PAID
PAY000412,O000441,2024-08-30,34810.55,PAID
PAY000413,O000442,2024-09-16,7133.89,PAID
PAY000414,O000443,2024-09-20,55264.76,PAID
PAY000415,O000444,2024-09-11,27276.33,PAID
PAY000416,O000445,2024-09-14,113634.66,PARTIAL
PAY000417,O000446,2024-09-11,252508.41,PAID
PAY000418,O000447,2024-09-10,433.45,PARTIAL
PAY000419,O000448,2024-09-11,38758.95,PARTIAL
PAY000420,O000449,2024-09-10,4982.3,PARTIAL
PAY000421,O000450,2024-09-02,6681.45,PARTIAL
PAY000422,O000451,2024-09-07,12566.16,PAID
PAY000423,O000452,2024-09-08,47524.27,PAID
PAY000424,O000453,2024-09-09,25309.65,PAID
PAY000425,O000454,2024-09-19,21162.01,PARTIAL
PAY000426,O000455,2024-09-04,20698.67,PAID
PAY000427,O000456,2024-09-29,9355.15,PARTIAL
PAY000428,O000457,2024-09-07,32285.76,PARTIAL
PAY000429,O000458,2024-09-10,21605.81,PAID
PAY000430,O000459,2024-09-10,41229.34,PAID
PAY000431,O000460,2024-09-05,6457.61,PARTIAL
PAY000432,O000461,2024-08-13,14433.96,PAID
PAY000433,O000462,2024-10-15,92732.21,PARTIAL
PAY000434,O000463,2024-09-20,221056.03,PAID
PAY000435,O000464,2024-10-01,33300.61,PAID
PAY000436,O000465,2024-10-21,87796.3,PAID
PAY000437,O000466,2024-10-20,38838.95,PAID
PAY000438,O000467,2024-10-08,267257.58,PAID
PAY000439,O000468,2024-10-07,223439.27,PAID
PAY000440,O000469,2024-10-07,51725.26,PAID
PAY000441,O000470,2024-10-12,486524.6,PAID
PAY000442,O000471,2024-09-30,35876.42,PAID
PAY000443,O000472,2024-10-07,20111.81,PAID
PAY000444,O000473,2024-10-14,21049.38,PAID
PAY000445,O000474,2024-10-13,9728.87,PARTIAL
PAY000446,O000475,2024-10-24,17889.31,PARTIAL
PAY000447,O000476,2024-10-05,56895.96,PAID
PAY000448,O000477,2024-10-23,4831.0,PAID
PAY000449,O000478,2024-10-06,14313.92,PARTIAL
PAY000450,O000479,2024-10-08,12911.33,PAID
PAY000451,O000480,2024-10-12,19740.58,PAID
PAY000452,O000481,2024-10-21,59064.4,PAID
PAY000453,O000482,2024-09-29,19821.03,PARTIAL
PAY000454,O000484,2024-09-19,20377.84,PAID
PAY000455,O000485,2024-10-05,28848.47,PAID
PAY000456,O000486,2024-10-01,20968.9,PAID
PAY000457,O000487,2024-10-22,15675.79,PAID
PAY000458,O000488,2024-10-27,12593.32,PAID
PAY000459,O000489,2024-10-10,7669.86,PARTIAL
PAY000460,O000490,2024-10-16,90558.72,PAID
PAY000461,O000492,2024-10-01,3799.53,PAID
PAY000462,O000494,2024-10-13,371325.82,PAID
PAY000463,O000495,2024-10-18,426903.77,PAID
PAY000464,O000496,2024-10-15,21007.02,PAID
PAY000465,O000497,2024-10-09,25011.66,PAID
PAY000466,O000498,2024-10-14,4933.58,PARTIAL
PAY000467,O000499,2024-10-18,30334.18,PAID
PAY000468,O000500,2024-10-07,16814.93,PAID
PAY000469,O000501,2024-10-16,12292.25,PARTIAL
PAY000470,O000502,2024-10-18,15498.86,PARTIAL
PAY000471,O000503,2024-10-01,32071.53,PAID
PAY000472,O000504,2024-09-23,22346.27,PAID
PAY000473,O000505,2024-10-01,28314.13,PAID
PAY000474,O000506,2024-10-17,30817.9,PAID
PAY000475,O000507,2024-09-26,6100.98,PAID
PAY000476,O000508,2024-09-14,15737.54,PARTIAL
PAY000477,O000509,2024-10-12,19681.09,PAID
PAY000478,O000510,2024-10-03,8646.5,PAID
PAY000479,O000511,2024-10-08,141725.86,PAID
PAY000480,O000512,2024-10-11,226600.67,PAID
PAY000481,O000513,2024-10-08,75815.23,PAID
PAY000482,O000514,2024-10-13,246070.5,PAID
PAY000483,O000515,2024-09-23,53683.04,PAID
PAY000484,O000516,2024-09-30,259115.35,PAID
PAY000485,O000519,2024-10-05,30324.16,PAID
PAY000486,O000520,2024-10-18,16868.5,PAID
PAY000487,O000521,2024-09-25,52930.71,PAID
PAY000488,O000522,2024-10-22,3706.56,PAID
PAY000489,O000523,2024-09-14,33032.71,PAID
PAY000490,O000524,2024-11-01,32906.02,PAID
PAY000491,O000525,2024-09-28,7479.79,PAID
PAY000492,O000526,2024-10-31,10525.57,PAID
PAY000493,O000527,2024-11-07,19282.62,PAID
PAY000494,O000528,2024-09-28,170568.13,PAID
PAY000495,O000529,2024-10-20,198296.5,PAID
PAY000496,O000530,2024-10-12,448540.62,PAID
PAY000497,O000531,2024-10-20,13511.64,PARTIAL
PAY000498,O000532,2024-10-11,34990.77,PAID
PAY000499,O000533,2024-09-14,8349.33,PAID
PAY000500,O000534,2024-10-19,6829.34,PAID
PAY000501,O000535,2024-10-12,9628.27,PAID
PAY000502,O000537,2024-10-26,75453.7,PARTIAL
PAY000503,O000538,2024-10-30,49128.68,PARTIAL
PAY000504,O000539,2024-11-28,91707.7,PAID
PAY000505,O000540,2024-11-12,137082.6,PAID
PAY000506,O000541,2024-10-26,493876.69,PAID
PAY000507,O000542,2024-11-12,153134.34,PAID
PAY000508,O000543,2024-11-20,48593.02,PARTIAL
PAY000509,O000545,2024-10-24,19541.57,PARTIAL
PAY000510,O000546,2024-10-28,46743.48,PAID
PAY000511,O000547,2024-11-10,13545.6,PARTIAL
PAY000512,O000548,2024-11-11,3135.94,PARTIAL
PAY000513,O000549,2024-10-29,16256.95,PAID
PAY000514,O000550,2024-11-04,26404.09,PAID
PAY000515,O000551,2024-12-01,9274.78,PAID
PAY000516,O000552,2024-11-24,17270.7,PAID
PAY000517,O000553,2024-11-26,3098.75,PAID
PAY000518,O000554,2024-11-11,17581.62,PARTIAL
PAY000519,O000555,2024-11-06,21999.23,PAID
PAY000520,O000556,2024-10-26,8160.82,PAID
PAY000521,O000557,2024-11-17,5676.58,PAID
PAY000522,O000558,2024-11-14,4323.14,PARTIAL
PAY000523,O000559,2024-11-11,1639.29,PAID
PAY000524,O000560,2024-11-11,24136.9,PAID
PAY000525,O000561,2024-11-02,20236.0,PAID
PAY000526,O000562,2024-10-25,15134.49,PAID
PAY000527,O000563,2024-11-10,72668.24,PAID
PAY000528,O000564,2024-11-23,5528.45,PAID
PAY000529,O000565,2024-11-10,143137.49,PAID
PAY000530,O000566,2024-10-24,183519.2,PAID
PAY000531,O000567,2024-11-05,13959.08,PAID
PAY000532,O000568,2024-11-14,39562.18,PAID
PAY000533,O000570,2024-11-23,41658.99,PAID
PAY000534,O000571,2024-10-30,15010.02,PARTIAL
PAY000535,O000572,2024-11-02,9850.81,PARTIAL
PAY000536,O000573,2024-11-06,9617.13,PARTIAL
PAY000537,O000574,2024-11-15,9508.5,PAID
PAY000538,O000575,2024-11-07,22297.67,PAID
PAY000539,O000576,2024-11-11,947.64,PAID
PAY000540,O000577,2024-11-04,19629.3,PAID
PAY000541,O000578,2024-11-04,105891.58,PARTIAL
PAY000542,O000579,2024-10-29,73664.41,PARTIAL
PAY000543,O000580,2024-11-12,48285.04,PAID
PAY000544,O000581,2024-11-01,261197.8,PAID
PAY000545,O000582,2024-11-01,62808.51,PAID
PAY000546,O000583,2024-10-26,142539.61,PARTIAL
PAY000547,O000584,2024-11-10,18282.04,PAID
PAY000548,O000585,2024-11-11,21534.11,PAID
PAY000549,O000586,2024-11-07,7642.64,PAID
PAY000550,O000587,2024-11-07,38219.27,PAID
PAY000551,O000588,2024-10-26,24545.33,PAID
PAY000552,O000589,2024-10-30,43148.39,PAID
PAY000553,O000590,2024-11-01,50503.49,PAID
PAY000554,O000592,2024-11-01,22657.77,PAID
PAY000555,O000593,2024-11-26,25638.87,PAID
PAY000556,O000594,2024-11-01,22309.66,PAID
PAY000557,O000595,2024-11-04,26206.1,PAID
PAY000558,O000596,2024-11-23,31281.09,PAID
PAY000559,O000597,2024-11-09,26402.87,PAID
PAY000560,O000598,2024-11-29,165851.95,PAID
PAY000561,O000600,2024-11-23,134555.4,PAID
PAY000562,O000601,2024-11-13,14365.62,PAID
PAY000563,O000602,2024-10-24,18441.99,PAID
PAY000564,O000603,2024-11-22,34074.33,PAID
PAY000565,O000604,2024-11-07,5666.17,PARTIAL
PAY000566,O000605,2024-12-13,172174.96,PAID
PAY000567,O000606,2024-12-31,75427.29,PAID
PAY000568,O000607,2024-12-23,269524.73,PAID
PAY000569,O000608,2024-11-25,40142.01,PARTIAL
PAY000570,O000609,2024-12-22,92150.78,PAID
PAY000571,O000610,2024-12-09,34215.56,PARTIAL
PAY000572,O000611,2024-12-16,461103.95,PAID
PAY000573,O000612,2024-12-13,480814.14,PAID
PAY000574,O000613,2024-12-01,275432.55,PAID
PAY000575,O000615,2024-12-11,31415.06,PAID
PAY000576,O000616,2024-12-18,29394.41,PAID
PAY000577,O000617,2024-12-13,10523.93,PAID
PAY000578,O000618,2024-12-16,10322.92,PAID
PAY000579,O000619,2024-12-06,33590.47,PAID
PAY000580,O000621,2024-12-11,39524.53,PAID
PAY000581,O000622,2024-12-25,21280.12,PAID
PAY000582,O000623,2024-12-08,20659.17,PAID
PAY000583,O000624,2024-11-13,26375.29,PAID
PAY000584,O000625,2024-12-11,53782.82,PAID
PAY000585,O000626,2024-12-14,21671.12,PAID
PAY000586,O000627,2024-12-15,3787.73,PAID
PAY000587,O000630,2024-12-20,15160.24,PAID
PAY000588,O000631,2024-11-29,200767.24,PAID
PAY000589,O000632,2024-12-31,15694.43,PAID
PAY000590,O000633,2024-12-26,95633.42,PAID
PAY000591,O000634,2024-11-21,28517.49,PARTIAL
PAY000592,O000635,2024-12-21,95062.78,PARTIAL
PAY000593,O000636,2024-12-07,201588.69,PAID
PAY000594,O000637,2024-12-04,20156.86,PARTIAL
PAY000595,O000638,2024-12-14,22476.0,PAID
PAY000596,O000639,2024-12-15,17325.52,PAID
PAY000597,O000640,2024-12-03,20722.22,PAID
PAY000598,O000641,2024-12-11,16099.82,PAID
PAY000599,O000642,2024-12-08,33630.23,PAID
PAY000600,O000643,2024-12-30,44327.03,PAID
PAY000601,O000644,2024-11-21,26612.46,PAID
PAY000602,O000646,2024-12-09,37897.65,PAID
PAY000603,O000647,2024-12-03,41047.4,PAID
PAY000604,O000648,2024-12-15,25580.43,PAID
PAY000605,O000649,2024-12-09,50981.58,PAID
PAY000606,O000650,2024-12-14,335090.71,PAID
PAY000607,O000651,2025-01-02,86235.98,PARTIAL
PAY000608,O000652,2024-12-13,209015.43,PAID
PAY000609,O000653,2024-12-16,273647.49,PAID
PAY000610,O000654,2024-12-03,18291.41,PAID
PAY000611,O000655,2024-11-30,46949.29,PAID
PAY000612,O000656,2024-12-06,10983.75,PAID
PAY000613,O000657,2024-12-15,7017.34,PARTIAL
PAY000614,O000658,2024-12-07,7314.25,PAID
PAY000615,O000659,2024-12-14,39667.96,PAID
PAY000616,O000660,2024-12-19,967.06,PARTIAL
PAY000617,O000661,2024-12-06,18148.24,PAID
PAY000618,O000662,2024-11-26,23213.73,PAID
PAY000619,O000663,2024-11-27,42905.0,PAID
PAY000620,O000665,2024-12-16,15150.96,PAID
PAY000621,O000666,2024-11-27,11487.4,PARTIAL
PAY000622,O000667,2024-12-15,10136.04,PAID
PAY000623,O000668,2024-11-23,32333.82,PAID
PAY000624,O000669,2024-11-21,55377.39,PAID
PAY000625,O000670,2024-12-16,128190.27,PAID
PAY000626,O000671,2024-12-14,84554.75,PARTIAL
PAY000627,O000672,2024-12-23,27665.38,PAID
PAY000628,O000673,2024-11-19,41630.99,PAID
PAY000629,O000674,2024-11-27,34537.21,PAID
PAY000630,O000675,2024-12-24,10729.58,PAID
PAY000631,O000676,2024-12-15,9677.8,PAID
PAY000632,O000677,2025-01-02,255355.69,PAID
PAY000633,O000679,2025-01-02,117410.41,PARTIAL
PAY000634,O000681,2025-01-17,47955.84,PAID
PAY000635,O000682,2025-01-22,354759.21,PAID
PAY000636,O000683,2025-01-14,156838.25,PAID
PAY000637,O000684,2024-12-30,116598.88,PAID
PAY000638,O000685,2024-12-24,102193.02,PARTIAL
PAY000639,O000686,2025-01-13,253297.95,PAID
PAY000640,O000687,2025-01-23,42661.26,PARTIAL
PAY000641,O000688,2025-01-28,9268.6,PARTIAL
PAY000642,O000689,2024-12-29,19048.11,PAID
PAY000643,O000691,2025-01-06,3073.45,PAID
PAY000644,O000692,2025-01-09,9707.72,PAID
PAY000645,O000693,2025-01-30,43033.82,PAID
PAY000646,O000695,2024-12-23,44729.36,PAID
PAY000647,O000696,2024-12-24,5723.78,PAID
PAY000648,O000697,2025-01-10,47707.02,PAID
PAY000649,O000698,2025-01-22,12737.17,PAID
PAY000650,O000699,2024-12-22,11943.28,PARTIAL
PAY000651,O000700,2024-12-18,12975.73,PARTIAL
PAY000652,O000701,2025-01-14,882.63,PAID
PAY000653,O000702,2025-01-05,2148.91,PARTIAL
PAY000654,O000703,2025-01-18,37054.19,PAID
PAY000655,O000704,2025-01-01,28589.95,PAID
PAY000656,O000705,2024-12-26,20018.65,PAID
PAY000657,O000706,2024-12-30,19642.62,PAID
PAY000658,O000707,2024-12-27,13881.86,PAID
PAY000659,O000708,2025-01-03,16459.36,PARTIAL
PAY000660,O000709,2025-01-27,9935.31,PAID
PAY000661,O000710,2024-12-23,85484.57,PAID
PAY000662,O000711,2025-01-05,179202.28,PAID
PAY000663,O000712,2024-12-24,112228.59,PAID
PAY000664,O000713,2025-01-07,83049.68,PARTIAL
PAY000665,O000714,2025-01-01,7705.33,PAID
PAY000666,O000715,2025-02-02,145041.25,PAID
PAY000667,O000716,2025-02-05,412629.63,PAID
PAY000668,O000717,2025-01-24,36968.64,PAID
PAY000669,O000718,2025-01-17,25295.88,PAID
PAY000670,O000719,2025-01-21,5308.74,PARTIAL
PAY000671,O000720,2024-12-17,29364.12,PAID
PAY000672,O000721,2025-01-14,40367.08,PARTIAL
PAY000673,O000722,2025-02-01,974.15,PARTIAL
PAY000674,O000723,2025-01-07,10092.65,PAID
PAY000675,O000724,2025-01-01,13382.09,PARTIAL
PAY000676,O000725,2025-01-21,46457.41,PAID
PAY000677,O000726,2025-01-28,33849.96,PAID
PAY000678,O000727,2025-01-05,32870.45,PAID
PAY000679,O000728,2025-01-14,26814.15,PAID
PAY000680,O000729,2025-01-23,19278.8,PAID
PAY000681,O000730,2025-01-20,17606.25,PAID
PAY000682,O000731,2025-01-19,105580.78,PAID
PAY000683,O000732,2024-12-20,164261.39,PAID
PAY000684,O000733,2025-01-10,47046.61,PAID
PAY000685,O000734,2024-12-28,194341.74,PAID
PAY000686,O000735,2025-01-13,40166.35,PAID
PAY000687,O000736,2024-12-14,300540.2,PAID
PAY000688,O000737,2025-01-05,221185.46,PAID
PAY000689,O000738,2025-01-18,7938.19,PARTIAL
PAY000690,O000740,2024-12-26,16598.11,PAID
PAY000691,O000741,2025-01-24,7350.31,PAID
PAY000692,O000742,2024-12-23,30595.88,PAID
PAY000693,O000743,2025-01-09,39601.42,PAID
PAY000694,O000744,2025-01-30,5394.3,PARTIAL
PAY000695,O000745,2025-01-05,14843.86,PARTIAL
PAY000696,O000746,2024-12-30,21578.76,PAID
PAY000697,O000747,2025-01-27,36243.89,PAID
PAY000698,O000748,2025-01-15,5611.71,PAID
PAY000699,O000749,2025-01-17,25114.55,PAID
PAY000700,O000750,2025-01-01,25557.54,PAID
PAY000701,O000751,2025-01-18,175021.94,PAID
PAY000702,O000752,2024-12-26,62011.85,PAID
PAY000703,O000753,2025-01-23,186659.49,PAID
PAY000704,O000754,2025-01-03,3023.99,PAID
PAY000705,O000755,2024-12-26,15957.67,PARTIAL
PAY000706,O000756,2025-01-05,10054.56,PAID
PAY000707,O000757,2025-01-31,24352.31,PARTIAL
PAY000708,O000758,2024-12-26,19504.57,PAID
PAY000709,O000761,2025-02-08,140203.45,PAID
PAY000710,O000762,2025-02-06,16750.66,PARTIAL
PAY000711,O000763,2025-01-22,67916.87,PARTIAL
PAY000712,O000764,2025-02-19,286012.9,PAID
PAY000713,O000765,2025-02-03,93601.33,PARTIAL
PAY000714,O000766,2025-01-23,392101.39,PAID
PAY000715,O000767,2025-01-21,59441.22,PARTIAL
PAY000716,O000770,2025-02-17,33943.55,PAID
PAY000717,O000771,2025-03-03,44916.17,PAID
PAY000718,O000772,2025-02-05,31998.42,PAID
PAY000719,O000773,2025-02-09,31728.83,PAID
PAY000720,O000774,2025-02-20,11682.05,PARTIAL
PAY000721,O000775,2025-01-30,10017.72,PAID
PAY000722,O000776,2025-01-31,7394.73,PAID
PAY000723,O000777,2025-02-28,33851.54,PAID
PAY000724,O000779,2025-02-04,3661.66,PAID
PAY000725,O000780,2025-02-02,21892.31,PAID
PAY000726,O000781,2025-01-28,29814.25,PAID
PAY000727,O000782,2025-02-11,12422.43,PARTIAL
PAY000728,O000783,2025-02-03,9887.82,PARTIAL
PAY000729,O000786,2025-02-10,243325.25,PAID
PAY000730,O000788,2025-02-23,92988.59,PAID
PAY000731,O000789,2025-02-15,126696.73,PAID
PAY000732,O000790,2025-01-19,313136.03,PAID
PAY000733,O000791,2025-02-06,98540.79,PARTIAL
PAY000734,O000792,2025-02-14,370321.91,PAID
PAY000735,O000793,2025-02-09,306208.82,PAID
PAY000736,O000794,2025-02-25,48023.1,PAID
PAY000737,O000795,2025-02-10,4745.79,PARTIAL
PAY000738,O000796,2025-03-04,28968.45,PAID
PAY000739,O000797,2025-01-29,46683.06,PAID
PAY000740,O000798,2025-02-03,19464.54,PAID
PAY000741,O000799,2025-02-20,3361.77,PAID
PAY000742,O000801,2025-03-09,10050.68,PARTIAL
PAY000743,O000802,2025-02-25,48292.39,PAID
PAY000744,O000803,2025-03-04,32438.87,PAID
PAY000745,O000804,2025-02-08,21744.93,PAID
PAY000746,O000805,2025-01-25,19918.26,PARTIAL
PAY000747,O000806,2025-01-27,12717.96,PAID
PAY000748,O000807,2025-02-22,8154.41,PAID
PAY000749,O000808,2025-02-12,144485.4,PAID
PAY000750,O000809,2025-02-05,62451.86,PAID
PAY000751,O000810,2025-02-27,49926.02,PAID
PAY000752,O000811,2025-02-02,113463.83,PAID
PAY000753,O000812,2025-02-22,231129.94,PAID
PAY000754,O000813,2025-02-17,68204.95,PAID
PAY000755,O000815,2025-02-05,210501.62,PAID
PAY000756,O000816,2025-02-14,27335.06,PAID
PAY000757,O000817,2025-02-16,10516.69,PAID
PAY000758,O000818,2025-02-12,5215.37,PAID
PAY000759,O000819,2025-02-01,21600.19,PAID
PAY000760,O000820,2025-02-02,42150.57,PAID
PAY000761,O000821,2025-03-02,34122.62,PAID
PAY000762,O000822,2025-02-16,23990.18,PAID
PAY000763,O000823,2025-02-19,8216.66,PARTIAL
PAY000764,O000824,2025-02-21,24472.01,PAID
PAY000765,O000825,2025-02-20,65395.24,PAID
PAY000766,O000826,2025-02-14,167823.0,PAID
PAY000767,O000827,2025-02-03,312901.32,PAID
PAY000768,O000828,2025-02-05,177255.71,PAID
PAY000769,O000829,2025-02-07,187365.81,PAID
PAY000770,O000830,2025-02-27,25871.52,PAID
PAY000771,O000831,2025-02-27,20261.58,PAID
PAY000772,O000832,2025-02-09,694.65,PARTIAL
PAY000773,O000833,2025-02-13,11803.06,PARTIAL
PAY000774,O000834,2025-02-08,42866.55,PAID
PAY000775,O000836,2025-03-04,347923.67,PAID
PAY000776,O000837,2025-03-22,21780.28,PAID
PAY000777,O000839,2025-03-16,100176.42,PAID
PAY000778,O000840,2025-03-20,182157.79,PAID
PAY000779,O000841,2025-03-12,302705.99,PAID
PAY000780,O000842,2025-03-27,67189.34,PARTIAL
PAY000781,O000843,2025-03-09,327050.65,PAID
PAY000782,O000844,2025-04-01,76566.62,PARTIAL
PAY000783,O000845,2025-03-22,341200.81,PAID
PAY000784,O000846,2025-04-08,12581.72,PAID
PAY000785,O000848,2025-03-28,45263.81,PAID
PAY000786,O000849,2025-04-05,15132.0,PAID
PAY000787,O000850,2025-02-13,4599.14,PARTIAL
PAY000788,O000851,2025-03-04,40190.52,PAID
PAY000789,O000852,2025-04-09,16280.42,PAID
PAY000790,O000853,2025-03-15,63163.99,PAID
PAY000791,O000854,2025-03-11,15947.62,PAID
PAY000792,O000855,2025-03-13,22307.22,PAID
PAY000793,O000856,2025-02-26,31247.35,PAID
PAY000794,O000857,2025-03-21,34391.32,PAID
PAY000795,O000858,2025-03-06,17316.34,PAID
PAY000796,O000859,2025-03-11,15527.28,PAID
PAY000797,O000860,2025-03-02,8998.88,PAID
PAY000798,O000861,2025-02-12,149063.19,PAID
PAY000799,O000862,2025-03-16,154271.18,PAID
PAY000800,O000863,2025-02-27,1633.67,PARTIAL
PAY000801,O000864,2025-03-03,299264.75,PAID
PAY000802,O000865,2025-03-09,151940.47,PAID
PAY000803,O000866,2025-02-22,240501.8,PAID
PAY000804,O000867,2025-03-13,299913.87,PAID
PAY000805,O000868,2025-03-21,821.92,PAID
PAY000806,O000869,2025-02-24,13622.51,PAID
PAY000807,O000870,2025-03-28,14448.01,PAID
PAY000808,O000871,2025-03-30,37038.27,PAID
PAY000809,O000872,2025-03-08,28992.7,PAID
PAY000810,O000873,2025-03-19,1569.29,PAID
PAY000811,O000874,2025-02-23,24175.84,PAID
PAY000812,O000875,2025-03-19,33807.23,PAID
PAY000813,O000876,2025-03-18,22527.73,PAID
PAY000814,O000877,2025-03-27,27736.63,PAID
PAY000815,O000878,2025-04-02,121599.07,PAID
PAY000816,O000879,2025-03-12,211273.92,PAID
PAY000817,O000880,2025-03-05,147491.67,PARTIAL
PAY000818,O000881,2025-03-20,367841.09,PAID
PAY000819,O000882,2025-03-02,397296.62,PAID
PAY000820,O000883,2025-03-02,19739.79,PAID
PAY000821,O000884,2025-03-22,26882.08,PAID
PAY000822,O000886,2025-03-23,19373.66,PAID
PAY000823,O000887,2025-02-14,17316.78,PAID
PAY000824,O000888,2025-03-24,13739.56,PAID
PAY000825,O000890,2025-03-10,18397.29,PARTIAL
PAY000826,O000891,2025-03-31,41086.8,PARTIAL
PAY000827,O000892,2025-03-06,2816.93,PAID
PAY000828,O000893,2025-02-27,6673.83,PAID
PAY000829,O000894,2025-03-07,23132.57,PARTIAL
PAY000830,O000895,2025-03-27,21168.39,PAID
PAY000831,O000896,2025-02-21,29063.59,PAID
PAY000832,O000897,2025-02-18,522.64,PAID
PAY000833,O000898,2025-04-10,132662.22,PAID
PAY000834,O000899,2025-04-04,474403.23,PAID
PAY000835,O000900,2025-04-06,143513.76,PAID
PAY000836,O000901,2025-03-30,77392.64,PAID
PAY000837,O000902,2025-04-10,73450.68,PARTIAL
PAY000838,O000903,2025-04-26,135079.9,PAID
PAY000839,O000904,2025-03-30,277484.27,PAID
PAY000840,O000905,2025-04-25,173463.89,PAID
PAY000841,O000906,2025-03-27,140455.91,PARTIAL
PAY000842,O000907,2025-04-10,380268.38,PAID
PAY000843,O000908,2025-04-08,358348.85,PARTIAL
PAY000844,O000909,2025-04-03,402617.47,PAID
PAY000845,O000910,2025-04-04,50697.57,PAID
PAY000846,O000911,2025-04-01,22037.09,PAID
PAY000847,O000912,2025-04-22,1670.92,PARTIAL
PAY000848,O000913,2025-03-24,44487.56,PAID
PAY000849,O000914,2025-04-15,24100.4,PAID
PAY000850,O000915,2025-04-18,3587.37,PAID
PAY000851,O000916,2025-04-03,7660.42,PAID
PAY000852,O000917,2025-04-07,14387.54,PARTIAL
PAY000853,O000918,2025-04-12,12646.56,PARTIAL
PAY000854,O000919,2025-04-10,36708.07,PAID
PAY000855,O000920,2025-03-15,17009.45,PARTIAL
PAY000856,O000921,2025-03-27,36373.67,PAID
PAY000857,O000922,2025-04-20,10808.44,PARTIAL
PAY000858,O000923,2025-04-04,7204.17,PARTIAL
PAY000859,O000924,2025-04-22,11608.74,PAID
PAY000860,O000925,2025-04-17,15107.56,PAID
PAY000861,O000926,2025-04-20,186581.12,PAID
PAY000862,O000927,2025-04-21,24602.23,PARTIAL
PAY000863,O000928,2025-04-20,152168.54,PAID
PAY000864,O000929,2025-03-11,125076.32,PAID
PAY000865,O000930,2025-03-29,90665.5,PARTIAL
PAY000866,O000931,2025-04-28,294396.96,PAID
PAY000867,O000932,2025-04-03,100111.01,PAID
PAY000868,O000933,2025-04-05,73647.27,PAID
PAY000869,O000934,2025-04-22,23753.9,PAID
PAY000870,O000935,2025-03-18,189757.11,PAID
PAY000871,O000936,2025-03-31,224646.78,PAID
PAY000872,O000937,2025-04-10,88942.3,PAID
PAY000873,O000938,2025-04-02,31146.91,PAID
PAY000874,O000939,2025-03-26,18413.24,PARTIAL
PAY000875,O000940,2025-04-29,16754.17,PAID
PAY000876,O000941,2025-04-22,21730.92,PAID
PAY000877,O000942,2025-04-22,15954.54,PARTIAL
PAY000878,O000943,2025-04-01,11283.46,PAID
PAY000879,O000944,2025-04-05,11380.02,PAID
PAY000880,O000945,2025-04-20,27310.31,PARTIAL
PAY000881,O000946,2025-03-31,16493.6,PAID
PAY000882,O000947,2025-04-09,2025.96,PARTIAL
PAY000883,O000948,2025-04-19,16856.51,PAID
PAY000884,O000950,2025-04-05,19465.42,PAID
PAY000885,O000951,2025-04-11,5343.7,PARTIAL
PAY000886,O000952,2025-04-08,176978.84,PAID
PAY000887,O000953,2025-03-18,250047.41,PAID
PAY000888,O000954,2025-04-14,31681.43,PAID
PAY000889,O000955,2025-04-03,306776.84,PAID
PAY000890,O000956,2025-04-18,19075.53,PAID
PAY000891,O000957,2025-03-26,176383.01,PAID
PAY000892,O000958,2025-04-22,6389.94,PARTIAL
PAY000893,O000959,2025-04-28,12710.87,PAID
PAY000894,O000960,2025-03-27,47926.66,PAID
PAY000895,O000961,2025-03-24,9678.43,PAID
PAY000896,O000962,2025-04-11,10406.64,PARTIAL
PAY000897,O000963,2025-04-23,21121.82,PAID
PAY000898,O000964,2025-04-17,37922.57,PAID
PAY000899,O000965,2025-04-29,28438.66,PAID
PAY000900,O000966,2025-05-04,7905.66,PARTIAL
PAY000901,O000967,2025-03-24,12938.22,PARTIAL
PAY000902,O000968,2025-04-09,88672.25,PAID
PAY000903,O000969,2025-04-17,119783.91,PAID
PAY000904,O000970,2025-04-21,147381.86,PAID
PAY000905,O000972,2025-04-01,44613.51,PAID
PAY000906,O000973,2025-03-25,22523.68,PAID
PAY000907,O000974,2025-04-14,8779.46,PAID
PAY000908,O000975,2025-03-26,4608.29,PAID
PAY000909,O000976,2025-04-10,17833.95,PAID
PAY000910,O000977,2025-04-03,15928.73,PAID
PAY000911,O000978,2025-04-05,2095.2,PARTIAL
PAY000912,O000980,2025-04-30,210912.52,PAID
PAY000913,O000981,2025-06-02,70798.8,PAID
PAY000914,O000982,2025-06-01,163081.19,PAID
PAY000915,O000983,2025-05-02,88943.64,PAID
PAY000916,O000984,2025-04-18,27620.09,PAID
PAY000917,O000985,2025-05-28,202375.73,PAID
PAY000918,O000987,2025-05-02,220551.01,PAID
PAY000919,O000988,2025-04-20,315301.73,PAID
PAY000920,O000991,2025-05-02,162040.64,PAID
PAY000921,O000992,2025-05-08,172554.2,PARTIAL
PAY000922,O000993,2025-05-11,117190.61,PARTIAL
PAY000923,O000994,2025-05-16,5802.5,PAID
PAY000924,O000995,2025-04-25,13337.58,PAID
PAY000925,O000996,2025-06-01,18192.27,PARTIAL
PAY000926,O000998,2025-05-15,48999.01,PAID
PAY000927,O000999,2025-04-23,8224.75,PAID
PAY000928,O001000,2025-05-02,21242.07,PAID
PAY000929,O001001,2025-04-29,47218.61,PAID
PAY000930,O001002,2025-06-03,4333.87,PARTIAL
PAY000931,O001003,2025-05-13,12403.78,PAID
PAY000932,O001004,2025-05-15,26963.97,PAID
PAY000933,O001005,2025-05-16,18593.18,PAID
PAY000934,O001006,2025-05-27,41570.05,PAID
PAY000935,O001007,2025-05-30,66051.38,PAID
PAY000936,O001008,2025-04-12,17082.92,PAID
PAY000937,O001009,2025-05-22,14576.92,PAID
PAY000938,O001011,2025-05-21,26629.06,PAID
PAY000939,O001012,2025-05-16,480092.37,PAID
PAY000940,O001013,2025-05-18,110802.72,PAID
PAY000941,O001014,2025-05-28,99195.75,PAID
PAY000942,O001015,2025-05-20,132341.06,PAID
PAY000943,O001016,2025-04-19,163874.35,PAID
PAY000944,O001017,2025-05-06,13603.31,PAID
PAY000945,O001018,2025-05-17,89389.31,PAID
PAY000946,O001019,2025-05-08,45703.52,PAID
PAY000947,O001020,2025-05-18,181778.78,PAID
PAY000948,O001021,2025-04-23,175596.31,PAID
PAY000949,O001023,2025-05-29,135166.38,PAID
PAY000950,O001024,2025-04-12,17820.88,PAID
PAY000951,O001025,2025-04-26,81912.59,PAID
PAY000952,O001026,2025-05-11,3638.28,PARTIAL
PAY000953,O001027,2025-05-27,1354.76,PAID
PAY000954,O001028,2025-04-27,1186.5,PARTIAL
PAY000955,O001029,2025-05-15,26496.52,PARTIAL
PAY000956,O001030,2025-05-22,3134.07,PAID
PAY000957,O001031,2025-05-24,7968.7,PAID
PAY000958,O001032,2025-05-23,43286.84,PAID
PAY000959,O001033,2025-05-18,18027.13,PAID
PAY000960,O001034,2025-05-30,13567.46,PARTIAL
PAY000961,O001035,2025-05-16,30510.28,PAID
PAY000962,O001036,2025-05-11,13831.85,PAID
PAY000963,O001037,2025-04-22,9056.21,PARTIAL
PAY000964,O001038,2025-05-27,3358.07,PAID
PAY000965,O001039,2025-05-05,11061.96,PAID
PAY000966,O001040,2025-05-08,29728.21,PAID
PAY000967,O001041,2025-04-15,58832.76,PAID
PAY000968,O001042,2025-05-10,45375.45,PARTIAL
PAY000969,O001043,2025-05-25,182068.42,PAID
PAY000970,O001044,2025-05-29,225479.89,PAID
PAY000971,O001045,2025-04-30,22324.83,PAID
PAY000972,O001046,2025-05-14,15624.23,PAID
PAY000973,O001047,2025-04-28,10301.55,PAID
PAY000974,O001048,2025-05-24,39465.42,PAID
PAY000975,O001049,2025-05-14,3802.59,PAID
PAY000976,O001050,2025-04-26,31350.88,PAID
PAY000977,O001051,2025-05-01,35806.48,PAID
PAY000978,O001052,2025-04-16,6108.79,PAID
PAY000979,O001053,2025-05-12,23558.41,PAID
PAY000980,O001054,2025-04-22,98451.13,PARTIAL
PAY000981,O001055,2025-05-05,98565.4,PAID
PAY000982,O001056,2025-04-15,50649.98,PARTIAL
PAY000983,O001057,2025-04-28,72148.02,PAID
PAY000984,O001058,2025-04-28,179483.62,PAID
PAY000985,O001059,2025-04-28,16320.82,PAID
PAY000986,O001060,2025-05-11,6697.86,PAID
PAY000987,O001061,2025-05-09,37456.65,PAID
PAY000988,O001062,2025-06-03,16780.45,PAID
PAY000989,O001063,2025-05-13,11916.1,PAID
PAY000990,O001065,2025-05-06,24189.6,PAID
PAY000991,O001066,2025-05-16,6588.94,PARTIAL
PAY000992,O001067,2025-05-22,274185.74,PAID
PAY000993,O001068,2025-06-28,112140.4,PARTIAL
PAY000994,O001069,2025-06-12,77164.29,PAID
PAY000995,O001070,2025-06-22,220511.62,PAID
PAY000996,O001071,2025-06-07,16634.82,PAID
PAY000997,O001072,2025-05-26,434931.73,PAID
PAY000998,O001074,2025-06-11,222134.59,PAID
PAY000999,O001075,2025-06-02,99582.2,PARTIAL
PAY001000,O001076,2025-06-18,8816.02,PAID
PAY001001,O001077,2025-06-13,37326.53,PAID
PAY001002,O001078,2025-06-08,10885.7,PARTIAL
PAY001003,O001079,2025-06-15,18915.98,PAID
PAY001004,O001080,2025-06-06,46501.8,PAID
PAY001005,O001081,2025-06-23,14145.62,PAID
PAY001006,O001082,2025-06-21,18006.13,PAID
PAY001007,O001083,2025-05-26,16194.07,PAID
PAY001008,O001084,2025-06-23,26798.61,PAID
PAY001009,O001086,2025-06-04,4946.36,PARTIAL
PAY001010,O001087,2025-05-12,18512.06,PAID
PAY001011,O001088,2025-06-05,10529.94,PAID
PAY001012,O001089,2025-06-24,33194.11,PAID
PAY001013,O001090,2025-06-26,6747.43,PAID
PAY001014,O001091,2025-06-01,24005.81,PAID
PAY001015,O001092,2025-05-31,16216.43,PARTIAL
PAY001016,O001093,2025-06-15,12419.12,PAID
PAY001017,O001094,2025-06-04,6399.05,PARTIAL
PAY001018,O001095,2025-06-07,24809.92,PAID
PAY001019,O001096,2025-06-02,15440.83,PAID
PAY001020,O001097,2025-06-14,65277.06,PAID
PAY001021,O001098,2025-06-18,143572.36,PAID
PAY001022,O001099,2025-05-23,87785.28,PAID
PAY001023,O001100,2025-06-23,94268.44,PAID
PAY001024,O001101,2025-06-13,33258.55,PARTIAL
PAY001025,O001102,2025-05-22,264587.74,PAID
PAY001026,O001103,2025-06-03,344830.94,PAID
PAY001027,O001104,2025-05-26,51209.41,PAID
PAY001028,O001105,2025-06-01,42841.07,PARTIAL
PAY001029,O001106,2025-06-08,6158.58,PARTIAL
PAY001030,O001107,2025-06-10,26289.63,PAID
PAY001031,O001108,2025-07-02,17903.67,PARTIAL
PAY001032,O001109,2025-06-17,17610.24,PAID
PAY001033,O001110,2025-06-15,38641.73,PAID
PAY001034,O001111,2025-06-01,41519.13,PAID
PAY001035,O001113,2025-05-28,29187.51,PAID
PAY001036,O001114,2025-06-21,19229.1,PAID
PAY001037,O001116,2025-06-08,18293.25,PAID
PAY001038,O001117,2025-05-31,37076.81,PAID
PAY001039,O001118,2025-07-01,33796.19,PAID
PAY001040,O001119,2025-06-16,94735.13,PAID
PAY001041,O001120,2025-05-13,252190.56,PAID
PAY001042,O001121,2025-05-29,16142.44,PAID
PAY001043,O001122,2025-06-03,129319.2,PAID
PAY001044,O001123,2025-05-29,172378.42,PAID
PAY001045,O001124,2025-06-02,244036.69,PARTIAL
PAY001046,O001125,2025-06-27,46677.81,PARTIAL
PAY001047,O001126,2025-06-17,58866.11,PAID
PAY001048,O001127,2025-06-19,19311.78,PAID
PAY001049,O001128,2025-05-30,10999.91,PARTIAL
PAY001050,O001129,2025-06-18,9208.37,PAID
PAY001051,O001130,2025-05-29,16216.56,PAID
PAY001052,O001131,2025-05-22,35112.92,PAID
PAY001053,O001132,2025-06-02,14623.65,PARTIAL
PAY001054,O001133,2025-06-06,870.4,PARTIAL
PAY001055,O001134,2025-06-13,29954.39,PARTIAL
PAY001056,O001135,2025-06-09,22325.56,PAID
PAY001057,O001136,2025-05-20,31831.22,PAID
PAY001058,O001137,2025-06-22,361873.75,PAID
PAY001059,O001138,2025-06-24,376279.95,PAID
PAY001060,O001139,2025-06-09,182532.65,PAID
PAY001061,O001140,2025-07-01,156745.57,PAID
PAY001062,O001141,2025-05-21,43178.2,PAID
PAY001063,O001142,2025-06-23,31468.26,PAID
PAY001064,O001143,2025-06-06,21578.31,PARTIAL
PAY001065,O001144,2025-06-05,12917.96,PARTIAL
PAY001066,O001145,2025-06-04,12891.18,PAID
PAY001067,O001146,2025-05-20,17061.29,PAID
PAY001068,O001147,2025-06-14,20813.62,PAID
PAY001069,O001148,2025-07-12,42129.13,PARTIAL
PAY001070,O001149,2025-07-24,186599.26,PAID
PAY001071,O001150,2025-07-19,17145.75,PAID
PAY001072,O001151,2025-06-28,92619.23,PARTIAL
PAY001073,O001152,2025-06-25,159665.68,PAID
PAY001074,O001153,2025-07-07,11988.79,PARTIAL
PAY001075,O001154,2025-06-20,31340.52,PARTIAL
PAY001076,O001155,2025-07-15,336797.01,PAID
PAY001077,O001156,2025-06-30,305129.91,PAID
PAY001078,O001157,2025-06-26,74755.91,PAID
PAY001079,O001158,2025-07-11,21522.51,PAID
PAY001080,O001159,2025-07-12,23185.33,PAID
PAY001081,O001160,2025-06-29,19360.26,PAID
PAY001082,O001161,2025-07-24,14799.12,PAID
PAY001083,O001163,2025-06-28,26165.42,PAID
PAY001084,O001164,2025-06-30,48151.04,PAID
PAY001085,O001165,2025-07-19,30621.06,PAID
PAY001086,O001166,2025-06-24,23714.16,PARTIAL
PAY001087,O001167,2025-08-02,8558.55,PAID
PAY001088,O001168,2025-06-29,1184.65,PARTIAL
PAY001089,O001169,2025-06-21,11947.22,PAID
PAY001090,O001170,2025-07-06,12653.19,PAID
PAY001091,O001171,2025-07-07,25873.44,PAID
PAY001092,O001172,2025-07-27,3349.29,PAID
PAY001093,O001173,2025-07-14,24239.56,PAID
PAY001094,O001174,2025-07-06,19848.13,PAID
PAY001095,O001175,2025-06-23,17877.01,PAID
PAY001096,O001176,2025-06-30,120004.39,PAID
PAY001097,O001177,2025-07-07,198000.63,PAID
PAY001098,O001179,2025-07-07,30698.77,PAID
PAY001099,O001180,2025-06-13,169733.57,PAID
PAY001100,O001181,2025-06-29,44194.96,PAID
PAY001101,O001182,2025-07-02,16720.44,PARTIAL
PAY001102,O001183,2025-07-10,129140.07,PAID
PAY001103,O001184,2025-06-22,61129.1,PARTIAL
PAY001104,O001185,2025-07-26,249894.53,PAID
PAY001105,O001186,2025-07-02,134460.76,PAID
PAY001106,O001187,2025-07-21,359555.36,PAID
PAY001107,O001188,2025-07-04,5332.31,PAID
PAY001108,O001189,2025-07-21,5931.76,PAID
PAY001109,O001190,2025-06-19,19150.26,PAID
PAY001110,O001191,2025-07-03,37889.58,PAID
PAY001111,O001192,2025-07-14,50867.01,PARTIAL
PAY001112,O001193,2025-07-26,8912.89,PARTIAL
PAY001113,O001194,2025-07-03,15168.12,PARTIAL
PAY001114,O001195,2025-08-03,2786.73,PARTIAL
PAY001115,O001196,2025-07-26,37410.16,PAID
PAY001116,O001197,2025-07-06,43052.48,PAID
PAY001117,O001198,2025-06-30,3146.37,PARTIAL
PAY001118,O001199,2025-07-13,1053.22,PAID
PAY001119,O001200,2025-07-19,17261.49,PAID
PAY001120,O001201,2025-07-15,106346.94,PAID
PAY001121,O001202,2025-06-24,64165.68,PAID
PAY001122,O001203,2025-07-07,90765.08,PAID
PAY001123,O001204,2025-07-25,114181.97,PAID
PAY001124,O001205,2025-07-06,610364.0,PAID
PAY001125,O001206,2025-07-11,172537.05,PAID
PAY001126,O001207,2025-06-27,10676.8,PARTIAL
PAY001127,O001208,2025-07-24,27331.84,PAID
PAY001128,O001209,2025-07-01,27472.86,PARTIAL
PAY001129,O001210,2025-07-11,5221.28,PAID
PAY001130,O001211,2025-07-02,12254.6,PAID
PAY001131,O001212,2025-06-22,24063.06,PAID
PAY001132,O001213,2025-07-28,56659.66,PAID
PAY001133,O001214,2025-06-27,4177.61,PARTIAL
PAY001134,O001215,2025-07-14,15534.6,PAID
PAY001135,O001216,2025-07-05,19772.35,PARTIAL
PAY001136,O001217,2025-06-19,28146.99,PAID
PAY001137,O001218,2025-07-17,218538.28,PAID
PAY001138,O001219,2025-07-28,286127.42,PAID
PAY001139,O001220,2025-06-29,79739.54,PAID
PAY001140,O001221,2025-06-22,212949.12,PARTIAL
PAY001141,O001222,2025-07-12,58874.14,PAID
PAY001142,O001223,2025-07-16,55374.23,PAID
PAY001143,O001224,2025-07-02,30520.25,PAID
PAY001144,O001225,2025-07-16,22342.54,PAID
PAY001145,O001226,2025-07-12,49751.82,PAID
PAY001146,O001227,2025-06-20,31118.75,PAID
PAY001147,O001228,2025-07-20,24259.34,PAID
PAY001148,O001229,2025-07-05,12365.42,PAID
PAY001149,O001230,2025-08-18,185273.42,PARTIAL
PAY001150,O001231,2025-08-08,183762.27,PARTIAL
PAY001151,O001234,2025-08-11,484831.36,PAID
PAY001152,O001235,2025-08-10,93027.42,PAID
PAY001153,O001236,2025-08-10,134930.14,PARTIAL
PAY001154,O001237,2025-08-19,70438.58,PAID
PAY001155,O001239,2025-08-02,232806.59,PAID
PAY001156,O001240,2025-08-18,102185.43,PAID
PAY001157,O001241,2025-08-20,15773.47,PARTIAL
PAY001158,O001242,2025-08-25,24044.55,PAID
PAY001159,O001243,2025-08-28,7703.72,PAID
PAY001160,O001244,2025-08-21,34580.85,PAID
PAY001161,O001245,2025-08-05,15306.41,PAID
PAY001162,O001246,2025-08-14,20967.39,PAID
PAY001163,O001247,2025-07-30,46279.15,PAID
PAY001164,O001248,2025-08-11,3429.78,PAID
PAY001165,O001249,2025-08-14,32228.3,PAID
PAY001166,O001250,2025-08-05,3669.48,PAID
PAY001167,O001251,2025-08-06,24204.32,PAID
PAY001168,O001252,2025-08-31,10549.9,PAID
PAY001169,O001253,2025-08-20,22852.81,PAID
PAY001170,O001254,2025-08-01,30179.66,PAID
PAY001171,O001255,2025-08-23,13576.47,PAID
PAY001172,O001256,2025-07-29,269190.61,PAID
PAY001173,O001257,2025-07-26,28808.34,PARTIAL
PAY001174,O001258,2025-08-07,177441.96,PAID
PAY001175,O001260,2025-07-30,211105.22,PAID
PAY001176,O001261,2025-08-17,63828.93,PAID
PAY001177,O001262,2025-08-12,143124.17,PAID
PAY001178,O001263,2025-07-29,319532.6,PAID
PAY001179,O001264,2025-08-11,11737.52,PAID
PAY001180,O001267,2025-08-23,33473.02,PAID
PAY001181,O001268,2025-07-29,59982.83,PAID
PAY001182,O001269,2025-08-11,15311.01,PAID
PAY001183,O001270,2025-08-31,16467.83,PAID
PAY001184,O001271,2025-08-08,20060.33,PAID
PAY001185,O001272,2025-08-03,31994.43,PAID
PAY001186,O001273,2025-08-17,30325.02,PAID
PAY001187,O001274,2025-08-13,9540.3,PARTIAL
PAY001188,O001275,2025-08-27,16203.29,PAID
PAY001189,O001276,2025-08-11,7785.78,PARTIAL
PAY001190,O001278,2025-09-02,93602.93,PAID
PAY001191,O001279,2025-09-02,92498.53,PAID
PAY001192,O001280,2025-07-16,60478.73,PARTIAL
PAY001193,O001281,2025-08-06,29274.04,PARTIAL
PAY001194,O001282,2025-07-28,168234.07,PAID
PAY001195,O001283,2025-07-27,78300.28,PAID
PAY001196,O001284,2025-08-06,307078.66,PAID
PAY001197,O001285,2025-08-02,9352.71,PARTIAL
PAY001198,O001286,2025-07-16,74932.41,PAID
PAY001199,O001287,2025-09-04,36691.05,PAID
PAY001200,O001288,2025-07-21,16197.76,PAID
PAY001201,O001289,2025-08-17,30131.04,PAID
PAY001202,O001290,2025-08-06,38757.3,PAID
PAY001203,O001291,2025-07-15,29214.75,PAID
PAY001204,O001292,2025-09-02,1247.84,PAID
PAY001205,O001293,2025-08-04,11588.54,PARTIAL
PAY001206,O001294,2025-08-09,159692.15,PAID
PAY001207,O001295,2025-08-19,148116.85,PAID
PAY001208,O001296,2025-07-23,38235.12,PAID
PAY001209,O001297,2025-08-03,62949.1,PARTIAL
PAY001210,O001298,2025-07-23,98823.97,PAID
PAY001211,O001299,2025-07-19,14947.8,PAID
PAY001212,O001300,2025-07-29,29322.29,PAID
PAY001213,O001301,2025-09-01,44158.37,PAID
PAY001214,O001302,2025-08-04,23277.28,PARTIAL
PAY001215,O001303,2025-08-11,39621.06,PAID
PAY001216,O001304,2025-08-28,9155.14,PAID
PAY001217,O001305,2025-09-26,105246.43,PARTIAL
PAY001218,O001306,2025-08-21,140081.98,PAID
PAY001219,O001307,2025-09-20,454771.37,PAID
PAY001220,O001308,2025-09-05,77831.22,PARTIAL
PAY001221,O001309,2025-08-25,132496.04,PAID
PAY001222,O001310,2025-08-22,68863.85,PARTIAL
PAY001223,O001311,2025-09-24,158184.4,PAID
PAY001224,O001312,2025-09-14,236490.73,PAID
PAY001225,O001314,2025-09-09,116161.81,PARTIAL
PAY001226,O001315,2025-09-10,33628.7,PARTIAL
PAY001227,O001316,2025-09-06,317949.49,PAID
PAY001228,O001317,2025-09-03,10528.05,PAID
PAY001229,O001318,2025-08-20,22696.14,PAID
PAY001230,O001319,2025-08-25,28420.64,PAID
PAY001231,O001320,2025-09-04,28708.74,PAID
PAY001232,O001321,2025-10-02,49896.19,PAID
PAY001233,O001322,2025-08-29,10640.71,PAID
PAY001234,O001323,2025-09-17,44447.93,PAID
PAY001235,O001324,2025-09-09,15512.43,PARTIAL
PAY001236,O001326,2025-09-09,9689.78,PARTIAL
PAY001237,O001327,2025-09-23,24514.61,PAID
PAY001238,O001328,2025-08-19,24859.64,PAID
PAY001239,O001329,2025-08-21,12107.16,PAID
PAY001240,O001330,2025-09-11,3337.79,PAID
PAY001241,O001331,2025-08-26,25581.57,PAID
PAY001242,O001332,2025-09-14,15968.27,PAID
PAY001243,O001333,2025-09-13,14271.7,PAID
PAY001244,O001334,2025-08-26,265077.97,PAID
PAY001245,O001335,2025-09-27,303439.83,PAID
PAY001246,O001336,2025-09-01,286541.68,PAID
PAY001247,O001337,2025-09-08,51020.73,PARTIAL
PAY001248,O001338,2025-09-09,230427.86,PAID
PAY001249,O001339,2025-09-22,306574.35,PAID
PAY001250,O001340,2025-09-16,209838.71,PARTIAL
PAY001251,O001341,2025-09-24,22959.33,PAID
PAY001252,O001342,2025-09-24,43458.34,PAID
PAY001253,O001343,2025-09-22,6860.8,PAID
PAY001254,O001344,2025-09-11,14575.77,PAID
PAY001255,O001345,2025-09-28,9853.98,PAID
PAY001256,O001346,2025-09-20,35635.08,PAID
PAY001257,O001347,2025-09-02,16669.25,PAID
PAY001258,O001348,2025-09-02,41188.36,PAID
PAY001259,O001349,2025-09-10,3062.38,PARTIAL
PAY001260,O001350,2025-09-14,29286.56,PAID
PAY001261,O001351,2025-09-18,29631.09,PAID
PAY001262,O001352,2025-09-07,118796.11,PARTIAL
PAY001263,O001353,2025-09-19,152329.54,PAID
PAY001264,O001354,2025-09-08,327017.43,PAID
PAY001265,O001355,2025-08-21,113015.83,PARTIAL
PAY001266,O001356,2025-08-28,342190.86,PAID
PAY001267,O001357,2025-09-02,62193.0,PAID
PAY001268,O001358,2025-09-19,135973.32,PAID
PAY001269,O001359,2025-09-21,243368.23,PAID
PAY001270,O001361,2025-09-04,9449.79,PAID
PAY001271,O001362,2025-09-23,26999.08,PARTIAL
PAY001272,O001363,2025-09-29,12202.31,PAID
PAY001273,O001364,2025-09-01,16403.93,PAID
PAY001274,O001365,2025-09-05,42550.19,PAID
PAY001275,O001366,2025-08-17,14341.1,PARTIAL
PAY001276,O001367,2025-08-11,9522.2,PAID
PAY001277,O001368,2025-09-05,18618.95,PAID
PAY001278,O001369,2025-09-01,365095.67,PAID
PAY001279,O001370,2025-08-22,206043.47,PAID
PAY001280,O001371,2025-08-19,263625.63,PAID
PAY001281,O001372,2025-08-30,8404.88,PAID
PAY001282,O001373,2025-09-18,15954.24,PAID
PAY001283,O001374,2025-09-05,14681.48,PAID
PAY001284,O001375,2025-09-04,3930.85,PAID
PAY001285,O001376,2025-09-22,42174.69,PAID
PAY001286,O001377,2025-09-06,8825.8,PAID
PAY001287,O001378,2025-10-17,52283.51,PAID
PAY001288,O001379,2025-10-11,79887.43,PAID
PAY001289,O001380,2025-09-21,243053.27,PAID
PAY001290,O001381,2025-10-22,274805.16,PAID
PAY001291,O001382,2025-09-19,306915.5,PAID
PAY001292,O001383,2025-10-09,83991.64,PAID
PAY001293,O001384,2025-09-25,125190.87,PAID
PAY001294,O001385,2025-10-23,117343.35,PARTIAL
PAY001295,O001386,2025-10-19,275039.97,PAID
PAY001296,O001387,2025-10-26,147290.94,PAID
PAY001297,O001388,2025-10-06,60822.29,PARTIAL
PAY001298,O001389,2025-10-02,147452.23,PAID
PAY001299,O001390,2025-10-04,331440.46,PAID
PAY001300,O001391,2025-10-31,231165.28,PAID
PAY001301,O001392,2025-09-29,322794.67,PAID
PAY001302,O001393,2025-10-23,7248.51,PAID
PAY001303,O001394,2025-10-06,5193.28,PAID
PAY001304,O001395,2025-10-08,55040.59,PAID
PAY001305,O001396,2025-09-29,25614.32,PAID
PAY001306,O001397,2025-10-07,10375.54,PAID
PAY001307,O001398,2025-10-12,17648.21,PAID
PAY001308,O001399,2025-10-12,44049.31,PARTIAL
PAY001309,O001400,2025-11-01,13429.65,PAID
PAY001310,O001401,2025-09-19,10258.16,PARTIAL
PAY001311,O001402,2025-09-18,16426.74,PAID
PAY001312,O001403,2025-09-18,36493.5,PAID
PAY001313,O001404,2025-10-15,42554.88,PAID
PAY001314,O001405,2025-10-09,2594.9,PAID
PAY001315,O001406,2025-09-28,33734.53,PAID
PAY001316,O001407,2025-10-08,18847.27,PAID
PAY001317,O001408,2025-10-16,31579.77,PAID
PAY001318,O001409,2025-10-17,37447.78,PAID
PAY001319,O001410,2025-10-23,25701.62,PAID
PAY001320,O001412,2025-10-11,12757.77,PAID
PAY001321,O001413,2025-10-07,8007.59,PAID
PAY001322,O001414,2025-10-19,147446.88,PAID
PAY001323,O001416,2025-10-08,104243.24,PAID
PAY001324,O001417,2025-10-18,137454.22,PAID
PAY001325,O001418,2025-10-02,56802.36,PAID
PAY001326,O001419,2025-10-12,177690.12,PAID
PAY001327,O001420,2025-10-07,1629.69,PARTIAL
PAY001328,O001421,2025-09-21,201247.9,PAID
PAY001329,O001422,2025-11-04,195657.83,PAID
PAY001330,O001423,2025-10-15,135542.82,PAID
PAY001331,O001424,2025-10-12,92444.6,PAID
PAY001332,O001425,2025-10-02,517789.68,PAID
PAY001333,O001426,2025-10-05,6354.54,PAID
PAY001334,O001427,2025-10-24,39145.76,PAID
PAY001335,O001428,2025-09-29,14872.96,PARTIAL
PAY001336,O001430,2025-10-14,60945.5,PAID
PAY001337,O001431,2025-10-06,28564.49,PARTIAL
PAY001338,O001432,2025-10-09,14572.54,PARTIAL
PAY001339,O001434,2025-10-17,35828.07,PAID
PAY001340,O001435,2025-10-16,18407.75,PAID
PAY001341,O001436,2025-10-10,7277.1,PAID
PAY001342,O001437,2025-10-18,27118.57,PARTIAL
PAY001343,O001438,2025-09-29,22352.17,PAID
PAY001344,O001439,2025-10-09,17467.28,PAID
PAY001345,O001440,2025-10-16,11347.32,PAID
PAY001346,O001441,2025-10-10,107244.45,PAID
PAY001347,O001443,2025-09-23,143867.63,PARTIAL
PAY001348,O001444,2025-10-01,48859.72,PAID
PAY001349,O001445,2025-09-29,94696.79,PAID
PAY001350,O001446,2025-10-02,179333.66,PAID
PAY001351,O001447,2025-09-20,357577.84,PAID
PAY001352,O001448,2025-11-05,154636.17,PAID
PAY001353,O001449,2025-10-14,221458.26,PAID
PAY001354,O001450,2025-09-26,53742.45,PAID
PAY001355,O001451,2025-10-26,16409.99,PAID
PAY001356,O001452,2025-10-15,23575.29,PAID
PAY001357,O001453,2025-10-23,3544.02,PAID
PAY001358,O001454,2025-10-02,43259.09,PAID
PAY001359,O001455,2025-10-07,23098.82,PAID
PAY001360,O001456,2025-10-23,26233.1,PAID
PAY001361,O001457,2025-10-01,5736.62,PAID
PAY001362,O001458,2025-09-28,25562.76,PAID
PAY001363,O001459,2025-10-03,186930.66,PARTIAL
PAY001364,O001460,2025-10-06,114974.3,PAID
PAY001365,O001461,2025-10-15,87634.36,PAID
PAY001366,O001462,2025-09-20,287291.79,PAID
PAY001367,O001463,2025-09-28,231065.21,PAID
PAY001368,O001464,2025-10-21,288414.35,PAID
PAY001369,O001465,2025-09-27,32552.19,PAID
PAY001370,O001466,2025-09-21,1562.65,PARTIAL
PAY001371,O001467,2025-10-18,17556.99,PAID
PAY001372,O001468,2025-10-15,6330.65,PARTIAL
PAY001373,O001469,2025-10-07,55129.87,PAID
PAY001374,O001470,2025-09-30,53879.19,PAID
PAY001375,O001471,2025-10-10,24834.48,PAID
PAY001376,O001472,2025-10-29,10123.49,PAID
PAY001377,O001473,2025-11-25,165406.48,PAID
PAY001378,O001474,2025-11-01,68090.13,PAID
PAY001379,O001475,2025-11-03,17598.91,PAID
PAY001380,O001476,2025-11-02,72381.44,PARTIAL
PAY001381,O001477,2025-11-13,362533.37,PAID
PAY001382,O001478,2025-10-28,81280.45,PAID
PAY001383,O001479,2025-10-22,150502.16,PAID
PAY001384,O001480,2025-11-24,64874.4,PAID
PAY001385,O001481,2025-11-21,157102.77,PAID
PAY001386,O001482,2025-11-03,360173.02,PAID
PAY001387,O001483,2025-11-22,172246.74,PAID
PAY001388,O001484,2025-11-05,22871.64,PARTIAL
PAY001389,O001485,2025-11-20,19213.35,PAID
PAY001390,O001486,2025-11-06,37774.07,PAID
PAY001391,O001487,2025-10-19,19187.93,PARTIAL
PAY001392,O001488,2025-10-31,32875.26,PARTIAL
PAY001393,O001489,2025-11-06,17712.59,PARTIAL
PAY001394,O001490,2025-10-31,31473.05,PAID
PAY001395,O001491,2025-11-09,60449.41,PAID
PAY001396,O001492,2025-11-08,32497.68,PARTIAL
PAY001397,O001493,2025-10-31,15181.37,PAID
PAY001398,O001494,2025-12-01,16460.11,PARTIAL
PAY001399,O001495,2025-11-11,37061.05,PAID
PAY001400,O001496,2025-11-13,26294.62,PAID
PAY001401,O001497,2025-11-15,5463.98,PAID
PAY001402,O001498,2025-10-23,19117.92,PAID
PAY001403,O001499,2025-11-17,10208.88,PAID
PAY001404,O001500,2025-11-18,45563.11,PAID
PAY001405,O001501,2025-11-02,19338.11,PAID
PAY001406,O001502,2025-11-13,40029.12,PAID
PAY001407,O001503,2025-10-20,5234.54,PAID
PAY001408,O001504,2025-11-04,11415.21,PAID
PAY001409,O001505,2025-11-26,12560.52,PAID
PAY001410,O001506,2025-11-03,22534.58,PAID
PAY001411,O001508,2025-11-11,31771.48,PARTIAL
PAY001412,O001510,2025-11-07,217246.7,PAID
PAY001413,O001511,2025-10-18,278067.78,PAID
PAY001414,O001512,2025-10-24,30519.74,PARTIAL
PAY001415,O001513,2025-11-01,126285.17,PAID
PAY001416,O001514,2025-11-28,109451.55,PARTIAL
PAY001417,O001516,2025-11-27,31137.42,PARTIAL
PAY001418,O001517,2025-11-08,98326.71,PARTIAL
PAY001419,O001518,2025-11-08,209403.13,PAID
PAY001420,O001519,2025-11-25,11772.47,PAID
PAY001421,O001520,2025-11-21,11769.02,PAID
PAY001422,O001521,2025-11-09,31882.7,PAID
PAY001423,O001522,2025-10-11,7233.98,PAID
PAY001424,O001523,2025-11-09,10875.34,PAID
PAY001425,O001524,2025-11-08,25380.28,PARTIAL
PAY001426,O001525,2025-11-19,26974.03,PAID
PAY001427,O001526,2025-11-10,14812.23,PAID
PAY001428,O001527,2025-12-01,17229.29,PAID
PAY001429,O001528,2025-10-26,4118.93,PAID
PAY001430,O001529,2025-11-01,13264.8,PAID
PAY001431,O001530,2025-10-19,18235.51,PARTIAL
PAY001432,O001531,2025-11-17,27958.53,PAID
PAY001433,O001532,2025-11-10,48026.81,PAID
PAY001434,O001533,2025-11-03,11159.38,PAID
PAY001435,O001534,2025-10-29,22505.48,PAID
PAY001436,O001535,2025-11-09,9186.3,PAID
PAY001437,O001536,2025-11-08,37111.67,PAID
PAY001438,O001537,2025-10-30,171492.53,PAID
PAY001439,O001538,2025-11-07,174310.31,PAID
PAY001440,O001539,2025-11-25,44679.78,PARTIAL
PAY001441,O001540,2025-11-29,142080.11,PAID
PAY001442,O001541,2025-11-04,58178.45,PARTIAL
PAY001443,O001542,2025-10-24,132698.33,PAID
PAY001444,O001543,2025-11-07,47359.3,PAID
PAY001445,O001544,2025-10-23,20147.65,PAID
PAY001446,O001545,2025-11-06,4532.47,PAID
PAY001447,O001546,2025-11-10,34443.11,PAID
PAY001448,O001547,2025-11-08,32583.34,PAID
PAY001449,O001548,2025-11-12,11082.83,PAID
PAY001450,O001549,2025-10-28,29281.67,PAID
PAY001451,O001550,2025-11-18,20140.8,PAID
PAY001452,O001551,2025-11-23,21027.37,PAID
PAY001453,O001552,2025-11-19,10746.02,PARTIAL
PAY001454,O001553,2025-11-18,23938.94,PAID
PAY001455,O001556,2025-10-30,161136.89,PAID
PAY001456,O001557,2025-10-27,292746.26,PAID
PAY001457,O001558,2025-10-19,20165.4,PAID
PAY001458,O001559,2025-11-20,12802.67,PARTIAL
PAY001459,O001560,2025-10-30,13680.18,PARTIAL
PAY001460,O001561,2025-11-07,14723.2,PAID
PAY001461,O001562,2025-11-14,14602.37,PAID
PAY001462,O001563,2025-10-31,30887.93,PAID
PAY001463,O001564,2025-12-04,139759.16,PAID
PAY001464,O001565,2025-12-20,38341.22,PAID
PAY001465,O001566,2025-12-12,35508.95,PAID
PAY001466,O001568,2025-12-20,38585.66,PAID
PAY001467,O001569,2025-12-07,68238.97,PAID
PAY001468,O001570,2025-12-14,93964.51,PARTIAL
PAY001469,O001571,2025-12-21,51802.99,PARTIAL
PAY001470,O001572,2025-11-30,95754.55,PAID
PAY001471,O001573,2025-12-02,168848.99,PAID
PAY001472,O001574,2025-12-14,273302.07,PAID
PAY001473,O001575,2025-12-10,61006.22,PARTIAL
PAY001474,O001576,2026-01-05,71570.68,PARTIAL
PAY001475,O001577,2025-11-23,282303.47,PAID
PAY001476,O001578,2025-12-06,184707.56,PAID
PAY001477,O001579,2025-11-17,241231.54,PAID
PAY001478,O001580,2025-12-17,146323.46,PAID
PAY001479,O001581,2025-12-16,133312.26,PAID
PAY001480,O001582,2025-12-17,6428.2,PARTIAL
PAY001481,O001583,2025-12-06,60325.4,PAID
PAY001482,O001584,2025-12-08,21669.81,PAID
PAY001483,O001585,2025-12-20,16984.84,PAID
PAY001484,O001586,2025-11-18,11396.56,PAID
PAY001485,O001587,2025-12-07,10389.62,PARTIAL
PAY001486,O001588,2025-11-27,35528.95,PAID
PAY001487,O001589,2025-11-26,38875.24,PAID
PAY001488,O001590,2025-12-15,38788.36,PAID
PAY001489,O001591,2025-11-30,39222.17,PAID
PAY001490,O001592,2025-12-09,10085.61,PAID
PAY001491,O001593,2025-12-12,31402.9,PAID
PAY001492,O001594,2025-12-15,16421.44,PAID
PAY001493,O001596,2025-12-04,17000.59,PAID
PAY001494,O001597,2025-11-17,20724.73,PAID
PAY001495,O001599,2025-11-21,6551.27,PAID
PAY001496,O001600,2025-12-02,732.77,PAID
PAY001497,O001601,2025-12-08,5280.98,PAID
PAY001498,O001602,2026-01-01,118728.13,PAID
PAY001499,O001603,2025-12-22,196565.9,PAID
PAY001500,O001604,2025-11-30,260150.75,PAID
PAY001501,O001605,2025-12-14,28851.35,PARTIAL
PAY001502,O001606,2025-12-13,133602.89,PAID
PAY001503,O001607,2025-12-17,75519.23,PARTIAL
PAY001504,O001608,2025-12-21,32644.13,PAID
PAY001505,O001609,2025-12-24,81312.53,PARTIAL
PAY001506,O001610,2025-12-26,156975.86,PAID
PAY001507,O001611,2025-12-24,36606.55,PARTIAL
PAY001508,O001612,2025-12-09,32542.03,PARTIAL
PAY001509,O001613,2026-01-01,188425.71,PAID
PAY001510,O001614,2025-12-16,43364.92,PAID
PAY001511,O001615,2025-12-21,29350.71,PARTIAL
PAY001512,O001616,2025-11-23,38755.73,PAID
PAY001513,O001617,2025-12-18,32496.28,PAID
PAY001514,O001618,2025-12-11,17808.74,PARTIAL
PAY001515,O001619,2025-12-06,30266.08,PAID
PAY001516,O001620,2025-12-25,19405.9,PAID
PAY001517,O001621,2025-12-19,28246.86,PAID
PAY001518,O001622,2025-12-19,12039.34,PAID
PAY001519,O001623,2025-12-07,41293.79,PAID
PAY001520,O001624,2025-12-09,23318.82,PAID
PAY001521,O001625,2025-12-11,16984.89,PAID
PAY001522,O001626,2025-12-08,6853.08,PARTIAL
PAY001523,O001627,2025-12-11,48996.4,PAID
PAY001524,O001628,2025-12-01,14841.97,PAID
PAY001525,O001629,2025-12-18,7154.23,PARTIAL
PAY001526,O001630,2025-12-08,95452.2,PAID
PAY001527,O001632,2025-11-21,100840.02,PARTIAL
PAY001528,O001633,2025-11-20,152479.37,PAID
PAY001529,O001634,2025-12-14,86029.85,PARTIAL
PAY001530,O001635,2025-12-12,154486.19,PAID
PAY001531,O001637,2025-11-22,142347.21,PAID
PAY001532,O001639,2025-12-09,320761.22,PAID
PAY001533,O001640,2025-11-24,10283.04,PARTIAL
PAY001534,O001641,2025-12-16,13439.62,PAID
PAY001535,O001642,2025-11-30,42662.27,PAID
PAY001536,O001643,2025-12-08,10507.78,PARTIAL
PAY001537,O001644,2025-11-26,20892.37,PAID
PAY001538,O001645,2025-12-22,20758.22,PAID
PAY001539,O001646,2025-12-11,57968.52,PAID
PAY001540,O001647,2025-11-29,44253.76,PAID
PAY001541,O001648,2025-11-24,24349.94,PAID
PAY001542,O001649,2025-11-18,13193.3,PARTIAL
PAY001543,O001650,2025-12-08,11654.95,PAID
PAY001544,O001651,2025-12-08,87964.82,PARTIAL
PAY001545,O001652,2025-12-19,299128.59,PAID
PAY001546,O001653,2025-12-26,42398.79,PAID
PAY001547,O001654,2025-12-04,359686.24,PAID
PAY001548,O001655,2025-11-29,109057.87,PARTIAL
PAY001549,O001656,2025-12-06,11664.18,PAID
PAY001550,O001657,2025-11-20,38799.83,PAID
PAY001551,O001658,2025-12-14,29163.59,PARTIAL
PAY001552,O001659,2025-12-17,40727.19,PAID
PAY001553,O001660,2025-12-29,27141.02,PAID
PAY001554,O001661,2025-11-23,25359.7,PAID
PAY001555,O001662,2025-11-28,2649.52,PAID
PAY001556,O001663,2025-12-28,9566.98,PAID
PAY001557,O001664,2025-12-18,13665.97,PAID
PAY001558,O001665,2026-01-12,24457.99,PAID
PAY001559,O001666,2026-01-05,468291.39,PAID
PAY001560,O001667,2026-01-09,211971.4,PAID
PAY001561,O001668,2025-12-19,174193.69,PAID
PAY001562,O001669,2026-01-04,182004.11,PAID
PAY001563,O001670,2026-01-04,417332.12,PAID
PAY001564,O001671,2026-01-30,248639.72,PAID
PAY001565,O001672,2025-12-18,2204.31,PARTIAL
PAY001566,O001673,2026-01-14,226020.4,PAID
PAY001567,O001674,2026-01-09,545591.74,PAID
PAY001568,O001675,2026-01-19,316447.16,PAID
PAY001569,O001676,2026-01-23,204727.58,PAID
PAY001570,O001677,2026-01-21,22548.99,PAID
PAY001571,O001678,2025-12-14,25160.91,PAID
PAY001572,O001679,2026-01-27,308487.14,PAID
PAY001573,O001680,2025-12-31,2145.33,PAID
PAY001574,O001681,2026-02-02,40648.03,PAID
PAY001575,O001682,2025-12-23,10034.85,PARTIAL
PAY001576,O001683,2026-01-20,27505.19,PAID
PAY001577,O001684,2025-12-31,6882.74,PARTIAL
PAY001578,O001685,2025-12-14,27995.72,PAID
PAY001579,O001686,2026-01-01,6782.03,PAID
PAY001580,O001687,2026-01-14,33700.1,PAID
PAY001581,O001688,2025-12-30,2983.38,PAID
PAY001582,O001689,2026-01-19,27980.7,PAID
PAY001583,O001690,2026-01-11,19373.22,PAID
PAY001584,O001691,2026-01-05,10593.66,PAID
PAY001585,O001692,2025-12-23,26340.1,PAID
PAY001586,O001693,2026-01-24,14113.6,PAID
PAY001587,O001694,2026-01-07,23065.84,PAID
PAY001588,O001695,2026-01-22,28621.95,PAID
PAY001589,O001696,2026-01-18,16631.09,PARTIAL
PAY001590,O001697,2026-01-10,27695.67,PAID
PAY001591,O001698,2026-01-07,15673.25,PAID
PAY001592,O001702,2026-01-21,21789.07,PAID
PAY001593,O001703,2025-12-30,190891.43,PAID
PAY001594,O001704,2026-01-01,255138.19,PAID
PAY001595,O001705,2026-01-17,140984.69,PAID
PAY001596,O001706,2026-01-22,224103.58,PAID
PAY001597,O001707,2026-01-18,292607.25,PAID
PAY001598,O001708,2026-01-22,45407.73,PARTIAL
PAY001599,O001709,2026-02-03,236598.22,PAID
PAY001600,O001710,2026-01-01,233823.17,PAID
PAY001601,O001711,2026-01-17,292814.52,PAID
PAY001602,O001712,2026-01-01,330650.62,PAID
PAY001603,O001713,2026-01-14,112846.14,PAID
PAY001604,O001714,2026-01-18,323538.25,PAID
PAY001605,O001715,2025-12-29,144490.46,PAID
PAY001606,O001716,2025-12-17,7929.94,PARTIAL
PAY001607,O001717,2026-01-09,23105.24,PAID
PAY001608,O001718,2025-12-31,25871.7,PAID
PAY001609,O001719,2026-01-19,18269.23,PAID
PAY001610,O001720,2026-01-03,10675.29,PAID
PAY001611,O001721,2025-12-26,15945.47,PAID
PAY001612,O001722,2025-12-31,8427.06,PARTIAL
PAY001613,O001723,2026-01-23,14548.85,PAID
PAY001614,O001724,2025-12-27,6127.22,PARTIAL
PAY001615,O001725,2025-12-18,31465.91,PAID
PAY001616,O001726,2025-12-28,21867.62,PAID
PAY001617,O001728,2025-12-19,5459.17,PARTIAL
PAY001618,O001729,2025-12-21,8001.72,PARTIAL
PAY001619,O001731,2026-01-13,28689.11,PAID
PAY001620,O001732,2026-01-05,11553.68,PARTIAL
PAY001621,O001733,2026-02-04,23549.56,PAID
PAY001622,O001734,2025-12-29,25958.04,PAID
PAY001623,O001736,2025-12-30,176702.16,PAID
PAY001624,O001737,2026-01-12,173157.71,PAID
PAY001625,O001738,2026-01-13,294529.4,PAID
PAY001626,O001739,2026-01-05,223519.36,PAID
PAY001627,O001740,2026-01-19,35663.57,PAID
PAY001628,O001741,2026-01-19,89324.58,PAID
PAY001629,O001742,2026-01-26,266149.01,PAID
PAY001630,O001743,2025-12-18,12357.91,PAID
PAY001631,O001744,2026-01-21,11440.53,PARTIAL
PAY001632,O001746,2026-01-15,14686.44,PARTIAL
PAY001633,O001747,2026-01-21,3678.13,PAID
PAY001634,O001748,2026-01-14,16586.71,PARTIAL
PAY001635,O001749,2025-12-30,22215.22,PAID
PAY001636,O001750,2025-12-26,33592.01,PAID
PAY001637,O001751,2026-01-08,1703.84,PAID
PAY001638,O001752,2025-12-23,14682.44,PAID
PAY001639,O001753,2025-12-29,8224.16,PARTIAL
PAY001640,O001754,2026-01-04,20786.2,PAID
PAY001641,O001755,2026-01-19,2036.03,PARTIAL
PAY001642,O001756,2025-12-27,295616.66,PAID
PAY001643,O001757,2026-01-01,84142.14,PAID
PAY001644,O001758,2026-01-10,190853.25,PAID
PAY001645,O001759,2026-02-02,41452.23,PARTIAL
PAY001646,O001760,2026-01-06,145380.29,PAID
PAY001647,O001762,2025-12-26,232291.79,PAID
PAY001648,O001763,2026-01-13,52174.31,PAID
PAY001649,O001764,2026-01-04,6374.46,PAID
PAY001650,O001765,2026-01-03,8759.96,PARTIAL
PAY001651,O001766,2026-01-11,19580.9,PAID
PAY001652,O001767,2026-01-02,11903.2,PAID
PAY001653,O001768,2026-01-09,23225.91,PAID
PAY001654,O001769,2025-12-27,15959.69,PARTIAL
PAY001655,O001770,2026-01-25,42238.24,PAID
PAY001656,O001771,2025-12-30,19443.15,PAID
PAY001657,O001772,2026-01-11,2389.4,PAID
PAY001658,O001773,2026-02-05,57983.01,PARTIAL
PAY001659,O001774,2026-01-28,205516.07,PAID
PAY001660,O001775,2026-02-19,31547.56,PARTIAL
PAY001661,O001776,2026-02-17,40645.18,PAID
PAY001662,O001777,2026-01-22,203537.0,PAID
PAY001663,O001778,2026-02-09,141048.99,PAID
PAY001664,O001779,2026-02-12,417149.34,PAID
PAY001665,O001780,2026-02-10,120978.29,PAID
PAY001666,O001782,2026-02-09,260418.98,PAID
PAY001667,O001783,2026-01-25,83350.93,PARTIAL
PAY001668,O001784,2026-01-30,237939.7,PAID
PAY001669,O001785,2026-02-11,198137.99,PAID
PAY001670,O001786,2026-02-16,339994.64,PAID
PAY001671,O001787,2026-01-22,37589.91,PAID
PAY001672,O001788,2026-01-27,163537.67,PAID
PAY001673,O001789,2026-02-18,62232.62,PAID
PAY001674,O001790,2026-02-09,264318.11,PAID
PAY001675,O001791,2026-01-27,170483.59,PAID
PAY001676,O001792,2026-03-02,45759.2,PAID
PAY001677,O001793,2026-02-08,14622.91,PAID
PAY001678,O001794,2026-01-30,11100.0,PARTIAL
PAY001679,O001795,2026-01-28,41832.28,PAID
PAY001680,O001796,2026-02-11,49641.38,PAID
PAY001681,O001797,2026-02-04,20316.34,PAID
PAY001682,O001798,2026-01-27,18178.57,PARTIAL
PAY001683,O001799,2026-01-24,21126.95,PAID
PAY001684,O001800,2026-02-05,10160.89,PARTIAL
PAY001685,O001801,2026-02-05,4829.16,PAID
PAY001686,O001802,2026-02-04,45986.43,PAID
PAY001687,O001803,2026-02-14,22672.4,PAID
PAY001688,O001804,2026-02-15,10522.67,PARTIAL
PAY001689,O001805,2026-02-12,21007.33,PARTIAL
PAY001690,O001806,2026-02-23,29816.6,PAID
PAY001691,O001807,2026-01-22,24759.67,PARTIAL
PAY001692,O001808,2026-02-04,15869.13,PAID
PAY001693,O001809,2026-02-23,66628.9,PAID
PAY001694,O001811,2026-01-30,74934.44,PARTIAL
PAY001695,O001812,2026-02-11,90040.41,PAID
PAY001696,O001813,2026-02-27,8179.32,PAID
PAY001697,O001814,2026-02-08,39600.18,PARTIAL
PAY001698,O001815,2026-01-31,303396.1,PAID
PAY001699,O001816,2026-02-07,226109.14,PAID
PAY001700,O001818,2026-02-03,246220.01,PAID
PAY001701,O001819,2026-03-06,75727.25,PAID
PAY001702,O001820,2026-02-17,339906.55,PAID
PAY001703,O001821,2026-02-09,276844.53,PAID
PAY001704,O001823,2026-02-11,191174.44,PAID
PAY001705,O001824,2026-02-11,108074.96,PAID
PAY001706,O001825,2026-01-25,192591.18,PAID
PAY001707,O001826,2026-02-04,62924.64,PAID
PAY001708,O001827,2026-02-05,111954.66,PAID
PAY001709,O001828,2026-01-22,15427.86,PAID
PAY001710,O001829,2026-02-02,26669.51,PAID
PAY001711,O001830,2026-01-31,10801.15,PAID
PAY001712,O001831,2026-02-13,1806.41,PAID
PAY001713,O001832,2026-02-26,9504.69,PAID
PAY001714,O001833,2026-01-24,24908.1,PARTIAL
PAY001715,O001834,2026-02-06,5317.79,PAID
PAY001716,O001835,2026-02-14,31810.56,PARTIAL
PAY001717,O001836,2026-02-15,14591.97,PAID
PAY001718,O001837,2026-02-25,9532.4,PARTIAL
PAY001719,O001838,2026-02-08,21039.9,PAID
PAY001720,O001839,2026-02-02,50490.5,PAID
PAY001721,O001840,2026-02-19,24896.84,PAID
PAY001722,O001841,2026-01-27,16970.15,PARTIAL
PAY001723,O001842,2026-02-17,27761.66,PAID
PAY001724,O001843,2026-02-19,18318.82,PARTIAL
PAY001725,O001844,2026-02-10,15701.74,PAID
PAY001726,O001845,2026-01-15,36251.8,PARTIAL
PAY001727,O001846,2026-01-28,29426.28,PAID
PAY001728,O001847,2026-02-04,272049.76,PAID
PAY001729,O001848,2026-02-06,136314.02,PAID
PAY001730,O001849,2026-02-15,337537.67,PAID
PAY001731,O001850,2026-02-19,353918.65,PAID
PAY001732,O001851,2026-01-24,24603.25,PARTIAL
PAY001733,O001852,2026-02-26,10459.75,PAID
PAY001734,O001853,2026-01-15,61351.05,PAID
PAY001735,O001854,2026-01-29,25886.98,PAID
PAY001736,O001855,2026-01-22,18793.42,PAID
PAY001737,O001856,2026-02-10,40424.23,PAID
PAY001738,O001857,2026-02-08,25819.6,PAID
PAY001739,O001858,2026-02-01,39275.33,PAID
PAY001740,O001859,2026-03-02,14941.46,PARTIAL
PAY001741,O001860,2026-03-03,6592.16,PARTIAL
PAY001742,O001861,2026-02-09,41532.59,PAID
PAY001743,O001862,2026-02-09,216649.29,PAID
PAY001744,O001863,2026-01-22,97320.97,PAID
PAY001745,O001864,2026-02-15,237099.73,PAID
PAY001746,O001865,2026-01-21,31465.51,PAID
PAY001747,O001866,2026-02-08,77387.06,PAID
PAY001748,O001867,2026-02-17,63343.82,PARTIAL
PAY001749,O001869,2026-01-27,23086.49,PARTIAL
PAY001750,O001870,2026-01-15,19745.73,PAID
PAY001751,O001871,2026-02-01,5844.92,PARTIAL
PAY001752,O001872,2026-01-18,29317.64,PAID
PAY001753,O001873,2026-01-16,27030.0,PARTIAL
PAY001754,O001874,2026-01-12,21374.28,PAID
PAY001755,O001875,2026-02-13,36496.88,PAID
PAY001756,O001876,2026-01-25,7802.48,PAID
PAY001757,O001877,2026-03-12,333334.94,PAID
PAY001758,O001878,2026-03-19,148515.66,PAID
PAY001759,O001879,2026-03-09,303738.96,PAID
PAY001760,O001880,2026-02-24,142138.98,PAID
PAY001761,O001881,2026-03-02,73085.26,PAID
PAY001762,O001882,2026-03-09,14080.53,PAID
PAY001763,O001883,2026-02-13,93773.6,PAID
PAY001764,O001884,2026-03-09,31619.85,PAID
PAY001765,O001885,2026-02-19,59628.77,PAID
PAY001766,O001886,2026-03-18,119802.27,PARTIAL
PAY001767,O001887,2026-03-14,190051.09,PAID
PAY001768,O001888,2026-03-28,60953.39,PARTIAL
PAY001769,O001889,2026-03-25,395293.08,PAID
PAY001770,O001890,2026-03-02,119718.6,PAID
PAY001771,O001891,2026-03-14,18148.88,PARTIAL
PAY001772,O001892,2026-03-25,268029.69,PAID
PAY001773,O001893,2026-03-16,12919.33,PAID
PAY001774,O001894,2026-03-11,21600.22,PARTIAL
PAY001775,O001895,2026-03-15,16127.17,PAID
PAY001776,O001897,2026-03-14,24447.52,PAID
PAY001777,O001898,2026-03-08,1626.88,PAID
PAY001778,O001899,2026-03-11,28568.76,PAID
PAY001779,O001900,2026-02-19,11874.88,PAID
PAY001780,O001901,2026-02-27,31618.37,PARTIAL
PAY001781,O001903,2026-03-02,8740.61,PARTIAL
PAY001782,O001904,2026-03-12,19693.97,PAID
PAY001783,O001905,2026-03-23,27705.86,PAID
PAY001784,O001906,2026-03-15,2043.14,PARTIAL
PAY001785,O001907,2026-03-21,28669.14,PAID
PAY001786,O001908,2026-02-28,140232.49,PAID
PAY001787,O001909,2026-02-27,9894.16,PARTIAL
PAY001788,O001910,2026-03-02,182875.94,PAID
PAY001789,O001912,2026-04-03,90380.69,PAID
PAY001790,O001913,2026-03-03,241987.0,PAID
PAY001791,O001914,2026-03-16,118133.31,PARTIAL
PAY001792,O001915,2026-02-20,74281.41,PAID
PAY001793,O001916,2026-03-04,76809.26,PAID
PAY001794,O001917,2026-03-08,81800.62,PAID
PAY001795,O001918,2026-03-17,243455.12,PAID
PAY001796,O001919,2026-03-25,130673.84,PAID
PAY001797,O001920,2026-03-08,331012.16,PAID
PAY001798,O001921,2026-03-08,111834.56,PAID
PAY001799,O001922,2026-03-17,32087.09,PARTIAL
PAY001800,O001923,2026-03-19,167427.51,PARTIAL
PAY001801,O001924,2026-03-26,130989.47,PARTIAL
PAY001802,O001925,2026-03-24,257947.25,PAID
PAY001803,O001926,2026-03-11,346750.3,PAID
PAY001804,O001927,2026-03-13,9827.31,PAID
PAY001805,O001928,2026-02-27,3455.65,PAID
PAY001806,O001929,2026-03-10,54050.56,PAID
PAY001807,O001930,2026-02-18,22603.74,PAID
PAY001808,O001931,2026-03-03,15741.69,PARTIAL
PAY001809,O001932,2026-03-13,2867.35,PAID
PAY001810,O001933,2026-03-13,8035.44,PAID
PAY001811,O001934,2026-03-03,29419.44,PAID
PAY001812,O001935,2026-03-09,11844.31,PAID
PAY001813,O001936,2026-02-28,881.89,PAID
PAY001814,O001938,2026-03-16,22323.24,PARTIAL
PAY001815,O001939,2026-03-28,3864.14,PAID
PAY001816,O001940,2026-03-07,11831.41,PAID
PAY001817,O001941,2026-02-16,9910.96,PARTIAL
PAY001818,O001942,2026-02-13,57609.02,PARTIAL
PAY001819,O001943,2026-03-19,47856.76,PAID
PAY001820,O001944,2026-03-31,123636.22,PAID
PAY001821,O001945,2026-03-08,77689.5,PAID
PAY001822,O001946,2026-03-16,216430.84,PAID
PAY001823,O001947,2026-03-08,141785.1,PAID
PAY001824,O001949,2026-03-18,6134.67,PAID
PAY001825,O001950,2026-03-19,55321.59,PAID
PAY001826,O001951,2026-03-31,21171.05,PAID
PAY001827,O001952,2026-03-18,10260.84,PARTIAL
PAY001828,O001953,2026-03-16,25846.65,PAID
PAY001829,O001954,2026-03-12,340173.64,PAID
PAY001830,O001955,2026-03-26,323088.23,PAID
PAY001831,O001956,2026-03-14,200614.02,PAID
PAY001832,O001957,2026-03-24,259820.67,PAID
PAY001833,O001958,2026-03-13,80919.99,PAID
PAY001834,O001959,2026-03-09,244689.87,PAID
PAY001835,O001960,2026-02-26,265740.65,PAID
PAY001836,O001961,2026-03-14,259226.98,PAID
PAY001837,O001962,2026-03-02,123486.14,PAID
PAY001838,O001963,2026-02-28,486362.72,PAID
PAY001839,O001964,2026-03-25,6411.55,PAID
PAY001840,O001965,2026-02-27,26166.18,PAID
PAY001841,O001966,2026-03-27,31128.5,PAID
PAY001842,O001967,2026-03-07,5712.91,PARTIAL
PAY001843,O001968,2026-03-16,10985.14,PARTIAL
PAY001844,O001969,2026-03-06,14065.28,PAID
PAY001845,O001970,2026-03-27,16647.26,PAID
PAY001846,O001971,2026-03-24,2227.76,PARTIAL
PAY001847,O001972,2026-03-06,8227.24,PARTIAL
PAY001848,O001973,2026-03-30,58245.12,PAID
PAY001849,O001974,2026-03-23,203691.02,PAID
PAY001850,O001975,2026-04-20,101182.8,PARTIAL
PAY001851,O001977,2026-04-25,64225.88,PARTIAL
PAY001852,O001978,2026-03-31,46066.27,PAID
PAY001853,O001979,2026-04-22,163235.81,PAID
PAY001854,O001980,2026-04-27,241057.27,PAID
PAY001855,O001981,2026-04-17,210918.28,PAID
PAY001856,O001982,2026-04-10,76455.52,PAID
PAY001857,O001983,2026-04-03,31406.32,PARTIAL
PAY001858,O001984,2026-04-13,136735.72,PAID
PAY001859,O001985,2026-04-15,408005.92,PAID
PAY001860,O001986,2026-04-11,242025.09,PARTIAL
PAY001861,O001987,2026-04-06,451831.17,PAID
PAY001862,O001988,2026-04-02,142458.64,PARTIAL
PAY001863,O001989,2026-04-03,180410.18,PAID
PAY001864,O001990,2026-04-03,190514.98,PARTIAL
PAY001865,O001991,2026-04-25,43695.81,PAID
PAY001866,O001993,2026-03-13,17623.36,PAID
PAY001867,O001995,2026-04-05,7835.11,PAID
PAY001868,O001996,2026-03-26,14866.44,PAID
PAY001869,O001997,2026-04-11,25258.42,PARTIAL
PAY001870,O001998,2026-04-06,53398.31,PAID
PAY001871,O001999,2026-04-04,39763.32,PAID
PAY001872,O002000,2026-03-29,5851.87,PAID
PAY001873,O002001,2026-04-05,29145.88,PAID
PAY001874,O002002,2026-04-08,1058.6,PARTIAL
PAY001875,O002003,2026-03-30,27846.59,PAID
PAY001876,O002004,2026-03-25,16807.77,PAID
PAY001877,O002005,2026-04-08,41241.66,PAID
PAY001878,O002008,2026-05-02,12528.93,PAID
PAY001879,O002009,2026-03-12,33261.87,PAID
PAY001880,O002010,2026-04-27,16882.14,PARTIAL
PAY001881,O002011,2026-04-14,7690.61,PAID
PAY001882,O002012,2026-04-14,6130.74,PARTIAL
PAY001883,O002013,2026-04-16,3554.4,PARTIAL
PAY001884,O002014,2026-03-20,54904.55,PAID
PAY001885,O002015,2026-04-20,172750.15,PAID
PAY001886,O002018,2026-04-14,152274.69,PAID
PAY001887,O002019,2026-04-08,447025.0,PAID
PAY001888,O002020,2026-04-08,84463.95,PAID
PAY001889,O002021,2026-04-04,268030.54,PAID
PAY001890,O002022,2026-04-29,162397.9,PARTIAL
PAY001891,O002023,2026-03-23,180090.36,PAID
PAY001892,O002024,2026-04-18,129527.11,PAID
PAY001893,O002025,2026-03-17,192665.91,PAID
PAY001894,O002026,2026-04-04,92775.06,PAID
PAY001895,O002027,2026-04-08,277545.19,PAID
PAY001896,O002028,2026-04-26,59467.08,PAID
PAY001897,O002029,2026-04-20,145486.06,PAID
PAY001898,O002030,2026-04-15,323432.61,PAID
PAY001899,O002031,2026-04-02,169963.97,PAID
PAY001900,O002032,2026-03-17,280783.58,PAID
PAY001901,O002033,2026-04-13,187069.65,PAID
PAY001902,O002034,2026-04-19,98942.03,PARTIAL
PAY001903,O002035,2026-03-27,81585.36,PARTIAL
PAY001904,O002036,2026-04-12,8501.72,PAID
PAY001905,O002038,2026-03-28,36809.78,PAID
PAY001906,O002039,2026-04-04,31081.88,PAID
PAY001907,O002040,2026-04-07,16428.61,PAID
PAY001908,O002041,2026-04-14,22383.17,PARTIAL
PAY001909,O002043,2026-04-26,25125.67,PAID
PAY001910,O002044,2026-04-11,5991.45,PARTIAL
PAY001911,O002045,2026-04-13,10665.95,PAID
PAY001912,O002046,2026-03-19,20905.12,PAID
PAY001913,O002047,2026-04-02,12908.62,PARTIAL
PAY001914,O002048,2026-03-31,5179.71,PAID
PAY001915,O002049,2026-04-23,29463.14,PAID
PAY001916,O002050,2026-04-29,3235.71,PAID
PAY001917,O002051,2026-03-19,30319.47,PAID
PAY001918,O002052,2026-03-28,21898.33,PAID
PAY001919,O002053,2026-04-13,9552.38,PAID
PAY001920,O002054,2026-04-04,4510.54,PAID
PAY001921,O002055,2026-03-23,207261.12,PAID
PAY001922,O002057,2026-04-17,314272.82,PAID
PAY001923,O002058,2026-04-22,185704.15,PAID
PAY001924,O002059,2026-04-05,92597.38,PARTIAL
PAY001925,O002060,2026-04-06,171747.66,PAID
PAY001926,O002061,2026-04-17,140980.49,PAID
PAY001927,O002062,2026-03-25,139262.97,PAID
PAY001928,O002063,2026-04-08,299256.65,PAID
PAY001929,O002064,2026-04-04,55227.51,PAID
PAY001930,O002065,2026-04-04,40484.13,PAID
PAY001931,O002066,2026-03-24,38692.93,PAID
PAY001932,O002068,2026-04-02,18112.83,PAID
PAY001933,O002069,2026-03-27,36306.95,PARTIAL
PAY001934,O002070,2026-03-26,16706.88,PAID
PAY001935,O002071,2026-04-14,27210.78,PAID
PAY001936,O002072,2026-04-25,20323.66,PAID
PAY001937,O002073,2026-04-10,31627.08,PAID
PAY001938,O002074,2026-04-03,317752.45,PAID
PAY001939,O002075,2026-04-21,176329.04,PAID
PAY001940,O002076,2026-04-10,84138.61,PARTIAL
PAY001941,O002077,2026-03-21,307640.87,PAID
PAY001942,O002078,2026-04-27,255899.09,PAID
PAY001943,O002079,2026-03-30,66176.8,PAID
PAY001944,O002080,2026-04-04,88353.72,PAID
PAY001945,O002081,2026-04-30,239374.5,PARTIAL
PAY001946,O002082,2026-04-16,343723.05,PAID
PAY001947,O002083,2026-04-11,185833.29,PAID
PAY001948,O002084,2026-03-18,129161.94,PARTIAL
PAY001949,O002085,2026-04-25,235982.49,PAID
PAY001950,O002088,2026-03-31,24047.69,PARTIAL
PAY001951,O002089,2026-04-09,50836.08,PAID
PAY001952,O002091,2026-03-12,30033.37,PAID
PAY001953,O002092,2026-04-05,33164.4,PAID
PAY001954,O002093,2026-03-27,39206.96,PAID
PAY001955,O002094,2026-04-01,4437.81,PAID
PAY001956,O002095,2026-04-05,50169.33,PAID
PAY001957,O002096,2026-03-19,17837.07,PARTIAL
PAY001958,O002097,2026-03-23,19441.28,PAID
PAY001959,O002098,2026-05-04,11086.58,PAID
PAY001960,O002099,2026-05-03,68962.47,PAID
PAY001961,O002101,2026-05-06,172372.91,PAID
PAY001962,O002103,2026-05-09,225573.3,PAID
PAY001963,O002104,2026-05-13,181469.94,PAID
PAY001964,O002105,2026-05-15,207060.0,PAID
PAY001965,O002106,2026-05-25,270019.15,PAID
PAY001966,O002107,2026-05-20,362998.04,PAID
PAY001967,O002108,2026-05-30,43679.93,PAID
PAY001968,O002109,2026-05-10,90884.99,PAID
PAY001969,O002111,2026-05-04,25152.52,PAID
PAY001970,O002112,2026-04-29,139888.77,PAID
PAY001971,O002113,2026-05-12,9794.31,PARTIAL
PAY001972,O002114,2026-05-01,514718.04,PAID
PAY001973,O002115,2026-04-25,199792.22,PAID
PAY001974,O002116,2026-05-18,337918.15,PAID
PAY001975,O002117,2026-05-12,293025.03,PAID
PAY001976,O002118,2026-04-19,117849.57,PARTIAL
PAY001977,O002119,2026-05-03,60996.1,PAID
PAY001978,O002120,2026-05-21,449423.23,PAID
PAY001979,O002121,2026-05-05,142375.8,PAID
PAY001980,O002122,2026-05-02,71539.83,PAID
PAY001981,O002123,2026-05-15,19328.98,PAID
PAY001982,O002124,2026-05-28,9445.65,PARTIAL
PAY001983,O002125,2026-05-18,16833.47,PAID
PAY001984,O002126,2026-05-13,21794.34,PAID
PAY001985,O002127,2026-04-26,22075.35,PAID
PAY001986,O002128,2026-05-17,40076.5,PAID
PAY001987,O002129,2026-05-30,11473.5,PAID
PAY001988,O002130,2026-04-26,21725.14,PAID
PAY001989,O002131,2026-04-21,14571.81,PAID
PAY001990,O002132,2026-04-20,50796.68,PAID
PAY001991,O002133,2026-05-18,17694.36,PAID
PAY001992,O002134,2026-04-26,12890.77,PAID
PAY001993,O002135,2026-05-16,20797.99,PAID
PAY001994,O002136,2026-05-20,18221.92,PAID
PAY001995,O002137,2026-05-10,11315.03,PAID
PAY001996,O002138,2026-05-24,16692.0,PAID
PAY001997,O002139,2026-05-14,6868.14,PARTIAL
PAY001998,O002140,2026-05-08,19853.21,PAID
PAY001999,O002141,2026-05-21,11057.54,PARTIAL
PAY002000,O002142,2026-05-13,153929.65,PAID
PAY002001,O002143,2026-05-09,87660.96,PAID
PAY002002,O002144,2026-05-14,55383.46,PAID
PAY002003,O002145,2026-05-16,29379.57,PAID
PAY002004,O002146,2026-05-02,62846.21,PAID
PAY002005,O002147,2026-05-15,272409.63,PAID
PAY002006,O002148,2026-05-06,263770.02,PAID
PAY002007,O002149,2026-05-10,49438.44,PARTIAL
PAY002008,O002150,2026-05-13,115611.32,PAID
PAY002009,O002151,2026-04-23,69889.81,PAID
PAY002010,O002152,2026-04-29,137316.57,PAID
PAY002011,O002153,2026-04-20,92046.89,PARTIAL
PAY002012,O002154,2026-04-20,271457.95,PAID
PAY002013,O002155,2026-05-16,28547.21,PAID
PAY002014,O002156,2026-05-25,117133.19,PAID
PAY002015,O002157,2026-05-13,136732.09,PARTIAL
PAY002016,O002158,2026-06-01,333875.81,PAID
PAY002017,O002159,2026-05-16,256998.41,PAID
PAY002018,O002161,2026-05-09,10632.23,PAID
PAY002019,O002162,2026-05-16,149576.73,PAID
PAY002020,O002163,2026-04-14,88010.36,PAID
PAY002021,O002164,2026-05-20,239755.54,PAID
PAY002022,O002165,2026-05-16,24317.01,PAID
PAY002023,O002166,2026-05-25,11634.5,PAID
PAY002024,O002167,2026-05-19,18927.88,PAID
PAY002025,O002168,2026-05-16,28385.89,PAID
PAY002026,O002169,2026-05-03,19221.19,PAID
PAY002027,O002170,2026-05-21,20768.04,PAID
PAY002028,O002171,2026-05-21,9508.07,PAID
PAY002029,O002172,2026-05-05,19219.35,PARTIAL
PAY002030,O002173,2026-05-03,22816.42,PAID
PAY002031,O002174,2026-04-27,10419.36,PAID
PAY002032,O002175,2026-04-22,23553.1,PAID
PAY002033,O002176,2026-05-04,33510.35,PAID
PAY002034,O002177,2026-04-26,23573.17,PAID
PAY002035,O002178,2026-05-16,28608.89,PAID
PAY002036,O002179,2026-05-18,38817.41,PAID
PAY002037,O002180,2026-04-19,23055.46,PAID
PAY002038,O002181,2026-05-20,29484.21,PAID
PAY002039,O002182,2026-06-04,2881.47,PARTIAL
PAY002040,O002183,2026-05-27,57495.13,PAID
PAY002041,O002184,2026-05-22,278592.39,PAID
PAY002042,O002185,2026-05-25,138588.4,PAID
PAY002043,O002186,2026-05-04,144976.58,PAID
PAY002044,O002187,2026-05-21,355577.21,PAID
PAY002045,O002188,2026-05-13,191357.86,PAID
PAY002046,O002189,2026-05-15,201841.23,PAID
PAY002047,O002190,2026-05-06,279593.35,PAID
PAY002048,O002191,2026-05-11,25442.59,PAID
PAY002049,O002192,2026-05-01,5631.73,PAID
PAY002050,O002193,2026-05-26,17405.85,PAID
PAY002051,O002194,2026-05-06,31996.23,PAID
PAY002052,O002195,2026-05-18,33932.06,PAID
PAY002053,O002196,2026-05-27,25959.83,PAID
PAY002054,O002197,2026-05-12,37998.7,PAID
PAY002055,O002198,2026-05-31,29739.26,PAID
PAY002056,O002199,2026-05-24,12666.82,PAID
PAY002057,O002200,2026-05-19,416780.59,PAID
PAY002058,O002201,2026-04-29,116207.91,PAID
PAY002059,O002202,2026-05-28,287417.6,PAID
PAY002060,O002203,2026-05-20,364724.24,PAID
PAY002061,O002204,2026-06-01,65289.9,PAID
PAY002062,O002205,2026-05-07,104699.3,PAID
PAY002063,O002207,2026-05-17,27493.17,PAID
PAY002064,O002208,2026-05-13,111547.26,PAID
PAY002065,O002209,2026-04-30,89371.78,PAID
PAY002066,O002210,2026-05-03,314724.21,PAID
PAY002067,O002211,2026-05-02,264876.38,PAID
PAY002068,O002212,2026-05-17,271018.47,PAID
PAY002069,O002213,2026-05-06,355566.76,PAID
PAY002070,O002214,2026-05-29,6158.76,PARTIAL
PAY002071,O002215,2026-04-14,32725.4,PAID
PAY002072,O002216,2026-05-20,20710.75,PAID
PAY002073,O002217,2026-04-30,39153.88,PAID
PAY002074,O002218,2026-06-02,18253.81,PAID
PAY002075,O002219,2026-04-29,29554.44,PAID
PAY002076,O002220,2026-05-26,3308.94,PARTIAL
PAY002077,O002221,2026-05-05,31936.04,PAID
PAY002078,O002223,2026-05-31,56249.18,PAID
PAY002079,O002224,2026-04-17,27485.55,PAID
PAY002080,O002225,2026-04-25,5530.68,PARTIAL
PAY002081,O002226,2026-06-03,84036.96,PAID
PAY002082,O002227,2026-05-31,95737.65,PARTIAL
PAY002083,O002228,2026-06-04,46643.79,PAID
PAY002084,O002230,2026-06-23,135981.9,PAID
PAY002085,O002231,2026-06-01,134643.17,PAID
PAY002086,O002232,2026-05-16,338353.4,PAID
PAY002087,O002233,2026-05-27,94716.52,PAID
PAY002088,O002234,2026-06-06,232620.92,PAID
PAY002089,O002235,2026-06-14,136244.12,PAID
PAY002090,O002236,2026-06-18,94887.95,PAID
PAY002091,O002237,2026-05-28,400814.01,PAID
PAY002092,O002238,2026-06-02,342667.01,PAID
PAY002093,O002239,2026-06-14,42183.39,PARTIAL
PAY002094,O002240,2026-06-06,157158.98,PAID
PAY002095,O002241,2026-06-26,139641.04,PAID
PAY002096,O002242,2026-06-17,153793.65,PAID
PAY002097,O002243,2026-05-23,310054.14,PAID
PAY002098,O002245,2026-06-18,99625.65,PARTIAL
PAY002099,O002246,2026-06-03,19170.32,PAID
PAY002100,O002247,2026-06-22,11751.59,PAID
PAY002101,O002248,2026-05-25,26954.1,PAID
PAY002102,O002249,2026-05-26,61964.7,PAID
PAY002103,O002250,2026-06-09,2017.68,PARTIAL
PAY002104,O002251,2026-06-17,3724.54,PAID
PAY002105,O002252,2026-07-03,41742.9,PAID
PAY002106,O002253,2026-06-15,48760.7,PAID
PAY002107,O002254,2026-06-16,1477.36,PARTIAL
PAY002108,O002255,2026-06-17,21236.42,PAID
PAY002109,O002256,2026-06-07,4727.67,PAID
PAY002110,O002257,2026-05-23,32753.45,PAID
PAY002111,O002258,2026-06-21,5697.7,PARTIAL
PAY002112,O002259,2026-06-20,35360.33,PAID
PAY002113,O002260,2026-05-19,35243.94,PAID
PAY002114,O002261,2026-05-28,1311.47,PAID
PAY002115,O002262,2026-06-10,20898.27,PAID
PAY002116,O002264,2026-06-19,1579.82,PAID
PAY002117,O002265,2026-06-27,60704.82,PAID
PAY002118,O002266,2026-06-03,182440.02,PAID
PAY002119,O002267,2026-06-04,298501.61,PAID
PAY002120,O002268,2026-06-25,292407.44,PAID
PAY002121,O002269,2026-06-06,123208.39,PAID
PAY002122,O002270,2026-05-30,54520.7,PAID
PAY002123,O002271,2026-06-06,18127.06,PAID
PAY002124,O002272,2026-05-31,391752.21,PAID
PAY002125,O002273,2026-06-02,206885.4,PAID
PAY002126,O002274,2026-06-20,163830.02,PAID
PAY002127,O002275,2026-06-20,285216.15,PAID
PAY002128,O002276,2026-06-11,204703.72,PAID
PAY002129,O002277,2026-06-06,250885.16,PAID
PAY002130,O002278,2026-06-10,111529.94,PAID
PAY002131,O002279,2026-06-05,221316.81,PARTIAL
PAY002132,O002280,2026-06-24,362900.53,PAID
PAY002133,O002281,2026-06-03,93324.36,PAID
PAY002134,O002282,2026-06-19,26036.94,PAID
PAY002135,O002283,2026-06-16,15062.82,PAID
PAY002136,O002284,2026-06-06,7972.09,PARTIAL
PAY002137,O002285,2026-06-26,31367.73,PAID
PAY002138,O002286,2026-06-19,57052.12,PAID
PAY002139,O002287,2026-07-04,23488.16,PAID
PAY002140,O002288,2026-05-28,38793.24,PAID
PAY002141,O002289,2026-06-05,46883.23,PAID
PAY002142,O002290,2026-07-06,39595.22,PAID
PAY002143,O002291,2026-05-16,35003.67,PAID
PAY002144,O002292,2026-06-21,46569.27,PAID
PAY002145,O002293,2026-06-16,9766.91,PAID
PAY002146,O002294,2026-06-30,18183.12,PAID
PAY002147,O002295,2026-06-15,31508.89,PARTIAL
PAY002148,O002296,2026-06-07,21377.89,PAID
PAY002149,O002297,2026-05-24,23088.51,PAID
PAY002150,O002298,2026-05-25,36284.89,PAID
PAY002151,O002299,2026-05-21,32598.14,PAID
PAY002152,O002300,2026-05-20,42499.36,PAID
PAY002153,O002301,2026-06-07,10337.66,PAID
PAY002154,O002302,2026-05-23,266172.2,PAID
PAY002155,O002304,2026-06-06,291937.07,PAID
PAY002156,O002305,2026-06-06,281781.89,PAID
PAY002157,O002306,2026-06-27,70066.17,PARTIAL
PAY002158,O002307,2026-06-24,98907.54,PAID
PAY002159,O002308,2026-06-24,96784.61,PAID
PAY002160,O002309,2026-05-29,113329.15,PARTIAL
PAY002161,O002310,2026-06-05,121270.09,PARTIAL
PAY002162,O002311,2026-05-25,494512.39,PAID
PAY002163,O002312,2026-06-13,34594.59,PAID
PAY002164,O002313,2026-05-14,43714.54,PAID
PAY002165,O002314,2026-06-13,21100.79,PARTIAL
PAY002166,O002315,2026-07-07,935.11,PAID
PAY002167,O002316,2026-05-21,45488.77,PAID
PAY002168,O002317,2026-06-08,12269.74,PAID
PAY002169,O002318,2026-06-15,26341.2,PAID
PAY002170,O002319,2026-06-05,7336.83,PAID
PAY002171,O002320,2026-06-17,17894.27,PAID
PAY002172,O002322,2026-06-16,229517.93,PAID
PAY002173,O002323,2026-06-02,14282.92,PARTIAL
PAY002174,O002324,2026-06-11,47032.24,PARTIAL
PAY002175,O002325,2026-06-24,149835.63,PAID
PAY002176,O002326,2026-06-13,95304.61,PAID
PAY002177,O002327,2026-07-04,211377.61,PAID
PAY002178,O002328,2026-05-26,55943.55,PAID
PAY002179,O002329,2026-06-14,308765.92,PARTIAL
PAY002180,O002330,2026-05-18,371077.6,PAID
PAY002181,O002331,2026-06-21,303702.18,PAID
PAY002182,O002332,2026-06-03,21978.47,PAID
PAY002183,O002334,2026-05-20,16187.31,PARTIAL
PAY002184,O002335,2026-06-03,7909.2,PAID
PAY002185,O002336,2026-06-30,26102.97,PARTIAL
PAY002186,O002337,2026-06-10,20665.45,PARTIAL
PAY002187,O002338,2026-06-01,14739.18,PAID
PAY002188,O002339,2026-05-26,23054.11,PAID
PAY002189,O002340,2026-06-08,24028.05,PAID
PAY002190,O002341,2026-06-14,21822.09,PAID
PAY002191,O002342,2026-06-05,3650.22,PAID
PAY002192,O002343,2026-06-30,93546.7,PAID
PAY002193,O002344,2026-06-25,170359.16,PAID
PAY002194,O002345,2026-06-28,207572.44,PAID
PAY002195,O002346,2026-07-22,63953.73,PARTIAL
PAY002196,O002347,2026-06-17,199916.38,PAID
PAY002197,O002348,2026-07-01,59004.84,PAID
PAY002198,O002349,2026-06-21,130269.4,PAID
PAY002199,O002350,2026-07-05,95338.86,PAID
PAY002200,O002351,2026-07-21,9642.12,PAID
PAY002201,O002353,2026-07-10,261766.59,PAID
PAY002202,O002354,2026-07-17,66123.55,PAID
PAY002203,O002355,2026-07-20,136323.9,PAID
PAY002204,O002356,2026-06-29,393511.01,PAID
PAY002205,O002357,2026-07-19,277975.93,PAID
PAY002206,O002358,2026-07-09,98344.9,PARTIAL
PAY002207,O002359,2026-07-26,393021.19,PAID
PAY002208,O002360,2026-07-04,288067.37,PAID
PAY002209,O002361,2026-06-23,143624.75,PAID
PAY002210,O002362,2026-07-24,89933.72,PARTIAL
PAY002211,O002363,2026-07-20,11524.96,PAID
PAY002212,O002364,2026-07-15,30235.15,PAID
PAY002213,O002365,2026-07-14,14182.1,PAID
PAY002214,O002366,2026-07-19,28166.98,PARTIAL
PAY002215,O002367,2026-06-22,12048.84,PAID
PAY002216,O002368,2026-06-21,7047.5,PARTIAL
PAY002217,O002369,2026-07-15,25869.45,PAID
PAY002218,O002370,2026-07-06,7049.11,PAID
PAY002219,O002371,2026-06-15,17574.76,PARTIAL
PAY002220,O002372,2026-07-06,7254.31,PAID
PAY002221,O002373,2026-06-30,49036.4,PAID
PAY002222,O002374,2026-07-19,29815.29,PARTIAL
PAY002223,O002376,2026-06-25,15772.09,PAID
PAY002224,O002377,2026-07-21,16526.85,PAID
PAY002225,O002378,2026-07-23,2715.7,PAID
PAY002226,O002379,2026-07-11,15737.58,PAID
PAY002227,O002380,2026-07-15,24428.48,PAID
PAY002228,O002381,2026-07-29,63459.2,PAID
PAY002229,O002382,2026-07-19,5349.67,PARTIAL
PAY002230,O002383,2026-07-06,46943.62,PAID
PAY002231,O002384,2026-07-15,21365.87,PAID
PAY002232,O002386,2026-07-16,139840.0,PAID
PAY002233,O002388,2026-07-01,116805.53,PAID
PAY002234,O002390,2026-07-19,178275.08,PARTIAL
PAY002235,O002391,2026-06-18,19898.23,PAID
PAY002236,O002392,2026-07-29,325270.28,PAID
PAY002237,O002393,2026-07-13,73428.2,PAID
PAY002238,O002394,2026-08-01,351790.27,PAID
PAY002239,O002395,2026-07-15,147852.26,PAID
PAY002240,O002396,2026-07-03,420402.01,PAID
PAY002241,O002397,2026-06-29,125847.7,PARTIAL
PAY002242,O002398,2026-07-10,169212.11,PAID
PAY002243,O002399,2026-07-13,262894.22,PAID
PAY002244,O002401,2026-07-11,519389.37,PAID
PAY002245,O002402,2026-07-22,219394.46,PAID
PAY002246,O002403,2026-07-10,146988.21,PAID
PAY002247,O002404,2026-06-30,7927.88,PAID
PAY002248,O002406,2026-07-30,57370.93,PAID
PAY002249,O002407,2026-07-21,10338.08,PAID
PAY002250,O002408,2026-07-26,10384.23,PARTIAL
PAY002251,O002409,2026-07-12,40517.44,PAID
PAY002252,O002410,2026-08-01,2256.1,PAID
PAY002253,O002411,2026-07-01,24096.45,PAID
PAY002254,O002412,2026-07-24,7276.53,PAID
PAY002255,O002413,2026-06-27,35099.02,PAID
PAY002256,O002414,2026-07-19,12366.72,PARTIAL
PAY002257,O002415,2026-06-30,21248.53,PAID
PAY002258,O002417,2026-07-08,13842.51,PAID
PAY002259,O002418,2026-08-01,41138.14,PAID
PAY002260,O002419,2026-06-21,2975.92,PAID
PAY002261,O002420,2026-06-28,28099.95,PARTIAL
PAY002262,O002421,2026-06-15,18993.3,PAID
PAY002263,O002422,2026-07-09,25569.51,PAID
PAY002264,O002423,2026-07-17,36372.74,PAID
PAY002265,O002424,2026-06-19,21190.31,PAID
PAY002266,O002426,2026-07-29,205587.72,PARTIAL
PAY002267,O002427,2026-07-12,212815.39,PAID
PAY002268,O002428,2026-06-29,70409.97,PARTIAL
PAY002269,O002429,2026-06-29,101317.93,PAID
PAY002270,O002430,2026-07-10,14584.7,PAID
PAY002271,O002431,2026-07-14,413710.67,PAID
PAY002272,O002433,2026-07-25,26823.54,PAID
PAY002273,O002435,2026-07-11,26963.12,PAID
PAY002274,O002436,2026-07-01,24988.28,PAID
PAY002275,O002438,2026-06-27,1398.32,PAID
PAY002276,O002439,2026-07-14,1146.06,PAID
PAY002277,O002440,2026-06-30,10763.46,PARTIAL
PAY002278,O002443,2026-07-22,15933.15,PAID
PAY002279,O002444,2026-07-14,284440.99,PAID
PAY002280,O002445,2026-06-24,204600.52,PAID
PAY002281,O002446,2026-07-03,29865.13,PARTIAL
PAY002282,O002447,2026-07-20,102718.8,PAID
PAY002283,O002448,2026-07-08,344862.99,PAID
PAY002284,O002449,2026-06-13,8280.71,PARTIAL
PAY002285,O002450,2026-07-13,44473.23,PAID
PAY002286,O002451,2026-06-30,80956.1,PAID
PAY002287,O002452,2026-06-28,271727.59,PAID
PAY002288,O002453,2026-07-11,138470.91,PARTIAL
PAY002289,O002454,2026-07-04,231669.32,PAID
PAY002290,O002455,2026-07-30,17657.79,PAID
PAY002291,O002456,2026-08-01,15936.95,PARTIAL
PAY002292,O002457,2026-07-28,19234.93,PAID
PAY002293,O002459,2026-06-22,38218.9,PAID
PAY002294,O002460,2026-07-04,1807.78,PAID
PAY002295,O002461,2026-06-26,3245.34,PARTIAL
PAY002296,O002462,2026-07-08,58097.63,PAID
PAY002297,O002463,2026-07-18,24222.7,PAID
PAY002298,O002464,2026-06-18,15525.48,PAID
PAY002299,O002465,2026-08-21,286568.06,PAID
PAY002300,O002466,2026-07-30,94023.51,PARTIAL
PAY002301,O002467,2026-09-04,110703.96,PAID
PAY002302,O002468,2026-07-21,140294.14,PAID
PAY002303,O002469,2026-08-15,121588.14,PARTIAL
PAY002304,O002470,2026-09-01,155302.37,PAID
PAY002305,O002471,2026-08-01,5481.82,PARTIAL
PAY002306,O002472,2026-07-18,9065.34,PAID
PAY002307,O002473,2026-08-18,107977.9,PAID
PAY002308,O002474,2026-08-26,96078.86,PAID
PAY002309,O002475,2026-07-23,165516.11,PAID
PAY002310,O002476,2026-07-18,33919.49,PARTIAL
PAY002311,O002477,2026-08-07,65998.28,PAID
PAY002312,O002478,2026-08-30,206887.06,PARTIAL
PAY002313,O002479,2026-08-31,158146.99,PAID
PAY002314,O002480,2026-07-15,260396.74,PARTIAL
PAY002315,O002482,2026-08-26,462717.4,PAID
PAY002316,O002483,2026-07-31,144693.24,PAID
PAY002317,O002484,2026-08-03,355821.54,PAID
PAY002318,O002485,2026-07-16,18171.32,PAID
PAY002319,O002486,2026-08-09,32451.87,PARTIAL
PAY002320,O002487,2026-07-22,22952.84,PAID
PAY002321,O002488,2026-08-19,31448.06,PAID
PAY002322,O002489,2026-08-18,29175.31,PAID
PAY002323,O002490,2026-08-16,31331.23,PAID
PAY002324,O002491,2026-08-03,1132.2,PAID
PAY002325,O002492,2026-08-08,17716.66,PARTIAL
PAY002326,O002493,2026-08-24,9982.97,PAID
PAY002327,O002494,2026-08-10,9034.79,PARTIAL
PAY002328,O002495,2026-08-02,19062.94,PAID
PAY002329,O002496,2026-07-17,9288.95,PAID
PAY002330,O002497,2026-08-10,43052.25,PAID
PAY002331,O002498,2026-08-17,10166.62,PAID
PAY002332,O002499,2026-07-30,28195.03,PAID
PAY002333,O002500,2026-08-13,31724.68,PAID
PAY002334,O002501,2026-07-31,30109.93,PAID
PAY002335,O002502,2026-08-11,19905.92,PAID
PAY002336,O002503,2026-07-24,227412.46,PAID
PAY002337,O002504,2026-08-21,128943.3,PAID
PAY002338,O002506,2026-08-12,183300.89,PARTIAL
PAY002339,O002507,2026-07-23,96859.27,PARTIAL
PAY002340,O002508,2026-08-12,74140.16,PARTIAL
PAY002341,O002509,2026-07-11,278315.95,PAID
PAY002342,O002510,2026-08-26,170310.14,PAID
PAY002343,O002511,2026-07-27,50499.28,PAID
PAY002344,O002512,2026-08-12,256972.61,PAID
PAY002345,O002513,2026-08-10,277672.72,PAID
PAY002346,O002514,2026-07-27,226121.94,PAID
PAY002347,O002515,2026-08-03,179448.73,PAID
PAY002348,O002516,2026-08-02,87460.38,PAID
PAY002349,O002517,2026-08-15,233057.1,PAID
PAY002350,O002518,2026-08-24,308741.12,PAID
PAY002351,O002519,2026-07-24,46220.85,PAID
PAY002352,O002520,2026-08-16,23915.82,PAID
PAY002353,O002521,2026-08-25,5421.44,PARTIAL
PAY002354,O002522,2026-08-09,27576.02,PAID
PAY002355,O002523,2026-08-11,24075.25,PAID
PAY002356,O002524,2026-08-16,5544.46,PARTIAL
PAY002357,O002525,2026-08-24,10668.23,PAID
PAY002358,O002526,2026-08-20,1602.1,PAID
PAY002359,O002527,2026-08-06,1747.61,PARTIAL
PAY002360,O002528,2026-08-19,39429.89,PAID
PAY002361,O002529,2026-08-07,27371.36,PAID
PAY002362,O002530,2026-08-31,5003.91,PAID
PAY002363,O002531,2026-08-12,11201.86,PARTIAL
PAY002364,O002532,2026-08-28,29501.87,PAID
PAY002365,O002533,2026-08-18,2724.17,PAID
PAY002366,O002534,2026-07-27,7214.49,PARTIAL
PAY002367,O002535,2026-08-14,866.79,PARTIAL
PAY002368,O002536,2026-08-02,19470.16,PAID
PAY002369,O002537,2026-08-04,30182.15,PAID
PAY002370,O002538,2026-08-09,70612.53,PAID
PAY002371,O002539,2026-08-27,148569.17,PAID
PAY002372,O002540,2026-08-20,301508.92,PAID
PAY002373,O002541,2026-07-25,1754.0,PARTIAL
PAY002374,O002542,2026-08-04,70829.71,PAID
PAY002375,O002543,2026-08-13,287297.71,PAID
PAY002376,O002544,2026-08-10,84016.29,PAID
PAY002377,O002545,2026-08-08,16194.88,PAID
PAY002378,O002546,2026-08-08,324287.68,PAID
PAY002379,O002547,2026-08-20,200773.78,PAID
PAY002380,O002548,2026-08-10,27207.19,PAID
PAY002381,O002549,2026-08-16,48605.49,PAID
PAY002382,O002550,2026-07-25,26995.16,PAID
PAY002383,O002551,2026-08-09,35103.14,PAID
PAY002384,O002552,2026-07-21,24590.44,PAID
PAY002385,O002553,2026-08-08,34220.15,PAID
PAY002386,O002554,2026-07-26,14392.88,PARTIAL
PAY002387,O002555,2026-08-18,5625.14,PAID
PAY002388,O002556,2026-08-01,369538.76,PAID
PAY002389,O002557,2026-08-09,74346.74,PAID
PAY002390,O002559,2026-08-09,75716.31,PAID
PAY002391,O002560,2026-09-04,324473.95,PAID
PAY002392,O002561,2026-07-27,226068.08,PAID
PAY002393,O002562,2026-08-16,109771.86,PARTIAL
PAY002394,O002563,2026-08-02,33212.52,PARTIAL
PAY002395,O002564,2026-07-23,114156.34,PAID
PAY002396,O002565,2026-08-11,252803.32,PAID
PAY002397,O002567,2026-08-14,181612.97,PARTIAL
PAY002398,O002568,2026-08-09,37889.55,PAID
PAY002399,O002569,2026-08-23,153897.35,PARTIAL
PAY002400,O002570,2026-08-09,47390.55,PAID
PAY002401,O002571,2026-08-18,47962.54,PAID
PAY002402,O002572,2026-08-13,34119.33,PAID
PAY002403,O002573,2026-08-27,30867.67,PAID
PAY002404,O002574,2026-07-31,12688.06,PAID
PAY002405,O002575,2026-09-02,14552.73,PAID
PAY002406,O002576,2026-08-26,30038.99,PAID
PAY002407,O002577,2026-08-22,17090.38,PAID
PAY002408,O002578,2026-08-11,18194.38,PAID
PAY002409,O002579,2026-08-14,7362.55,PAID
PAY002410,O002581,2026-09-06,94354.22,PAID
PAY002411,O002582,2026-09-15,240476.24,PAID
PAY002412,O002583,2026-09-11,76233.87,PARTIAL
PAY002413,O002584,2026-09-08,107755.28,PAID
PAY002414,O002585,2026-09-20,228960.93,PAID
PAY002415,O002586,2026-09-05,104665.35,PAID
PAY002416,O002587,2026-09-09,379318.81,PAID
PAY002417,O002588,2026-09-27,28177.03,PAID
PAY002418,O002589,2026-09-04,322619.57,PAID
PAY002419,O002590,2026-09-06,98163.59,PAID
PAY002420,O002591,2026-09-08,132479.65,PAID
PAY002421,O002592,2026-08-26,139194.58,PARTIAL
PAY002422,O002593,2026-09-09,79559.41,PAID
PAY002423,O002594,2026-09-08,118244.3,PAID
PAY002424,O002595,2026-09-17,169295.71,PARTIAL
PAY002425,O002596,2026-09-05,237768.58,PARTIAL
PAY002426,O002597,2026-08-25,123729.08,PARTIAL
PAY002427,O002598,2026-08-26,196093.63,PAID
PAY002428,O002599,2026-09-10,109868.67,PAID
PAY002429,O002601,2026-08-24,41510.79,PAID
PAY002430,O002602,2026-09-30,31853.87,PAID
PAY002431,O002603,2026-09-24,5628.41,PAID
PAY002432,O002604,2026-08-13,54925.06,PAID
PAY002433,O002605,2026-08-22,12601.06,PAID
PAY002434,O002606,2026-09-06,42363.98,PAID
PAY002435,O002607,2026-09-02,7397.69,PAID
PAY002436,O002608,2026-09-08,13245.88,PAID
PAY002437,O002609,2026-09-20,37878.29,PAID
PAY002438,O002610,2026-09-22,49423.56,PAID
PAY002439,O002611,2026-09-12,897.43,PAID
PAY002440,O002614,2026-09-05,19512.92,PAID
PAY002441,O002615,2026-08-26,15733.19,PAID
PAY002442,O002616,2026-09-24,19240.73,PARTIAL
PAY002443,O002617,2026-09-11,17913.92,PAID
PAY002444,O002618,2026-08-23,350819.29,PAID
PAY002445,O002620,2026-09-14,162527.14,PAID
PAY002446,O002621,2026-08-16,105457.85,PARTIAL
PAY002447,O002622,2026-08-17,120504.94,PAID
PAY002448,O002623,2026-08-27,72730.07,PARTIAL
PAY002449,O002624,2026-08-31,7687.33,PARTIAL
PAY002450,O002625,2026-09-10,150336.73,PAID
PAY002451,O002626,2026-09-03,116543.02,PARTIAL
PAY002452,O002627,2026-09-14,196272.82,PAID
PAY002453,O002628,2026-09-07,44178.77,PAID
PAY002454,O002629,2026-09-07,105468.97,PAID
PAY002455,O002630,2026-08-26,501408.58,PAID
PAY002456,O002631,2026-09-17,236387.91,PAID
PAY002457,O002632,2026-08-21,316431.17,PAID
PAY002458,O002633,2026-09-05,266084.35,PAID
PAY002459,O002634,2026-09-12,105610.06,PAID
PAY002460,O002635,2026-08-27,8187.87,PAID
PAY002461,O002636,2026-09-10,14790.28,PARTIAL
PAY002462,O002637,2026-09-28,13865.52,PAID
PAY002463,O002638,2026-09-13,17199.79,PAID
PAY002464,O002639,2026-09-15,33561.71,PAID
PAY002465,O002640,2026-09-02,18695.84,PAID
PAY002466,O002641,2026-09-08,14199.04,PAID
PAY002467,O002642,2026-09-18,21155.48,PAID
PAY002468,O002643,2026-09-01,8156.23,PAID
PAY002469,O002644,2026-09-17,31337.06,PAID
PAY002470,O002645,2026-09-21,13550.45,PAID
PAY002471,O002646,2026-09-13,9551.93,PARTIAL
PAY002472,O002647,2026-09-16,31206.39,PAID
PAY002473,O002648,2026-08-31,8416.24,PARTIAL
PAY002474,O002649,2026-09-09,8665.83,PAID
PAY002475,O002651,2026-09-02,17867.61,PARTIAL
PAY002476,O002652,2026-09-01,31385.31,PAID
PAY002477,O002653,2026-09-30,10196.67,PAID
PAY002478,O002654,2026-09-05,12758.2,PARTIAL
PAY002479,O002655,2026-08-25,11415.72,PARTIAL
PAY002480,O002656,2026-09-09,14744.92,PARTIAL
PAY002481,O002657,2026-08-30,1958.55,PAID
PAY002482,O002658,2026-09-10,43256.74,PAID
PAY002483,O002659,2026-09-23,339106.83,PAID
PAY002484,O002660,2026-09-26,120423.08,PARTIAL
PAY002485,O002661,2026-08-23,196817.56,PAID
PAY002486,O002662,2026-08-29,341010.68,PAID
PAY002487,O002663,2026-08-29,156474.81,PAID
PAY002488,O002664,2026-08-22,210664.04,PAID
PAY002489,O002665,2026-08-17,200715.9,PAID
PAY002490,O002666,2026-08-27,342895.69,PAID
PAY002491,O002667,2026-09-13,19897.07,PAID
PAY002492,O002668,2026-10-01,51784.08,PAID
PAY002493,O002669,2026-09-02,57528.35,PAID
PAY002494,O002671,2026-09-10,18568.84,PAID
PAY002495,O002672,2026-09-07,48421.07,PAID
PAY002496,O002673,2026-08-25,10569.62,PAID
PAY002497,O002674,2026-09-21,13988.63,PAID
PAY002498,O002675,2026-09-21,44679.1,PAID
PAY002499,O002676,2026-09-05,47557.09,PARTIAL
PAY002500,O002677,2026-09-02,187994.31,PAID
PAY002501,O002678,2026-09-16,75438.05,PAID
PAY002502,O002679,2026-09-09,181837.12,PAID
PAY002503,O002680,2026-09-17,173869.36,PAID
PAY002504,O002681,2026-09-06,20013.0,PAID
PAY002505,O002682,2026-09-10,152580.77,PAID
PAY002506,O002683,2026-09-04,22542.94,PAID
PAY002507,O002684,2026-09-17,7447.81,PAID
PAY002508,O002685,2026-08-25,19090.44,PARTIAL
PAY002509,O002686,2026-09-08,1228.75,PARTIAL
PAY002510,O002687,2026-08-25,21516.8,PARTIAL
PAY002511,O002688,2026-09-02,24731.95,PAID
PAY002512,O002689,2026-09-06,5556.55,PARTIAL
PAY002513,O002690,2026-09-07,26892.67,PAID
PAY002514,O002691,2026-09-09,17643.35,PAID
PAY002515,O002692,2026-10-13,98254.89,PARTIAL
PAY002516,O002693,2026-10-27,90990.65,PAID
PAY002517,O002695,2026-10-11,150526.4,PAID
PAY002518,O002696,2026-10-06,165113.66,PAID
PAY002519,O002697,2026-09-24,119206.22,PAID
PAY002520,O002698,2026-10-01,124651.55,PAID
PAY002521,O002699,2026-09-25,46641.23,PAID
PAY002522,O002700,2026-10-11,190931.93,PAID
PAY002523,O002701,2026-10-21,218479.32,PAID
PAY002524,O002702,2026-10-02,22672.58,PAID
PAY002525,O002703,2026-10-21,121619.53,PAID
PAY002526,O002705,2026-10-18,406928.46,PAID
PAY002527,O002706,2026-10-16,89014.02,PARTIAL
PAY002528,O002707,2026-10-07,265363.14,PAID
PAY002529,O002708,2026-10-29,147986.63,PAID
PAY002530,O002709,2026-10-12,296901.81,PAID
PAY002531,O002710,2026-10-08,69070.46,PARTIAL
PAY002532,O002711,2026-09-25,386036.69,PAID
PAY002533,O002712,2026-10-11,215556.48,PARTIAL
PAY002534,O002713,2026-10-09,9951.98,PAID
PAY002535,O002714,2026-10-14,4513.13,PAID
PAY002536,O002715,2026-10-13,14477.34,PAID
PAY002537,O002716,2026-10-14,51642.02,PAID
PAY002538,O002717,2026-09-25,36481.48,PAID
PAY002539,O002718,2026-10-31,26491.39,PAID
PAY002540,O002719,2026-10-24,19194.44,PAID
PAY002541,O002720,2026-10-06,2295.47,PAID
PAY002542,O002721,2026-09-27,9598.05,PAID
PAY002543,O002722,2026-10-17,21020.76,PAID
PAY002544,O002723,2026-09-21,52391.4,PAID
PAY002545,O002724,2026-10-09,42729.06,PAID
PAY002546,O002725,2026-10-17,2255.64,PARTIAL
PAY002547,O002726,2026-10-07,44807.51,PAID
PAY002548,O002727,2026-10-26,34226.22,PAID
PAY002549,O002729,2026-09-26,10232.13,PAID
PAY002550,O002730,2026-09-27,5417.88,PARTIAL
PAY002551,O002731,2026-10-25,117191.34,PAID
PAY002552,O002732,2026-10-17,143300.77,PAID
PAY002553,O002733,2026-11-02,182410.7,PAID
PAY002554,O002734,2026-10-18,344185.14,PAID
PAY002555,O002735,2026-10-03,151066.25,PAID
PAY002556,O002736,2026-10-19,137227.91,PAID
PAY002557,O002737,2026-10-19,244632.58,PAID
PAY002558,O002738,2026-10-04,124806.31,PAID
PAY002559,O002739,2026-10-14,118177.05,PARTIAL
PAY002560,O002740,2026-10-26,170197.17,PAID
PAY002561,O002741,2026-10-23,64103.18,PARTIAL
PAY002562,O002742,2026-10-03,26151.21,PARTIAL
PAY002563,O002743,2026-09-28,261271.11,PAID
PAY002564,O002745,2026-10-27,45080.63,PAID
PAY002565,O002746,2026-10-19,135419.92,PAID
PAY002566,O002747,2026-09-23,108482.0,PAID
PAY002567,O002748,2026-10-11,147258.92,PAID
PAY002568,O002749,2026-09-27,148583.81,PAID
PAY002569,O002750,2026-10-07,490445.53,PAID
PAY002570,O002751,2026-10-06,32593.12,PARTIAL
PAY002571,O002752,2026-09-19,287907.38,PAID
PAY002572,O002753,2026-10-11,161567.33,PARTIAL
PAY002573,O002754,2026-10-02,86788.54,PAID
PAY002574,O002755,2026-09-24,80752.34,PARTIAL
PAY002575,O002756,2026-10-18,11653.9,PARTIAL
PAY002576,O002757,2026-10-08,56418.98,PAID
PAY002577,O002758,2026-10-01,1921.6,PAID
PAY002578,O002759,2026-10-18,14120.25,PAID
PAY002579,O002760,2026-10-16,30287.32,PAID
PAY002580,O002761,2026-10-15,16534.5,PAID
PAY002581,O002762,2026-10-24,14611.16,PAID
PAY002582,O002763,2026-10-05,5387.87,PAID
PAY002583,O002764,2026-10-01,39289.88,PAID
PAY002584,O002765,2026-10-23,22671.54,PARTIAL
PAY002585,O002766,2026-11-06,20515.3,PARTIAL
PAY002586,O002767,2026-09-29,45009.29,PAID
PAY002587,O002768,2026-11-03,45001.05,PAID
PAY002588,O002769,2026-10-09,32364.67,PAID
PAY002589,O002770,2026-09-18,979.03,PARTIAL
PAY002590,O002771,2026-10-07,2149.01,PAID
PAY002591,O002772,2026-10-12,22150.61,PAID
PAY002592,O002773,2026-09-23,4939.78,PAID
PAY002593,O002774,2026-09-24,36876.97,PAID
PAY002594,O002775,2026-09-19,6359.97,PAID
PAY002595,O002776,2026-10-06,28473.27,PAID
PAY002596,O002777,2026-10-19,41622.6,PAID
PAY002597,O002778,2026-11-02,7788.05,PAID
PAY002598,O002779,2026-09-18,17953.49,PARTIAL
PAY002599,O002780,2026-10-16,2518.63,PAID
PAY002600,O002781,2026-09-13,192651.08,PAID
PAY002601,O002782,2026-09-24,105627.76,PAID
PAY002602,O002783,2026-10-03,160658.7,PAID
PAY002603,O002784,2026-10-20,71133.43,PAID
PAY002604,O002786,2026-09-30,157600.15,PAID
PAY002605,O002787,2026-10-16,118231.94,PAID
PAY002606,O002788,2026-10-10,21852.37,PAID
PAY002607,O002789,2026-10-11,16046.6,PAID
PAY002608,O002790,2026-10-04,22095.12,PAID
PAY002609,O002791,2026-10-24,25034.17,PAID
PAY002610,O002792,2026-10-08,13281.92,PARTIAL
PAY002611,O002793,2026-10-25,14284.23,PAID
PAY002612,O002794,2026-10-08,14916.3,PAID
PAY002613,O002795,2026-09-27,9465.91,PAID
PAY002614,O002796,2026-10-12,28809.3,PAID
PAY002615,O002797,2026-09-30,289447.85,PAID
PAY002616,O002798,2026-09-28,154627.42,PAID
PAY002617,O002799,2026-09-29,120185.19,PAID
PAY002618,O002801,2026-10-02,93736.05,PAID
PAY002619,O002802,2026-10-13,182579.75,PAID
PAY002620,O002803,2026-10-05,74874.1,PAID
PAY002621,O002804,2026-10-03,53075.95,PAID
PAY002622,O002805,2026-09-22,31024.48,PARTIAL
PAY002623,O002806,2026-10-25,271958.12,PAID
PAY002624,O002807,2026-09-29,113596.57,PAID
PAY002625,O002808,2026-10-17,526884.29,PAID
PAY002626,O002809,2026-10-02,172247.11,PARTIAL
PAY002627,O002810,2026-09-23,87407.37,PAID
PAY002628,O002811,2026-10-11,24223.65,PARTIAL
PAY002629,O002812,2026-10-10,11235.09,PAID
PAY002630,O002813,2026-10-09,4312.9,PAID
PAY002631,O002814,2026-10-08,4668.97,PAID
PAY002632,O002815,2026-10-21,24595.2,PAID
PAY002633,O002816,2026-10-04,46596.85,PAID
PAY002634,O002817,2026-10-01,4422.83,PARTIAL
PAY002635,O002818,2026-10-08,33219.42,PAID
PAY002636,O002819,2026-10-08,15124.63,PAID
PAY002637,O002820,2026-10-02,28373.65,PAID
PAY002638,O002821,2026-10-09,14197.05,PARTIAL
PAY002639,O002823,2026-10-24,7963.6,PAID
PAY002640,O002824,2026-10-27,187236.24,PAID
PAY002641,O002825,2026-11-20,110522.55,PAID
PAY002642,O002826,2026-11-26,18376.45,PARTIAL
PAY002643,O002828,2026-10-29,5225.36,PAID
PAY002644,O002829,2026-10-31,111522.55,PARTIAL
PAY002645,O002830,2026-11-19,25569.2,PAID
PAY002646,O002831,2026-11-03,59954.64,PAID
PAY002647,O002832,2026-11-07,39905.53,PAID
PAY002648,O002833,2026-11-29,20176.24,PAID
PAY002649,O002835,2026-11-01,96882.88,PAID
PAY002650,O002836,2026-11-06,175168.85,PAID
PAY002651,O002837,2026-11-13,111871.0,PAID
PAY002652,O002838,2026-11-22,135706.32,PAID
PAY002653,O002839,2026-11-08,433132.9,PAID
PAY002654,O002840,2026-11-25,205326.14,PAID
PAY002655,O002841,2026-11-15,30858.24,PAID
PAY002656,O002842,2026-11-19,155704.74,PAID
PAY002657,O002843,2026-11-04,381632.73,PAID
PAY002658,O002844,2026-11-20,116602.35,PAID
PAY002659,O002845,2026-11-03,6359.48,PARTIAL
PAY002660,O002846,2026-11-05,7977.86,PARTIAL
PAY002661,O002847,2026-11-05,12534.98,PARTIAL
PAY002662,O002848,2026-11-16,46645.68,PAID
PAY002663,O002849,2026-11-26,7256.16,PAID
PAY002664,O002850,2026-11-17,3985.43,PAID
PAY002665,O002851,2026-11-10,24591.1,PAID
PAY002666,O002852,2026-10-31,51744.1,PAID
PAY002667,O002853,2026-11-23,46367.11,PAID
PAY002668,O002854,2026-10-26,2197.26,PARTIAL
PAY002669,O002855,2026-11-21,68761.09,PAID
PAY002670,O002856,2026-11-02,17845.39,PAID
PAY002671,O002857,2026-11-21,25942.89,PAID
PAY002672,O002858,2026-11-04,29392.86,PAID
PAY002673,O002859,2026-11-06,27707.35,PAID
PAY002674,O002860,2026-11-24,14858.31,PAID
PAY002675,O002861,2026-11-29,26945.31,PAID
PAY002676,O002862,2026-10-26,9877.79,PAID
PAY002677,O002863,2026-10-31,1668.19,PARTIAL
PAY002678,O002864,2026-11-19,10700.56,PAID
PAY002679,O002865,2026-11-17,24185.39,PARTIAL
PAY002680,O002866,2026-11-19,240478.74,PAID
PAY002681,O002867,2026-11-12,164850.71,PAID
PAY002682,O002868,2026-11-17,126014.26,PAID
PAY002683,O002869,2026-11-19,74162.43,PARTIAL
PAY002684,O002870,2026-11-04,235367.29,PAID
PAY002685,O002871,2026-11-10,80622.15,PARTIAL
PAY002686,O002872,2026-10-26,159380.77,PAID
PAY002687,O002873,2026-11-01,74115.15,PARTIAL
PAY002688,O002874,2026-11-08,314721.23,PAID
PAY002689,O002875,2026-11-30,136713.04,PAID
PAY002690,O002876,2026-11-11,159671.42,PAID
PAY002691,O002877,2026-11-10,229301.55,PAID
PAY002692,O002878,2026-11-02,103422.74,PAID
PAY002693,O002879,2026-10-30,73218.71,PARTIAL
PAY002694,O002880,2026-10-27,298023.99,PAID
PAY002695,O002881,2026-11-05,41187.06,PAID
PAY002696,O002882,2026-11-07,376273.11,PAID
PAY002697,O002883,2026-11-11,176382.37,PAID
PAY002698,O002884,2026-10-27,146001.27,PARTIAL
PAY002699,O002885,2026-10-18,111280.14,PAID
PAY002700,O002887,2026-10-16,149507.66,PAID
PAY002701,O002888,2026-10-14,256047.74,PAID
PAY002702,O002889,2026-11-26,49054.19,PAID
PAY002703,O002890,2026-10-20,19735.64,PAID
PAY002704,O002891,2026-11-16,10384.32,PARTIAL
PAY002705,O002892,2026-11-08,42603.81,PAID
PAY002706,O002894,2026-10-28,4632.73,PAID
PAY002707,O002895,2026-11-23,9299.0,PARTIAL
PAY002708,O002896,2026-11-04,10685.82,PAID
PAY002709,O002897,2026-11-02,9446.1,PAID
PAY002710,O002898,2026-12-05,13481.78,PARTIAL
PAY002711,O002899,2026-11-08,36396.63,PAID
PAY002712,O002900,2026-11-22,38747.85,PAID
PAY002713,O002901,2026-10-26,27431.23,PAID
PAY002714,O002902,2026-10-22,37875.36,PAID
PAY002715,O002903,2026-11-27,9972.52,PAID
PAY002716,O002904,2026-11-08,5274.33,PAID
PAY002717,O002905,2026-10-12,34634.06,PAID
PAY002718,O002907,2026-10-30,7159.99,PAID
PAY002719,O002908,2026-11-01,2924.31,PAID
PAY002720,O002909,2026-10-26,186855.77,PAID
PAY002721,O002910,2026-11-28,334927.19,PAID
PAY002722,O002911,2026-10-28,70772.94,PARTIAL
PAY002723,O002912,2026-11-23,63560.64,PAID
PAY002724,O002913,2026-10-24,30131.35,PARTIAL
PAY002725,O002914,2026-11-18,26600.13,PARTIAL
PAY002726,O002915,2026-11-16,213996.0,PAID
PAY002727,O002916,2026-11-11,16528.9,PARTIAL
PAY002728,O002917,2026-11-22,21775.42,PAID
PAY002729,O002918,2026-10-30,28560.73,PAID
PAY002730,O002919,2026-11-08,23635.55,PARTIAL
PAY002731,O002920,2026-10-26,16342.96,PAID
PAY002732,O002922,2026-11-15,8824.47,PARTIAL
PAY002733,O002923,2026-11-29,2442.48,PAID
PAY002734,O002924,2026-11-28,309982.48,PAID
PAY002735,O002925,2026-11-06,131977.28,PARTIAL
PAY002736,O002926,2026-10-20,396804.19,PAID
PAY002737,O002928,2026-11-08,84634.81,PAID
PAY002738,O002929,2026-11-14,284155.04,PAID
PAY002739,O002930,2026-10-30,9626.26,PAID
PAY002740,O002931,2026-11-18,105091.99,PAID
PAY002741,O002932,2026-10-13,90225.7,PAID
PAY002742,O002933,2026-11-06,657569.88,PAID
PAY002743,O002934,2026-11-11,370244.77,PAID
PAY002744,O002935,2026-11-18,128828.29,PAID
PAY002745,O002936,2026-11-12,18123.89,PAID
PAY002746,O002937,2026-11-10,15670.95,PARTIAL
PAY002747,O002938,2026-11-08,26479.42,PAID
PAY002748,O002939,2026-11-24,5530.21,PAID
PAY002749,O002940,2026-11-17,57548.54,PAID
PAY002750,O002941,2026-11-04,17884.19,PAID
PAY002751,O002943,2026-10-12,40745.28,PAID
PAY002752,O002944,2026-10-21,35038.1,PAID
PAY002753,O002945,2026-10-30,38419.29,PAID
PAY002754,O002946,2026-12-06,26568.52,PAID
PAY002755,O002947,2026-11-21,23466.1,PAID
PAY002756,O002948,2026-12-25,241669.99,PAID
PAY002757,O002949,2026-12-28,98433.73,PAID
PAY002758,O002950,2026-12-21,134255.8,PAID
PAY002759,O002951,2026-12-06,152168.17,PAID
PAY002760,O002952,2026-12-20,207939.46,PAID
PAY002761,O002953,2026-12-15,195308.77,PAID
PAY002762,O002954,2026-11-25,110016.77,PARTIAL
PAY002763,O002955,2026-12-14,5180.12,PAID
PAY002764,O002956,2026-12-24,236713.35,PAID
PAY002765,O002957,2026-12-07,6001.23,PAID
PAY002766,O002958,2026-12-19,135553.1,PAID
PAY002767,O002959,2026-12-30,114813.9,PAID
PAY002768,O002960,2026-12-07,23070.87,PAID
PAY002769,O002961,2027-01-01,62682.4,PARTIAL
PAY002770,O002963,2026-12-18,60660.73,PAID
PAY002771,O002964,2026-12-19,182490.64,PAID
PAY002772,O002965,2026-12-24,206040.22,PAID
PAY002773,O002966,2026-12-22,401861.5,PAID
PAY002774,O002967,2026-12-10,370405.12,PAID
PAY002775,O002968,2026-12-21,259619.43,PAID
PAY002776,O002969,2026-12-06,385928.84,PAID
PAY002777,O002970,2026-12-07,72214.37,PAID
PAY002778,O002971,2026-11-25,219749.74,PAID
PAY002779,O002972,2026-11-16,335539.88,PAID
PAY002780,O002973,2027-01-01,15659.5,PAID
PAY002781,O002974,2026-12-20,50871.6,PAID
PAY002782,O002975,2026-11-27,23373.59,PAID
PAY002783,O002976,2026-12-31,18824.71,PARTIAL
PAY002784,O002977,2026-12-12,21926.2,PAID
PAY002785,O002979,2026-12-16,14393.83,PAID
PAY002786,O002980,2026-12-09,29895.39,PAID
PAY002787,O002982,2026-12-04,52641.52,PAID
PAY002788,O002983,2026-12-13,19745.16,PAID
PAY002789,O002984,2027-01-05,29230.6,PAID
PAY002790,O002985,2026-12-07,5884.72,PAID
PAY002791,O002986,2026-12-18,928.7,PAID
PAY002792,O002987,2026-12-23,35370.57,PAID
PAY002793,O002988,2026-11-22,636.7,PAID
PAY002794,O002989,2026-12-15,33777.74,PAID
PAY002795,O002990,2026-12-03,37947.0,PAID
PAY002796,O002991,2026-11-27,12864.52,PAID
PAY002797,O002992,2026-12-10,12082.81,PAID
PAY002798,O002993,2026-11-17,47655.82,PARTIAL
PAY002799,O002994,2026-12-23,51407.08,PAID
PAY002800,O002995,2026-12-26,103920.32,PARTIAL
PAY002801,O002996,2026-12-14,22108.7,PAID
PAY002802,O002997,2026-12-11,290302.45,PAID
PAY002803,O002998,2026-12-13,41382.1,PARTIAL
PAY002804,O002999,2026-11-22,113158.45,PARTIAL
PAY002805,O003000,2026-12-20,124566.74,PAID
PAY002806,O003001,2026-12-06,187685.41,PAID
PAY002807,O003002,2026-12-18,56998.27,PARTIAL
PAY002808,O003003,2026-12-07,177595.65,PAID
PAY002809,O003004,2026-12-11,43796.5,PARTIAL
PAY002810,O003005,2026-12-21,63183.34,PARTIAL
PAY002811,O003006,2026-12-07,162783.37,PARTIAL
PAY002812,O003007,2026-11-25,313887.48,PAID
PAY002813,O003008,2026-12-31,51908.78,PAID
PAY002814,O003009,2026-12-17,81300.85,PAID
PAY002815,O003010,2026-12-13,29370.66,PAID
PAY002816,O003011,2026-12-01,348789.9,PAID
PAY002817,O003012,2026-11-23,69530.12,PAID
PAY002818,O003013,2026-12-08,354275.23,PAID
PAY002819,O003014,2026-12-21,126048.63,PAID
PAY002820,O003015,2026-12-24,454626.28,PAID
PAY002821,O003016,2026-12-11,357157.58,PAID
PAY002822,O003017,2026-12-22,172741.15,PAID
PAY002823,O003018,2026-12-17,307304.9,PAID
PAY002824,O003019,2026-12-18,13292.54,PARTIAL
PAY002825,O003020,2026-11-22,15047.74,PAID
PAY002826,O003021,2026-12-20,11677.99,PARTIAL
PAY002827,O003022,2026-12-16,16207.63,PAID
PAY002828,O003023,2026-12-14,27032.59,PAID
PAY002829,O003024,2026-11-22,17481.33,PAID
PAY002830,O003025,2026-12-19,34867.33,PAID
PAY002831,O003026,2026-12-01,11696.88,PAID
PAY002832,O003027,2026-11-25,35093.72,PARTIAL
PAY002833,O003028,2026-11-11,8918.15,PARTIAL
PAY002834,O003029,2026-12-02,15258.62,PAID
PAY002835,O003030,2026-11-20,23255.96,PAID
PAY002836,O003031,2026-12-22,13775.18,PAID
PAY002837,O003032,2026-12-17,47781.07,PAID
PAY002838,O003033,2026-11-26,14440.54,PAID
PAY002839,O003034,2026-12-06,10104.23,PAID
PAY002840,O003035,2026-11-25,35495.42,PAID
PAY002841,O003036,2026-11-28,12875.87,PARTIAL
PAY002842,O003037,2026-11-20,11121.88,PAID
PAY002843,O003038,2026-12-03,7970.99,PARTIAL
PAY002844,O003039,2026-12-19,13050.37,PARTIAL
PAY002845,O003040,2026-11-30,285709.81,PAID
PAY002846,O003041,2026-11-27,380042.13,PAID
PAY002847,O003042,2026-12-02,17096.45,PAID
PAY002848,O003043,2026-12-10,83517.43,PARTIAL
PAY002849,O003044,2026-12-05,172011.79,PARTIAL
PAY002850,O003045,2026-12-09,138339.89,PAID
PAY002851,O003046,2026-12-01,90225.06,PARTIAL
PAY002852,O003048,2026-12-20,307050.65,PAID
PAY002853,O003049,2026-12-10,479296.98,PAID
PAY002854,O003050,2026-12-01,139434.66,PAID
PAY002855,O003051,2026-12-26,5836.65,PAID
PAY002856,O003052,2026-12-08,37304.01,PAID
PAY002857,O003053,2026-11-25,16392.85,PAID
PAY002858,O003054,2026-12-10,17056.14,PAID
PAY002859,O003055,2026-11-30,26068.25,PAID
PAY002860,O003056,2026-12-08,25570.31,PAID
PAY002861,O003057,2027-01-03,34297.14,PAID
PAY002862,O003058,2026-12-06,30427.65,PAID
PAY002863,O003059,2026-11-29,8071.69,PAID
PAY002864,O003060,2026-12-16,164913.52,PAID
PAY002865,O003061,2026-12-11,402610.64,PAID
PAY002866,O003062,2026-12-05,290403.55,PAID
PAY002867,O003063,2026-12-04,145008.4,PAID
PAY002868,O003064,2026-11-28,129884.06,PARTIAL
PAY002869,O003065,2026-12-07,99794.03,PAID
PAY002870,O003066,2026-12-21,7368.11,PAID
PAY002871,O003067,2026-11-27,44625.14,PAID
PAY002872,O003068,2026-11-26,77738.37,PAID
PAY002873,O003069,2026-12-01,213944.9,PAID
PAY002874,O003070,2026-12-16,87198.62,PAID
PAY002875,O003071,2026-12-06,81841.04,PAID
PAY002876,O003072,2026-12-16,236169.37,PAID
PAY002877,O003073,2026-12-21,301244.03,PAID
PAY002878,O003074,2026-12-04,26147.4,PAID
PAY002879,O003075,2026-12-31,26926.26,PAID
PAY002880,O003076,2026-12-15,36498.02,PAID
PAY002881,O003077,2026-11-15,16385.37,PARTIAL
PAY002882,O003078,2026-12-02,18428.13,PAID
PAY002883,O003079,2026-12-15,2824.86,PAID
PAY002884,O003080,2026-12-04,23161.45,PAID
PAY002885,O003081,2026-12-23,34260.04,PAID
PAY002886,O003082,2026-11-29,25503.42,PAID
PAY002887,O003083,2026-11-20,25159.04,PAID
PAY002888,O003084,2026-12-20,7091.7,PARTIAL
PAY002889,O003085,2026-12-06,6525.35,PAID
PAY002890,O003086,2027-01-27,100055.27,PAID
PAY002891,O003087,2026-12-28,89125.87,PARTIAL
PAY002892,O003088,2027-01-17,76429.37,PAID
PAY002893,O003089,2026-12-25,16040.79,PARTIAL
PAY002894,O003090,2027-01-17,167529.8,PAID
PAY002895,O003091,2026-12-16,81009.01,PAID
PAY002896,O003093,2027-01-11,94224.02,PAID
PAY002897,O003094,2027-01-01,58069.82,PAID
PAY002898,O003095,2027-01-19,199417.35,PAID
PAY002899,O003096,2026-12-29,20216.26,PAID
PAY002900,O003097,2026-12-29,64235.79,PARTIAL
PAY002901,O003098,2027-01-13,65639.77,PARTIAL
PAY002902,O003099,2027-01-27,219544.43,PAID
PAY002903,O003100,2027-01-27,148399.39,PAID
PAY002904,O003101,2026-12-26,67587.87,PAID
PAY002905,O003102,2027-01-17,256806.67,PAID
PAY002906,O003103,2027-01-18,23396.37,PAID
PAY002907,O003104,2027-01-02,46135.4,PAID
PAY002908,O003105,2027-01-10,284376.24,PAID
PAY002909,O003106,2027-01-25,73880.77,PAID
PAY002910,O003107,2027-01-11,214851.97,PAID
PAY002911,O003108,2026-12-30,144462.21,PAID
PAY002912,O003110,2027-01-06,16111.3,PAID
PAY002913,O003111,2027-01-18,22359.99,PARTIAL
PAY002914,O003112,2026-12-26,22212.53,PAID
PAY002915,O003113,2027-01-15,5199.79,PARTIAL
PAY002916,O003114,2027-01-05,33630.51,PAID
PAY002917,O003115,2027-01-05,18854.52,PARTIAL
PAY002918,O003116,2026-12-13,18856.98,PAID
PAY002919,O003117,2027-01-04,26771.85,PAID
PAY002920,O003118,2027-01-21,57114.27,PAID
PAY002921,O003119,2027-01-09,31264.35,PAID
PAY002922,O003120,2027-01-25,30632.43,PAID
PAY002923,O003121,2026-12-14,43433.78,PAID
PAY002924,O003122,2027-01-01,8547.03,PARTIAL
PAY002925,O003123,2027-01-30,16925.41,PAID
PAY002926,O003125,2027-01-10,31488.48,PAID
PAY002927,O003126,2026-12-28,19291.04,PAID
PAY002928,O003127,2027-01-11,31670.91,PAID
PAY002929,O003128,2027-01-14,24246.33,PAID
PAY002930,O003129,2027-01-06,16698.77,PAID
PAY002931,O003130,2026-12-24,31582.66,PAID
PAY002932,O003131,2026-12-26,13814.38,PAID
PAY002933,O003133,2027-01-10,9745.83,PARTIAL
PAY002934,O003134,2027-01-18,15344.29,PAID
PAY002935,O003135,2027-01-03,32241.42,PAID
PAY002936,O003136,2027-01-22,112981.97,PAID
PAY002937,O003137,2027-01-10,268414.5,PAID
PAY002938,O003139,2027-01-25,38635.79,PAID
PAY002939,O003140,2027-01-02,22879.32,PAID
PAY002940,O003141,2026-12-20,54037.34,PARTIAL
PAY002941,O003142,2027-01-19,60175.56,PAID
PAY002942,O003143,2027-01-10,170922.16,PAID
PAY002943,O003144,2027-01-23,127426.44,PAID
PAY002944,O003145,2027-01-15,34742.25,PARTIAL
PAY002945,O003146,2026-12-16,21514.9,PARTIAL
PAY002946,O003147,2026-12-22,6692.45,PARTIAL
PAY002947,O003148,2026-12-17,191998.8,PARTIAL
PAY002948,O003149,2027-01-22,98924.22,PAID
PAY002949,O003150,2027-01-07,54413.73,PARTIAL
PAY002950,O003151,2027-01-27,186844.87,PAID
PAY002951,O003152,2026-12-24,68990.48,PARTIAL
PAY002952,O003153,2027-01-23,219911.85,PAID
PAY002953,O003154,2027-01-16,139186.09,PAID
PAY002954,O003155,2026-12-27,159250.62,PAID
PAY002955,O003156,2027-01-22,81853.51,PAID
PAY002956,O003157,2026-12-12,18365.18,PARTIAL
PAY002957,O003158,2027-01-16,145008.52,PAID
PAY002958,O003159,2027-01-28,125056.22,PAID
PAY002959,O003160,2027-01-10,138073.46,PAID
PAY002960,O003161,2027-01-10,179334.86,PAID
PAY002961,O003162,2027-01-28,333592.71,PAID
PAY002962,O003163,2026-12-24,100253.88,PAID
PAY002963,O003164,2027-01-07,552812.09,PAID
PAY002964,O003165,2027-01-24,34872.16,PAID
PAY002965,O003166,2026-12-24,9162.39,PARTIAL
PAY002966,O003167,2027-01-25,18187.12,PAID
PAY002967,O003168,2027-01-01,17676.46,PAID
PAY002968,O003169,2027-01-19,8601.81,PAID
PAY002969,O003170,2027-01-29,27515.22,PAID
PAY002970,O003171,2026-12-20,54025.87,PAID
PAY002971,O003172,2027-01-08,2634.93,PARTIAL
PAY002972,O003173,2027-01-25,64649.95,PAID
PAY002973,O003174,2027-01-06,17124.14,PARTIAL
PAY002974,O003175,2026-12-16,30347.14,PAID
PAY002975,O003176,2026-12-28,11616.62,PAID
PAY002976,O003177,2027-01-17,9645.87,PAID
PAY002977,O003178,2027-01-26,3974.95,PAID
PAY002978,O003179,2027-01-18,53926.64,PAID
PAY002979,O003180,2027-01-03,6128.41,PARTIAL
PAY002980,O003181,2027-01-12,13911.49,PAID
PAY002981,O003182,2026-12-26,10889.57,PARTIAL
PAY002982,O003183,2027-01-01,11078.45,PARTIAL
PAY002983,O003184,2026-12-20,26147.5,PAID
PAY002984,O003185,2027-01-29,13439.29,PAID
PAY002985,O003186,2027-02-05,11440.79,PAID
PAY002986,O003187,2027-01-18,7842.55,PAID
PAY002987,O003188,2026-12-30,125598.43,PAID
PAY002988,O003189,2027-02-02,99977.83,PAID
PAY002989,O003190,2027-01-10,203771.02,PAID
PAY002990,O003192,2027-01-17,120381.0,PAID
PAY002991,O003193,2026-12-30,249984.9,PAID
PAY002992,O003194,2027-01-13,167915.44,PAID
PAY002993,O003195,2027-01-19,109811.63,PARTIAL
PAY002994,O003196,2027-01-19,108995.42,PAID
PAY002995,O003197,2027-01-08,23763.32,PAID
PAY002996,O003198,2026-12-20,82964.95,PAID
PAY002997,O003199,2027-01-13,47170.76,PAID
PAY002998,O003200,2027-01-23,22013.82,PAID
PAY002999,O003201,2027-01-18,28829.7,PAID
PAY003000,O003202,2026-12-22,64522.2,PAID
PAY003001,O003203,2027-01-09,23116.35,PAID
PAY003002,O003204,2027-01-14,17749.5,PAID
PAY003003,O003205,2026-12-31,10401.57,PARTIAL
PAY003004,O003206,2027-01-10,11724.64,PAID
PAY003005,O003207,2027-01-06,9263.77,PARTIAL
PAY003006,O003209,2027-01-18,5898.24,PARTIAL
PAY003007,O003210,2026-12-22,3461.91,PAID
PAY003008,O003211,2027-01-10,169859.09,PAID
PAY003009,O003212,2027-01-10,104786.91,PARTIAL
PAY003010,O003213,2026-12-20,118817.56,PAID
PAY003011,O003214,2027-01-03,73627.5,PARTIAL
PAY003012,O003215,2027-01-15,24531.05,PAID
PAY003013,O003216,2027-01-21,191834.26,PAID
PAY003014,O003218,2027-01-25,427239.05,PAID
PAY003015,O003219,2027-01-15,95348.33,PARTIAL
PAY003016,O003220,2027-01-12,348614.81,PAID
PAY003017,O003221,2027-01-24,137738.79,PAID
PAY003018,O003222,2027-01-20,207014.94,PAID
PAY003019,O003223,2027-01-27,156098.79,PAID
PAY003020,O003225,2026-12-19,79841.09,PAID
PAY003021,O003226,2026-12-30,27641.76,PAID
PAY003022,O003227,2026-12-16,38972.95,PAID
PAY003023,O003228,2027-01-31,3668.14,PAID
PAY003024,O003229,2027-01-03,40067.49,PAID
PAY003025,O003230,2026-12-27,36090.9,PAID
PAY003026,O003231,2027-01-08,25751.12,PAID
PAY003027,O003232,2027-01-11,35734.5,PAID
PAY003028,O003233,2027-01-02,19596.09,PARTIAL
PAY003029,O003234,2027-01-08,7554.7,PARTIAL
PAY003030,O003236,2026-12-18,18554.92,PAID
PAY003031,O003237,2027-01-30,23101.11,PARTIAL
PAY003032,O003238,2027-01-16,801.14,PAID
