touchpoint_id,customer_id,campaign_id,touchpoint_time,touchpoint_type,sales_rep_id,cost_amount
T000001,C0009,CAMP006,2024-01-14,HOSPITAL_VISIT,SR003,1754.41
T000002,C0009,CAMP015,2024-01-19,HOSPITAL_VISIT,SR003,415.4
T000003,C0008,CAMP004,2024-01-02,ONLINE,SR001,2351.56
T000004,C0018,CAMP014,2024-01-01,CONFERENCE,SR006,2037.75
T000005,C0005,CAMP009,2024-01-03,CONFERENCE,SR004,2438.43
T000006,C0005,CAMP006,2024-01-08,EMAIL,SR004,843.75
T000007,C0011,CAMP010,2024-01-08,ONLINE,SR001,2212.31
T000008,C0052,CAMP015,2024-01-06,HOSPITAL_VISIT,SR010,1832.72
T000009,C0033,CAMP008,2024-01-06,HOSPITAL_VISIT,SR012,2140.17
T000010,C0036,CAMP008,2024-01-06,ONLINE,SR007,879.9
T000011,C0078,CAMP012,2024-01-02,EMAIL,SR016,1969.19
T000012,C0081,CAMP007,2024-01-05,HOSPITAL_VISIT,SR015,2443.12
T000013,C0089,CAMP012,2024-01-13,EMAIL,SR016,737.03
T000014,C0097,CAMP009,2024-01-05,ONLINE,SR020,1257.76
T000015,C0109,CAMP010,2024-01-19,CONFERENCE,SR019,641.55
T000016,C0008,CAMP013,2024-01-24,EMAIL,SR004,2587.16
T000017,C0020,CAMP015,2024-01-29,CONFERENCE,SR005,743.45
T000018,C0020,CAMP007,2024-02-05,HOSPITAL_VISIT,SR005,1643.66
T000019,C0009,CAMP015,2024-01-01,CONFERENCE,SR001,1039.57
T000020,C0009,CAMP012,2024-01-26,ONLINE,SR001,1769.39
T000021,C0009,CAMP011,2024-01-25,EMAIL,SR006,1548.42
T000022,C0009,CAMP013,2024-01-17,EMAIL,SR004,2815.24
T000023,C0009,CAMP013,2024-02-11,CONFERENCE,SR004,2095.68
T000024,C0009,CAMP004,2024-02-03,ONLINE,SR006,2913.35
T000025,C0013,CAMP004,2024-01-23,EMAIL,SR005,415.88
T000026,C0013,CAMP010,2024-01-16,CONFERENCE,SR005,2579.84
T000027,C0016,CAMP015,2024-01-14,CONFERENCE,SR001,2027.73
T000028,C0009,CAMP001,2024-02-14,CONFERENCE,SR004,791.83
T000029,C0009,CAMP012,2024-01-19,CONFERENCE,SR004,2514.13
T000030,C0026,CAMP012,2024-02-12,HOSPITAL_VISIT,SR003,1279.71
T000031,C0014,CAMP011,2024-01-08,HOSPITAL_VISIT,SR005,1270.06
T000032,C0014,CAMP007,2024-01-01,ONLINE,SR005,1969.39
T000033,C0027,CAMP004,2024-01-27,HOSPITAL_VISIT,SR005,1885.42
T000034,C0001,CAMP001,2024-01-30,ONLINE,SR003,1983.68
T000035,C0019,CAMP014,2024-01-04,ONLINE,SR005,2663.73
T000036,C0003,CAMP004,2024-02-05,ONLINE,SR003,1293.4
T000037,C0003,CAMP006,2024-01-29,HOSPITAL_VISIT,SR003,1429.36
T000038,C0039,CAMP004,2024-02-05,CONFERENCE,SR007,2410.29
T000039,C0031,CAMP011,2024-01-27,HOSPITAL_VISIT,SR011,2869.99
T000040,C0031,CAMP007,2024-01-24,ONLINE,SR011,2742.89
T000041,C0047,CAMP008,2024-01-15,EMAIL,SR011,691.63
T000042,C0040,CAMP002,2024-01-01,HOSPITAL_VISIT,SR007,659.83
T000043,C0031,CAMP008,2024-01-02,ONLINE,SR007,738.59
T000044,C0031,CAMP011,2024-01-20,HOSPITAL_VISIT,SR007,1208.81
T000045,C0059,CAMP003,2024-01-26,HOSPITAL_VISIT,SR009,467.86
T000046,C0057,CAMP007,2024-01-15,HOSPITAL_VISIT,SR008,1321.58
T000047,C0070,CAMP010,2024-01-20,HOSPITAL_VISIT,SR015,1296.2
T000048,C0070,CAMP001,2024-01-16,CONFERENCE,SR015,2656.8
T000049,C0086,CAMP011,2024-01-22,CONFERENCE,SR018,1760.67
T000050,C0086,CAMP014,2024-01-06,ONLINE,SR015,778.84
T000051,C0086,CAMP002,2024-01-05,HOSPITAL_VISIT,SR015,1664.89
T000052,C0090,CAMP011,2024-01-08,EMAIL,SR015,910.89
T000053,C0090,CAMP013,2024-01-10,ONLINE,SR015,1704.02
T000054,C0077,CAMP015,2024-01-27,ONLINE,SR016,1486.29
T000055,C0075,CAMP009,2024-02-15,ONLINE,SR016,2333.83
T000056,C0068,CAMP009,2024-01-14,ONLINE,SR018,1802.76
T000057,C0068,CAMP015,2024-02-07,ONLINE,SR018,1029.51
T000058,C0076,CAMP015,2024-01-02,HOSPITAL_VISIT,SR015,2377.92
T000059,C0076,CAMP015,2024-01-29,EMAIL,SR015,2340.49
T000060,C0073,CAMP001,2024-01-21,ONLINE,SR018,1066.19
T000061,C0073,CAMP008,2024-02-09,EMAIL,SR018,1670.91
T000062,C0110,CAMP007,2024-02-15,EMAIL,SR024,1999.86
T000063,C0110,CAMP007,2024-01-24,EMAIL,SR024,1211.45
T000064,C0021,CAMP011,2024-02-09,HOSPITAL_VISIT,SR006,1335.27
T000065,C0007,CAMP007,2024-02-20,CONFERENCE,SR005,1400.74
T000066,C0007,CAMP005,2024-02-20,HOSPITAL_VISIT,SR005,375.03
T000067,C0026,CAMP013,2024-03-02,EMAIL,SR001,1069.3
T000068,C0026,CAMP015,2024-02-24,ONLINE,SR001,2208.95
T000069,C0026,CAMP008,2024-02-27,EMAIL,SR005,2871.03
T000070,C0025,CAMP011,2024-03-02,EMAIL,SR004,1599.62
T000071,C0027,CAMP013,2024-02-25,HOSPITAL_VISIT,SR005,238.09
T000072,C0027,CAMP012,2024-02-04,CONFERENCE,SR005,1240.27
T000073,C0011,CAMP010,2024-02-23,CONFERENCE,SR005,1864.5
T000074,C0011,CAMP004,2024-03-04,EMAIL,SR005,966.66
T000075,C0025,CAMP002,2024-01-24,EMAIL,SR005,289.43
T000076,C0027,CAMP005,2024-03-11,HOSPITAL_VISIT,SR005,1430.2
T000077,C0027,CAMP014,2024-03-23,HOSPITAL_VISIT,SR005,1356.78
T000078,C0021,CAMP001,2024-02-26,CONFERENCE,SR002,2738.72
T000079,C0021,CAMP012,2024-02-20,ONLINE,SR002,748.85
T000080,C0026,CAMP003,2024-02-29,CONFERENCE,SR006,2435.22
T000081,C0014,CAMP007,2024-02-21,HOSPITAL_VISIT,SR002,2639.1
T000082,C0014,CAMP013,2024-02-17,ONLINE,SR002,928.97
T000083,C0026,CAMP010,2024-02-19,ONLINE,SR005,1700.58
T000084,C0009,CAMP010,2024-02-15,CONFERENCE,SR004,1032.9
T000085,C0009,CAMP012,2024-03-09,ONLINE,SR004,1517.55
T000086,C0052,CAMP014,2024-03-09,HOSPITAL_VISIT,SR011,2581.73
T000087,C0052,CAMP015,2024-02-11,EMAIL,SR011,1187.43
T000088,C0048,CAMP003,2024-02-17,HOSPITAL_VISIT,SR011,2035.57
T000089,C0052,CAMP009,2024-02-06,EMAIL,SR009,564.62
T000090,C0054,CAMP007,2024-02-09,HOSPITAL_VISIT,SR012,863.39
T000091,C0040,CAMP006,2024-03-15,CONFERENCE,SR009,354.91
T000092,C0059,CAMP002,2024-02-15,ONLINE,SR012,498.1
T000093,C0059,CAMP014,2024-02-09,CONFERENCE,SR012,1407.79
T000094,C0053,CAMP004,2024-02-26,HOSPITAL_VISIT,SR007,329.14
T000095,C0032,CAMP006,2024-02-10,CONFERENCE,SR011,1228.99
T000096,C0032,CAMP010,2024-03-19,HOSPITAL_VISIT,SR010,1049.91
T000097,C0031,CAMP001,2024-02-22,CONFERENCE,SR011,1162.14
T000098,C0031,CAMP003,2024-02-01,HOSPITAL_VISIT,SR011,1386.06
T000099,C0039,CAMP003,2024-02-08,EMAIL,SR011,1235.25
T000100,C0039,CAMP007,2024-02-08,CONFERENCE,SR011,1111.18
T000101,C0081,CAMP012,2024-03-06,EMAIL,SR015,439.89
T000102,C0081,CAMP009,2024-03-17,CONFERENCE,SR013,2187.62
T000103,C0070,CAMP012,2024-02-16,HOSPITAL_VISIT,SR015,2590.65
T000104,C0081,CAMP013,2024-01-31,HOSPITAL_VISIT,SR014,1767.17
T000105,C0076,CAMP009,2024-02-29,HOSPITAL_VISIT,SR013,1541.47
T000106,C0076,CAMP003,2024-02-23,HOSPITAL_VISIT,SR017,1370.86
T000107,C0087,CAMP001,2024-01-24,CONFERENCE,SR017,2203.94
T000108,C0072,CAMP014,2024-02-18,ONLINE,SR014,2716.13
T000109,C0072,CAMP013,2024-02-22,EMAIL,SR014,2160.58
T000110,C0080,CAMP012,2024-02-07,ONLINE,SR015,1292.71
T000111,C0080,CAMP002,2024-02-04,HOSPITAL_VISIT,SR015,1582.85
T000112,C0084,CAMP009,2024-02-13,EMAIL,SR016,2078.77
T000113,C0069,CAMP008,2024-02-24,HOSPITAL_VISIT,SR013,351.87
T000114,C0094,CAMP005,2024-03-06,EMAIL,SR019,987.73
T000115,C0094,CAMP002,2024-03-10,HOSPITAL_VISIT,SR019,1541.67
T000116,C0097,CAMP015,2024-02-08,ONLINE,SR020,573.74
T000117,C0110,CAMP012,2024-02-09,ONLINE,SR019,1910.38
T000118,C0097,CAMP015,2024-03-15,EMAIL,SR019,2143.92
T000119,C0097,CAMP002,2024-03-03,ONLINE,SR019,1536.77
T000120,C0115,CAMP002,2024-02-19,ONLINE,SR020,2164.51
T000121,C0028,CAMP007,2024-03-29,EMAIL,SR002,1608.93
T000122,C0027,CAMP005,2024-04-08,HOSPITAL_VISIT,SR001,957.22
T000123,C0027,CAMP007,2024-03-18,CONFERENCE,SR001,514.16
T000124,C0020,CAMP010,2024-03-27,CONFERENCE,SR006,1728.63
T000125,C0019,CAMP014,2024-03-29,ONLINE,SR005,868.53
T000126,C0028,CAMP009,2024-03-01,HOSPITAL_VISIT,SR004,268.04
T000127,C0028,CAMP007,2024-03-20,ONLINE,SR004,1481.04
T000128,C0002,CAMP014,2024-03-25,ONLINE,SR005,2298.32
T000129,C0002,CAMP006,2024-03-12,EMAIL,SR005,2735.96
T000130,C0011,CAMP010,2024-03-24,HOSPITAL_VISIT,SR006,1220.47
T000131,C0011,CAMP003,2024-03-14,EMAIL,SR002,2468.05
T000132,C0028,CAMP002,2024-03-22,CONFERENCE,SR003,2599.22
T000133,C0028,CAMP007,2024-04-12,CONFERENCE,SR003,1549.53
T000134,C0014,CAMP008,2024-02-23,CONFERENCE,SR004,1116.85
T000135,C0011,CAMP006,2024-03-20,EMAIL,SR002,1641.15
T000136,C0011,CAMP009,2024-03-16,CONFERENCE,SR002,460.12
T000137,C0026,CAMP013,2024-03-24,EMAIL,SR003,1603.78
T000138,C0026,CAMP013,2024-03-23,HOSPITAL_VISIT,SR003,292.4
T000139,C0028,CAMP003,2024-03-17,CONFERENCE,SR004,514.37
T000140,C0009,CAMP005,2024-03-29,HOSPITAL_VISIT,SR004,450.6
T000141,C0026,CAMP008,2024-03-16,ONLINE,SR006,2041.42
T000142,C0026,CAMP008,2024-04-10,HOSPITAL_VISIT,SR006,2094.96
T000143,C0003,CAMP008,2024-03-06,HOSPITAL_VISIT,SR006,2656.19
T000144,C0057,CAMP001,2024-04-02,EMAIL,SR012,2018.03
T000145,C0056,CAMP001,2024-03-13,HOSPITAL_VISIT,SR007,2965.52
T000146,C0056,CAMP013,2024-03-16,ONLINE,SR007,586.5
T000147,C0043,CAMP013,2024-03-24,ONLINE,SR009,2869.23
T000148,C0043,CAMP013,2024-04-20,EMAIL,SR009,224.34
T000149,C0043,CAMP014,2024-03-20,CONFERENCE,SR011,576.81
T000150,C0044,CAMP011,2024-03-01,CONFERENCE,SR012,1077.56
T000151,C0047,CAMP012,2024-04-11,HOSPITAL_VISIT,SR012,2681.78
T000152,C0047,CAMP004,2024-04-02,HOSPITAL_VISIT,SR012,2558.38
T000153,C0046,CAMP004,2024-03-15,EMAIL,SR008,2785.25
T000154,C0059,CAMP006,2024-03-19,CONFERENCE,SR007,1625.97
T000155,C0038,CAMP006,2024-04-22,ONLINE,SR012,1495.49
T000156,C0031,CAMP006,2024-03-17,HOSPITAL_VISIT,SR010,1732.65
T000157,C0087,CAMP011,2024-04-13,EMAIL,SR013,238.29
T000158,C0087,CAMP003,2024-03-22,EMAIL,SR013,1871.43
T000159,C0078,CAMP002,2024-03-28,EMAIL,SR016,2249.88
T000160,C0078,CAMP004,2024-04-21,CONFERENCE,SR016,2777.29
T000161,C0081,CAMP011,2024-03-14,CONFERENCE,SR018,2950.21
T000162,C0070,CAMP002,2024-03-24,HOSPITAL_VISIT,SR018,2002.52
T000163,C0090,CAMP003,2024-03-11,EMAIL,SR018,2560.5
T000164,C0090,CAMP004,2024-03-26,CONFERENCE,SR018,591.93
T000165,C0062,CAMP001,2024-03-18,EMAIL,SR014,1086.27
T000166,C0062,CAMP005,2024-03-28,EMAIL,SR014,1536.42
T000167,C0084,CAMP003,2024-04-02,EMAIL,SR014,1629.48
T000168,C0077,CAMP014,2024-03-25,ONLINE,SR017,1711.42
T000169,C0077,CAMP003,2024-04-05,ONLINE,SR013,2476.49
T000170,C0083,CAMP014,2024-03-25,HOSPITAL_VISIT,SR016,1714.54
T000171,C0076,CAMP012,2024-03-21,EMAIL,SR015,2904.44
T000172,C0076,CAMP008,2024-04-07,CONFERENCE,SR015,2711.75
T000173,C0073,CAMP006,2024-03-17,EMAIL,SR014,2169.5
T000174,C0073,CAMP002,2024-03-17,CONFERENCE,SR014,2716.93
T000175,C0075,CAMP003,2024-02-23,ONLINE,SR017,940.17
T000176,C0110,CAMP005,2024-03-15,CONFERENCE,SR020,2434.46
T000177,C0091,CAMP012,2024-03-19,EMAIL,SR022,1895.96
T000178,C0107,CAMP011,2024-02-29,ONLINE,SR024,2999.2
T000179,C0119,CAMP008,2024-04-07,HOSPITAL_VISIT,SR021,1348.56
T000180,C0119,CAMP009,2024-03-08,EMAIL,SR021,2007.23
T000181,C0020,CAMP009,2024-04-12,HOSPITAL_VISIT,SR003,1133.48
T000182,C0020,CAMP007,2024-05-10,ONLINE,SR003,459.48
T000183,C0009,CAMP015,2024-04-11,EMAIL,SR005,1837.03
T000184,C0026,CAMP003,2024-04-29,ONLINE,SR002,2605.88
T000185,C0002,CAMP009,2024-04-05,ONLINE,SR005,614.24
T000186,C0002,CAMP003,2024-04-23,ONLINE,SR005,457.06
T000187,C0018,CAMP013,2024-03-28,CONFERENCE,SR003,2773.37
T000188,C0018,CAMP008,2024-04-21,ONLINE,SR003,703.59
T000189,C0007,CAMP005,2024-05-17,HOSPITAL_VISIT,SR002,2464.9
T000190,C0011,CAMP012,2024-04-24,ONLINE,SR005,607.48
T000191,C0011,CAMP009,2024-04-01,CONFERENCE,SR005,1210.84
T000192,C0016,CAMP015,2024-04-29,ONLINE,SR006,300.57
T000193,C0013,CAMP009,2024-05-15,CONFERENCE,SR004,2320.93
T000194,C0013,CAMP001,2024-05-01,HOSPITAL_VISIT,SR004,2829.66
T000195,C0011,CAMP007,2024-04-05,CONFERENCE,SR005,2809.21
T000196,C0027,CAMP001,2024-05-05,HOSPITAL_VISIT,SR006,1099.6
T000197,C0027,CAMP014,2024-05-06,ONLINE,SR006,1101.26
T000198,C0028,CAMP015,2024-05-17,HOSPITAL_VISIT,SR001,2141.01
T000199,C0013,CAMP015,2024-04-28,ONLINE,SR005,1519.5
T000200,C0028,CAMP007,2024-05-05,EMAIL,SR004,1963.37
T000201,C0019,CAMP002,2024-04-18,HOSPITAL_VISIT,SR001,2406.68
T000202,C0025,CAMP004,2024-04-28,EMAIL,SR003,2500.53
T000203,C0025,CAMP002,2024-04-29,EMAIL,SR003,977.18
T000204,C0041,CAMP003,2024-04-12,HOSPITAL_VISIT,SR009,2143.7
T000205,C0041,CAMP007,2024-04-18,HOSPITAL_VISIT,SR009,812.23
T000206,C0041,CAMP008,2024-05-17,HOSPITAL_VISIT,SR007,2098.02
T000207,C0041,CAMP013,2024-04-22,EMAIL,SR007,652.05
T000208,C0048,CAMP014,2024-04-14,CONFERENCE,SR009,486.34
T000209,C0037,CAMP007,2024-05-20,CONFERENCE,SR008,935.21
T000210,C0045,CAMP014,2024-04-28,EMAIL,SR009,1434.9
T000211,C0052,CAMP004,2024-05-12,CONFERENCE,SR012,1127.32
T000212,C0052,CAMP001,2024-05-05,HOSPITAL_VISIT,SR012,1713.25
T000213,C0052,CAMP005,2024-04-17,HOSPITAL_VISIT,SR007,584.37
T000214,C0052,CAMP015,2024-04-13,EMAIL,SR007,701.2
T000215,C0051,CAMP005,2024-04-15,ONLINE,SR007,599.73
T000216,C0051,CAMP014,2024-04-14,CONFERENCE,SR007,1203.62
T000217,C0047,CAMP006,2024-04-21,HOSPITAL_VISIT,SR009,2054.85
T000218,C0039,CAMP004,2024-03-28,CONFERENCE,SR011,1230.32
T000219,C0059,CAMP010,2024-04-30,EMAIL,SR010,775.09
T000220,C0078,CAMP003,2024-04-22,CONFERENCE,SR013,1723.2
T000221,C0078,CAMP001,2024-04-28,ONLINE,SR013,1601.76
T000222,C0078,CAMP001,2024-05-09,HOSPITAL_VISIT,SR017,1129.02
T000223,C0086,CAMP005,2024-04-09,HOSPITAL_VISIT,SR018,2151.42
T000224,C0081,CAMP008,2024-03-30,CONFERENCE,SR016,2406.44
T000225,C0081,CAMP008,2024-04-18,ONLINE,SR016,2696.28
T000226,C0061,CAMP004,2024-04-06,HOSPITAL_VISIT,SR015,870.29
T000227,C0061,CAMP008,2024-04-19,ONLINE,SR015,878.49
T000228,C0084,CAMP015,2024-05-08,HOSPITAL_VISIT,SR016,1919.49
T000229,C0073,CAMP009,2024-04-25,EMAIL,SR014,532.76
T000230,C0083,CAMP014,2024-04-15,ONLINE,SR014,2199.19
T000231,C0072,CAMP001,2024-04-08,CONFERENCE,SR014,496.14
T000232,C0073,CAMP007,2024-04-19,EMAIL,SR014,1164.27
T000233,C0072,CAMP006,2024-04-07,CONFERENCE,SR013,1756.33
T000234,C0072,CAMP015,2024-04-15,ONLINE,SR013,1563.29
T000235,C0099,CAMP007,2024-04-03,EMAIL,SR020,2439.22
T000236,C0102,CAMP001,2024-05-22,ONLINE,SR019,205.44
T000237,C0102,CAMP002,2024-05-05,ONLINE,SR019,1183.02
T000238,C0093,CAMP008,2024-04-26,CONFERENCE,SR021,2359.22
T000239,C0115,CAMP015,2024-04-29,ONLINE,SR020,2357.4
T000240,C0115,CAMP001,2024-04-19,EMAIL,SR020,1676.56
T000241,C0021,CAMP011,2024-05-06,EMAIL,SR006,1476.34
T000242,C0008,CAMP002,2024-05-16,CONFERENCE,SR006,2958.02
T000243,C0008,CAMP013,2024-05-02,EMAIL,SR006,528.67
T000244,C0020,CAMP003,2024-05-10,HOSPITAL_VISIT,SR006,1248.26
T000245,C0023,CAMP006,2024-05-23,EMAIL,SR002,1495.01
T000246,C0023,CAMP012,2024-05-27,CONFERENCE,SR002,2317.18
T000247,C0026,CAMP012,2024-05-13,ONLINE,SR002,942.32
T000248,C0026,CAMP013,2024-06-02,EMAIL,SR002,2092.14
T000249,C0026,CAMP007,2024-05-17,CONFERENCE,SR005,2178.92
T000250,C0009,CAMP009,2024-05-14,CONFERENCE,SR001,2053.93
T000251,C0009,CAMP002,2024-06-06,CONFERENCE,SR001,1120.68
T000252,C0024,CAMP004,2024-05-09,CONFERENCE,SR001,1057.67
T000253,C0024,CAMP007,2024-06-13,ONLINE,SR001,2700.38
T000254,C0007,CAMP002,2024-05-23,HOSPITAL_VISIT,SR001,2034.39
T000255,C0017,CAMP001,2024-05-19,CONFERENCE,SR006,1733.66
T000256,C0028,CAMP003,2024-06-02,CONFERENCE,SR001,1109.15
T000257,C0028,CAMP015,2024-05-25,CONFERENCE,SR001,676.18
T000258,C0026,CAMP013,2024-06-01,CONFERENCE,SR002,410.42
T000259,C0026,CAMP013,2024-06-04,ONLINE,SR002,1133.05
T000260,C0020,CAMP006,2024-05-08,CONFERENCE,SR004,726.64
T000261,C0020,CAMP004,2024-05-29,HOSPITAL_VISIT,SR004,1915.99
T000262,C0015,CAMP013,2024-06-23,CONFERENCE,SR006,1703.79
T000263,C0015,CAMP004,2024-05-31,EMAIL,SR006,1895.75
T000264,C0001,CAMP004,2024-06-06,ONLINE,SR002,1774.03
T000265,C0001,CAMP002,2024-05-21,EMAIL,SR002,2861.19
T000266,C0001,CAMP015,2024-05-14,CONFERENCE,SR002,998.94
T000267,C0052,CAMP010,2024-05-23,EMAIL,SR008,2370.22
T000268,C0052,CAMP012,2024-05-23,EMAIL,SR008,1859.43
T000269,C0039,CAMP005,2024-06-08,ONLINE,SR009,1315.07
T000270,C0039,CAMP006,2024-06-18,HOSPITAL_VISIT,SR009,2972.84
T000271,C0052,CAMP014,2024-05-20,EMAIL,SR008,2975.2
T000272,C0052,CAMP004,2024-05-08,HOSPITAL_VISIT,SR008,985.85
T000273,C0052,CAMP002,2024-06-05,EMAIL,SR007,853.77
T000274,C0052,CAMP009,2024-05-17,CONFERENCE,SR007,2377.1
T000275,C0035,CAMP003,2024-05-31,HOSPITAL_VISIT,SR007,699.9
T000276,C0049,CAMP012,2024-05-27,CONFERENCE,SR011,968.37
T000277,C0049,CAMP001,2024-05-12,CONFERENCE,SR011,2065.14
T000278,C0032,CAMP004,2024-05-28,ONLINE,SR012,2853.87
T000279,C0044,CAMP009,2024-05-19,CONFERENCE,SR011,2830.56
T000280,C0038,CAMP001,2024-06-10,ONLINE,SR010,876.71
T000281,C0038,CAMP007,2024-05-31,ONLINE,SR010,1140.47
T000282,C0053,CAMP011,2024-05-26,HOSPITAL_VISIT,SR012,2767.81
T000283,C0053,CAMP006,2024-05-17,EMAIL,SR012,1284.25
T000284,C0047,CAMP006,2024-06-09,EMAIL,SR012,1944.63
T000285,C0047,CAMP004,2024-05-18,CONFERENCE,SR012,1397.79
T000286,C0059,CAMP012,2024-06-09,EMAIL,SR008,1877.86
T000287,C0059,CAMP011,2024-05-21,EMAIL,SR008,1964.37
T000288,C0080,CAMP014,2024-04-27,ONLINE,SR013,2096.19
T000289,C0080,CAMP002,2024-05-20,EMAIL,SR013,2733.78
T000290,C0070,CAMP011,2024-05-14,ONLINE,SR016,2514.92
T000291,C0070,CAMP012,2024-05-12,ONLINE,SR016,694.91
T000292,C0070,CAMP009,2024-05-23,CONFERENCE,SR018,2390.66
T000293,C0070,CAMP010,2024-05-26,HOSPITAL_VISIT,SR018,1019.6
T000294,C0079,CAMP008,2024-05-15,HOSPITAL_VISIT,SR015,262.39
T000295,C0079,CAMP015,2024-05-07,EMAIL,SR015,2229.99
T000296,C0086,CAMP003,2024-05-26,HOSPITAL_VISIT,SR015,1471.29
T000297,C0086,CAMP012,2024-05-23,EMAIL,SR015,2695.82
T000298,C0084,CAMP001,2024-05-22,HOSPITAL_VISIT,SR013,597.82
T000299,C0067,CAMP001,2024-05-12,ONLINE,SR016,758.8
T000300,C0067,CAMP015,2024-05-15,HOSPITAL_VISIT,SR016,1799.3
T000301,C0083,CAMP002,2024-05-20,ONLINE,SR015,2253.46
T000302,C0083,CAMP004,2024-06-21,CONFERENCE,SR015,1372.31
T000303,C0067,CAMP002,2024-06-03,EMAIL,SR014,358.34
T000304,C0109,CAMP005,2024-05-30,ONLINE,SR022,2402.81
T000305,C0116,CAMP008,2024-06-04,HOSPITAL_VISIT,SR021,2480.7
T000306,C0116,CAMP003,2024-06-16,HOSPITAL_VISIT,SR021,1832.18
T000307,C0117,CAMP003,2024-05-23,HOSPITAL_VISIT,SR023,404.49
T000308,C0117,CAMP009,2024-05-29,CONFERENCE,SR023,887.49
T000309,C0003,CAMP013,2024-06-23,EMAIL,SR003,800.18
T000310,C0003,CAMP005,2024-06-18,EMAIL,SR003,572.05
T000311,C0020,CAMP004,2024-06-22,EMAIL,SR001,1753.73
T000312,C0020,CAMP011,2024-07-05,HOSPITAL_VISIT,SR001,2979.96
T000313,C0002,CAMP014,2024-06-09,ONLINE,SR001,2436.89
T000314,C0007,CAMP009,2024-06-18,HOSPITAL_VISIT,SR003,2270.67
T000315,C0027,CAMP004,2024-06-25,EMAIL,SR004,1100.26
T000316,C0028,CAMP015,2024-06-16,ONLINE,SR003,2164.46
T000317,C0021,CAMP004,2024-06-29,CONFERENCE,SR006,554.74
T000318,C0021,CAMP006,2024-07-02,HOSPITAL_VISIT,SR006,1010.78
T000319,C0013,CAMP014,2024-06-13,ONLINE,SR006,2055.39
T000320,C0013,CAMP014,2024-07-14,CONFERENCE,SR005,2338.17
T000321,C0020,CAMP013,2024-07-01,EMAIL,SR006,2811.32
T000322,C0021,CAMP014,2024-06-11,EMAIL,SR004,314.62
T000323,C0021,CAMP001,2024-07-10,CONFERENCE,SR004,2170.03
T000324,C0001,CAMP011,2024-06-26,HOSPITAL_VISIT,SR005,605.0
T000325,C0001,CAMP011,2024-07-12,ONLINE,SR005,2752.93
T000326,C0037,CAMP006,2024-07-21,HOSPITAL_VISIT,SR008,2518.71
T000327,C0051,CAMP007,2024-06-17,EMAIL,SR008,2801.62
T000328,C0047,CAMP003,2024-06-01,EMAIL,SR009,1265.14
T000329,C0044,CAMP002,2024-06-16,HOSPITAL_VISIT,SR008,1214.1
T000330,C0044,CAMP008,2024-06-28,EMAIL,SR008,1357.61
T000331,C0043,CAMP007,2024-07-14,HOSPITAL_VISIT,SR007,2440.35
T000332,C0043,CAMP013,2024-07-08,CONFERENCE,SR007,1503.45
T000333,C0044,CAMP007,2024-06-25,CONFERENCE,SR011,2363.37
T000334,C0044,CAMP012,2024-06-21,HOSPITAL_VISIT,SR011,1177.72
T000335,C0041,CAMP012,2024-06-14,HOSPITAL_VISIT,SR011,2551.09
T000336,C0041,CAMP006,2024-06-30,EMAIL,SR011,442.42
T000337,C0043,CAMP014,2024-05-28,HOSPITAL_VISIT,SR010,2891.15
T000338,C0080,CAMP004,2024-06-24,EMAIL,SR017,1356.2
T000339,C0080,CAMP002,2024-06-27,EMAIL,SR017,927.17
T000340,C0078,CAMP011,2024-07-09,HOSPITAL_VISIT,SR017,2291.59
T000341,C0076,CAMP011,2024-06-21,EMAIL,SR013,2478.28
T000342,C0075,CAMP009,2024-07-07,EMAIL,SR015,788.19
T000343,C0075,CAMP015,2024-07-08,HOSPITAL_VISIT,SR015,1671.15
T000344,C0090,CAMP001,2024-06-12,HOSPITAL_VISIT,SR017,2596.24
T000345,C0090,CAMP012,2024-07-04,HOSPITAL_VISIT,SR017,884.71
T000346,C0072,CAMP013,2024-07-01,HOSPITAL_VISIT,SR015,2481.14
T000347,C0069,CAMP004,2024-07-12,HOSPITAL_VISIT,SR014,1272.71
T000348,C0084,CAMP005,2024-07-15,ONLINE,SR017,2209.02
T000349,C0068,CAMP004,2024-07-02,CONFERENCE,SR017,940.46
T000350,C0068,CAMP011,2024-06-24,EMAIL,SR017,2798.88
T000351,C0070,CAMP013,2024-06-27,EMAIL,SR014,1250.17
T000352,C0070,CAMP001,2024-06-23,ONLINE,SR014,971.4
T000353,C0099,CAMP006,2024-07-04,EMAIL,SR023,2949.09
T000354,C0099,CAMP005,2024-06-09,ONLINE,SR023,2049.94
T000355,C0112,CAMP009,2024-06-08,EMAIL,SR021,2642.27
T000356,C0115,CAMP007,2024-06-04,EMAIL,SR023,2789.29
T000357,C0115,CAMP013,2024-05-28,HOSPITAL_VISIT,SR023,2156.89
T000358,C0023,CAMP004,2024-07-26,CONFERENCE,SR003,2859.19
T000359,C0023,CAMP009,2024-08-09,EMAIL,SR003,1758.68
T000360,C0007,CAMP014,2024-07-16,HOSPITAL_VISIT,SR005,966.72
T000361,C0007,CAMP004,2024-06-22,EMAIL,SR005,268.52
T000362,C0027,CAMP013,2024-08-11,EMAIL,SR006,411.12
T000363,C0027,CAMP005,2024-07-26,EMAIL,SR006,1590.65
T000364,C0003,CAMP006,2024-07-09,CONFERENCE,SR002,2002.22
T000365,C0027,CAMP002,2024-07-15,CONFERENCE,SR006,1038.45
T000366,C0027,CAMP001,2024-08-11,CONFERENCE,SR006,1786.56
T000367,C0003,CAMP008,2024-08-13,HOSPITAL_VISIT,SR001,1955.39
T000368,C0003,CAMP011,2024-07-18,ONLINE,SR001,2059.01
T000369,C0028,CAMP009,2024-07-17,ONLINE,SR004,445.0
T000370,C0019,CAMP006,2024-08-16,ONLINE,SR005,2411.02
T000371,C0009,CAMP008,2024-08-13,ONLINE,SR003,1109.32
T000372,C0011,CAMP003,2024-07-08,EMAIL,SR005,2004.32
T000373,C0011,CAMP010,2024-07-14,HOSPITAL_VISIT,SR005,1219.09
T000374,C0024,CAMP013,2024-08-03,CONFERENCE,SR001,513.52
T000375,C0024,CAMP013,2024-07-05,CONFERENCE,SR001,552.19
T000376,C0025,CAMP008,2024-07-20,CONFERENCE,SR006,1636.57
T000377,C0011,CAMP003,2024-08-04,EMAIL,SR005,2300.86
T000378,C0011,CAMP004,2024-08-10,CONFERENCE,SR005,765.92
T000379,C0015,CAMP002,2024-07-21,HOSPITAL_VISIT,SR001,2212.91
T000380,C0015,CAMP011,2024-07-09,CONFERENCE,SR001,1900.78
T000381,C0013,CAMP004,2024-07-10,HOSPITAL_VISIT,SR004,454.36
T000382,C0013,CAMP001,2024-08-13,ONLINE,SR004,1153.73
T000383,C0010,CAMP003,2024-08-19,EMAIL,SR005,370.28
T000384,C0028,CAMP015,2024-07-04,CONFERENCE,SR004,357.3
T000385,C0028,CAMP002,2024-07-23,ONLINE,SR004,1976.63
T000386,C0010,CAMP005,2024-07-05,HOSPITAL_VISIT,SR006,1630.2
T000387,C0010,CAMP001,2024-07-27,CONFERENCE,SR006,581.97
T000388,C0030,CAMP014,2024-07-24,ONLINE,SR001,584.22
T000389,C0030,CAMP001,2024-07-06,EMAIL,SR001,1431.85
T000390,C0033,CAMP006,2024-08-25,HOSPITAL_VISIT,SR008,390.63
T000391,C0033,CAMP006,2024-08-17,ONLINE,SR008,2027.23
T000392,C0057,CAMP002,2024-08-07,EMAIL,SR009,2104.98
T000393,C0057,CAMP009,2024-08-01,HOSPITAL_VISIT,SR009,292.9
T000394,C0047,CAMP009,2024-08-08,ONLINE,SR007,1693.92
T000395,C0047,CAMP001,2024-07-22,HOSPITAL_VISIT,SR007,2368.2
T000396,C0052,CAMP005,2024-07-22,HOSPITAL_VISIT,SR011,1558.69
T000397,C0049,CAMP009,2024-07-14,CONFERENCE,SR009,724.7
T000398,C0049,CAMP015,2024-07-09,ONLINE,SR009,1179.95
T000399,C0050,CAMP015,2024-07-16,HOSPITAL_VISIT,SR009,586.98
T000400,C0031,CAMP006,2024-07-25,ONLINE,SR012,422.05
T000401,C0041,CAMP014,2024-08-24,CONFERENCE,SR012,774.68
T000402,C0041,CAMP002,2024-07-23,CONFERENCE,SR012,2355.61
T000403,C0033,CAMP003,2024-07-26,HOSPITAL_VISIT,SR011,1288.11
T000404,C0036,CAMP011,2024-08-10,HOSPITAL_VISIT,SR007,1419.36
T000405,C0036,CAMP014,2024-08-04,EMAIL,SR007,1395.91
T000406,C0081,CAMP008,2024-07-24,HOSPITAL_VISIT,SR017,2827.19
T000407,C0087,CAMP008,2024-08-15,EMAIL,SR016,1719.85
T000408,C0087,CAMP003,2024-08-20,EMAIL,SR016,2499.6
T000409,C0074,CAMP004,2024-08-13,ONLINE,SR016,2804.06
T000410,C0074,CAMP008,2024-07-27,ONLINE,SR016,781.54
T000411,C0089,CAMP013,2024-07-21,ONLINE,SR013,463.93
T000412,C0089,CAMP006,2024-07-31,ONLINE,SR013,1778.46
T000413,C0075,CAMP012,2024-07-29,EMAIL,SR016,2948.93
T000414,C0078,CAMP010,2024-07-29,HOSPITAL_VISIT,SR017,2824.23
T000415,C0067,CAMP013,2024-07-21,ONLINE,SR016,2957.24
T000416,C0075,CAMP014,2024-08-20,EMAIL,SR015,449.86
T000417,C0066,CAMP015,2024-07-29,EMAIL,SR016,1244.56
T000418,C0088,CAMP012,2024-08-07,ONLINE,SR015,1713.57
T000419,C0088,CAMP014,2024-08-11,ONLINE,SR015,2061.67
T000420,C0062,CAMP013,2024-07-16,EMAIL,SR018,2228.58
T000421,C0067,CAMP001,2024-08-17,HOSPITAL_VISIT,SR015,2074.03
T000422,C0067,CAMP002,2024-07-21,EMAIL,SR015,1117.59
T000423,C0100,CAMP011,2024-07-11,EMAIL,SR021,320.57
T000424,C0100,CAMP013,2024-07-20,EMAIL,SR021,1582.21
T000425,C0115,CAMP005,2024-08-04,HOSPITAL_VISIT,SR024,905.68
T000426,C0115,CAMP005,2024-08-11,ONLINE,SR024,1525.05
T000427,C0117,CAMP003,2024-07-20,CONFERENCE,SR020,614.93
T000428,C0003,CAMP015,2024-08-23,HOSPITAL_VISIT,SR006,1270.44
T000429,C0009,CAMP007,2024-07-29,CONFERENCE,SR006,691.98
T000430,C0009,CAMP013,2024-08-29,EMAIL,SR006,448.87
T000431,C0021,CAMP013,2024-08-22,CONFERENCE,SR002,1486.31
T000432,C0021,CAMP013,2024-09-03,ONLINE,SR005,1711.62
T000433,C0021,CAMP014,2024-09-16,EMAIL,SR005,1093.4
T000434,C0023,CAMP007,2024-08-10,HOSPITAL_VISIT,SR002,1980.79
T000435,C0023,CAMP009,2024-08-20,EMAIL,SR002,2471.16
T000436,C0009,CAMP014,2024-08-24,HOSPITAL_VISIT,SR003,2457.71
T000437,C0019,CAMP011,2024-08-19,ONLINE,SR001,1167.42
T000438,C0009,CAMP009,2024-08-21,HOSPITAL_VISIT,SR001,1702.31
T000439,C0009,CAMP014,2024-08-15,EMAIL,SR001,1126.47
T000440,C0007,CAMP012,2024-08-19,HOSPITAL_VISIT,SR005,2284.31
T000441,C0007,CAMP007,2024-08-18,HOSPITAL_VISIT,SR005,531.07
T000442,C0009,CAMP007,2024-08-28,ONLINE,SR001,2903.53
T000443,C0002,CAMP007,2024-09-13,CONFERENCE,SR002,277.83
T000444,C0024,CAMP012,2024-07-27,HOSPITAL_VISIT,SR006,1113.45
T000445,C0024,CAMP015,2024-08-27,CONFERENCE,SR006,2505.23
T000446,C0009,CAMP014,2024-08-23,EMAIL,SR005,1665.34
T000447,C0018,CAMP002,2024-08-08,CONFERENCE,SR003,1529.38
T000448,C0003,CAMP007,2024-08-14,HOSPITAL_VISIT,SR003,1803.43
T000449,C0003,CAMP002,2024-08-19,HOSPITAL_VISIT,SR003,1056.39
T000450,C0005,CAMP011,2024-08-06,HOSPITAL_VISIT,SR006,704.24
T000451,C0026,CAMP004,2024-08-07,CONFERENCE,SR001,2773.45
T000452,C0009,CAMP008,2024-08-29,CONFERENCE,SR004,2990.35
T000453,C0009,CAMP013,2024-08-22,HOSPITAL_VISIT,SR004,2905.68
T000454,C0024,CAMP010,2024-09-09,HOSPITAL_VISIT,SR003,671.52
T000455,C0039,CAMP003,2024-08-10,ONLINE,SR009,1455.96
T000456,C0039,CAMP015,2024-09-10,EMAIL,SR009,2922.92
T000457,C0057,CAMP015,2024-08-15,EMAIL,SR009,2852.95
T000458,C0057,CAMP002,2024-08-22,HOSPITAL_VISIT,SR009,1412.94
T000459,C0033,CAMP014,2024-08-27,CONFERENCE,SR008,720.9
T000460,C0032,CAMP011,2024-08-18,EMAIL,SR009,2065.83
T000461,C0042,CAMP002,2024-09-17,HOSPITAL_VISIT,SR007,661.19
T000462,C0042,CAMP009,2024-09-02,HOSPITAL_VISIT,SR008,1804.44
T000463,C0049,CAMP001,2024-08-31,CONFERENCE,SR008,1863.93
T000464,C0059,CAMP008,2024-08-27,CONFERENCE,SR012,856.88
T000465,C0059,CAMP004,2024-08-05,ONLINE,SR012,281.08
T000466,C0041,CAMP009,2024-07-29,HOSPITAL_VISIT,SR010,898.79
T000467,C0041,CAMP011,2024-08-21,EMAIL,SR010,492.91
T000468,C0042,CAMP014,2024-07-30,HOSPITAL_VISIT,SR007,366.19
T000469,C0042,CAMP013,2024-08-11,ONLINE,SR007,1674.78
T000470,C0055,CAMP014,2024-08-06,EMAIL,SR011,976.74
T000471,C0055,CAMP007,2024-08-05,CONFERENCE,SR011,1800.41
T000472,C0055,CAMP010,2024-09-18,HOSPITAL_VISIT,SR009,1502.35
T000473,C0031,CAMP012,2024-09-06,ONLINE,SR012,738.78
T000474,C0068,CAMP003,2024-09-02,CONFERENCE,SR015,2374.0
T000475,C0068,CAMP012,2024-07-31,HOSPITAL_VISIT,SR015,2639.52
T000476,C0087,CAMP010,2024-08-21,HOSPITAL_VISIT,SR018,1302.08
T000477,C0082,CAMP010,2024-08-19,ONLINE,SR017,1606.72
T000478,C0075,CAMP008,2024-08-29,CONFERENCE,SR015,1364.81
T000479,C0076,CAMP005,2024-08-12,ONLINE,SR017,2021.93
T000480,C0075,CAMP010,2024-09-16,EMAIL,SR017,2477.23
T000481,C0075,CAMP008,2024-09-13,ONLINE,SR017,1563.01
T000482,C0073,CAMP003,2024-08-03,ONLINE,SR017,2227.71
T000483,C0072,CAMP006,2024-08-29,ONLINE,SR013,1873.65
T000484,C0072,CAMP006,2024-08-10,CONFERENCE,SR013,847.19
T000485,C0077,CAMP011,2024-08-26,HOSPITAL_VISIT,SR015,1886.28
T000486,C0077,CAMP015,2024-08-25,HOSPITAL_VISIT,SR015,933.59
T000487,C0077,CAMP013,2024-08-21,EMAIL,SR013,2414.98
T000488,C0077,CAMP004,2024-08-27,ONLINE,SR013,378.39
T000489,C0117,CAMP009,2024-07-27,HOSPITAL_VISIT,SR019,491.08
T000490,C0102,CAMP012,2024-07-30,HOSPITAL_VISIT,SR024,440.93
T000491,C0102,CAMP005,2024-08-21,HOSPITAL_VISIT,SR024,2459.38
T000492,C0109,CAMP011,2024-09-15,HOSPITAL_VISIT,SR021,1064.55
T000493,C0109,CAMP011,2024-09-12,CONFERENCE,SR021,2562.65
T000494,C0117,CAMP005,2024-08-28,ONLINE,SR024,2568.84
T000495,C0117,CAMP002,2024-08-19,EMAIL,SR024,1791.3
T000496,C0003,CAMP009,2024-09-10,ONLINE,SR003,2875.4
T000497,C0020,CAMP006,2024-09-18,ONLINE,SR004,457.12
T000498,C0003,CAMP013,2024-09-08,CONFERENCE,SR001,1769.57
T000499,C0028,CAMP003,2024-09-27,ONLINE,SR003,1444.83
T000500,C0003,CAMP006,2024-09-29,CONFERENCE,SR005,2930.79
T000501,C0028,CAMP008,2024-09-26,ONLINE,SR002,1450.11
T000502,C0002,CAMP006,2024-09-17,ONLINE,SR004,1654.43
T000503,C0021,CAMP010,2024-09-09,HOSPITAL_VISIT,SR006,2530.23
T000504,C0013,CAMP012,2024-09-01,CONFERENCE,SR003,314.5
T000505,C0014,CAMP001,2024-09-26,CONFERENCE,SR003,761.57
T000506,C0014,CAMP013,2024-09-25,CONFERENCE,SR003,2624.77
T000507,C0028,CAMP010,2024-09-23,CONFERENCE,SR006,1414.38
T000508,C0009,CAMP015,2024-09-16,EMAIL,SR002,1131.9
T000509,C0009,CAMP007,2024-09-12,EMAIL,SR002,1431.57
T000510,C0016,CAMP002,2024-09-09,EMAIL,SR003,2885.21
T000511,C0016,CAMP006,2024-09-09,HOSPITAL_VISIT,SR003,1855.59
T000512,C0014,CAMP006,2024-10-19,CONFERENCE,SR003,2493.1
T000513,C0010,CAMP008,2024-09-13,EMAIL,SR003,2081.36
T000514,C0028,CAMP011,2024-09-21,EMAIL,SR006,702.27
T000515,C0028,CAMP011,2024-09-03,EMAIL,SR006,2704.51
T000516,C0017,CAMP011,2024-09-16,EMAIL,SR004,1891.71
T000517,C0027,CAMP005,2024-09-18,HOSPITAL_VISIT,SR003,1230.91
T000518,C0027,CAMP001,2024-09-15,ONLINE,SR003,1362.95
T000519,C0030,CAMP005,2024-10-04,EMAIL,SR001,2043.87
T000520,C0030,CAMP010,2024-09-16,EMAIL,SR001,2719.9
T000521,C0025,CAMP008,2024-09-02,EMAIL,SR002,2188.73
T000522,C0001,CAMP013,2024-09-10,CONFERENCE,SR003,1846.98
T000523,C0026,CAMP001,2024-09-28,ONLINE,SR001,776.02
T000524,C0037,CAMP014,2024-09-27,CONFERENCE,SR007,295.99
T000525,C0057,CAMP007,2024-09-11,EMAIL,SR008,1391.27
T000526,C0047,CAMP006,2024-09-29,HOSPITAL_VISIT,SR008,1182.05
T000527,C0047,CAMP015,2024-09-15,EMAIL,SR011,2164.02
T000528,C0041,CAMP014,2024-09-17,EMAIL,SR007,2448.31
T000529,C0041,CAMP012,2024-10-02,CONFERENCE,SR007,1089.32
T000530,C0045,CAMP008,2024-10-09,EMAIL,SR012,353.44
T000531,C0045,CAMP002,2024-09-23,CONFERENCE,SR012,1030.17
T000532,C0059,CAMP004,2024-09-23,HOSPITAL_VISIT,SR012,2071.94
T000533,C0031,CAMP015,2024-09-26,HOSPITAL_VISIT,SR008,1131.34
T000534,C0031,CAMP014,2024-09-12,ONLINE,SR012,794.03
T000535,C0033,CAMP001,2024-09-26,CONFERENCE,SR008,1231.54
T000536,C0033,CAMP006,2024-09-10,EMAIL,SR008,1875.59
T000537,C0055,CAMP012,2024-08-25,ONLINE,SR009,2044.97
T000538,C0055,CAMP003,2024-09-09,CONFERENCE,SR009,1647.07
T000539,C0036,CAMP008,2024-09-23,HOSPITAL_VISIT,SR010,1268.31
T000540,C0047,CAMP004,2024-09-23,EMAIL,SR012,759.92
T000541,C0081,CAMP003,2024-09-28,CONFERENCE,SR015,1139.28
T000542,C0081,CAMP006,2024-09-24,HOSPITAL_VISIT,SR015,2457.24
T000543,C0075,CAMP003,2024-10-12,EMAIL,SR013,2543.76
T000544,C0087,CAMP006,2024-09-08,EMAIL,SR013,1730.24
T000545,C0074,CAMP013,2024-09-22,CONFERENCE,SR018,2734.5
T000546,C0074,CAMP009,2024-08-23,CONFERENCE,SR018,497.84
T000547,C0076,CAMP013,2024-10-13,ONLINE,SR013,2365.67
T000548,C0087,CAMP012,2024-10-13,EMAIL,SR015,1716.59
T000549,C0061,CAMP011,2024-09-16,EMAIL,SR016,2433.87
T000550,C0061,CAMP010,2024-09-08,ONLINE,SR016,764.73
T000551,C0076,CAMP015,2024-09-29,CONFERENCE,SR015,2778.53
T000552,C0076,CAMP003,2024-09-07,CONFERENCE,SR015,2736.71
T000553,C0090,CAMP003,2024-09-29,CONFERENCE,SR017,1203.04
T000554,C0090,CAMP011,2024-09-06,HOSPITAL_VISIT,SR017,2145.57
T000555,C0066,CAMP001,2024-09-06,CONFERENCE,SR017,2073.06
T000556,C0066,CAMP012,2024-09-19,ONLINE,SR017,2017.13
T000557,C0088,CAMP010,2024-09-26,HOSPITAL_VISIT,SR018,1483.41
T000558,C0088,CAMP001,2024-09-28,HOSPITAL_VISIT,SR018,2905.42
T000559,C0077,CAMP010,2024-09-24,EMAIL,SR018,331.33
T000560,C0077,CAMP011,2024-09-18,HOSPITAL_VISIT,SR018,1499.83
T000561,C0073,CAMP010,2024-09-18,ONLINE,SR013,1122.23
T000562,C0101,CAMP012,2024-09-18,HOSPITAL_VISIT,SR024,2494.47
T000563,C0109,CAMP004,2024-09-27,HOSPITAL_VISIT,SR021,376.0
T000564,C0115,CAMP002,2024-09-24,EMAIL,SR023,2154.59
T000565,C0115,CAMP005,2024-09-12,HOSPITAL_VISIT,SR023,474.01
T000566,C0105,CAMP012,2024-09-28,CONFERENCE,SR020,554.79
T000567,C0117,CAMP014,2024-09-13,ONLINE,SR024,628.41
T000568,C0098,CAMP002,2024-09-26,EMAIL,SR024,2066.13
T000569,C0003,CAMP006,2024-11-14,EMAIL,SR004,1089.92
T000570,C0003,CAMP012,2024-10-21,CONFERENCE,SR004,1077.13
T000571,C0008,CAMP007,2024-11-18,EMAIL,SR001,2772.34
T000572,C0008,CAMP011,2024-11-18,ONLINE,SR003,1919.89
T000573,C0008,CAMP010,2024-11-22,CONFERENCE,SR003,1947.86
T000574,C0007,CAMP001,2024-11-14,HOSPITAL_VISIT,SR003,2415.03
T000575,C0007,CAMP012,2024-11-03,CONFERENCE,SR003,376.38
T000576,C0028,CAMP006,2024-10-18,CONFERENCE,SR006,610.52
T000577,C0028,CAMP004,2024-10-20,ONLINE,SR006,2092.33
T000578,C0019,CAMP007,2024-10-10,HOSPITAL_VISIT,SR001,2666.39
T000579,C0019,CAMP003,2024-11-05,CONFERENCE,SR001,731.54
T000580,C0028,CAMP006,2024-10-07,CONFERENCE,SR003,1843.71
T000581,C0028,CAMP012,2024-11-07,EMAIL,SR003,281.15
T000582,C0002,CAMP002,2024-10-23,HOSPITAL_VISIT,SR006,1539.02
T000583,C0022,CAMP011,2024-11-16,CONFERENCE,SR003,2225.54
T000584,C0016,CAMP010,2024-10-01,CONFERENCE,SR006,2696.4
T000585,C0005,CAMP002,2024-11-07,CONFERENCE,SR004,1027.03
T000586,C0011,CAMP001,2024-10-24,HOSPITAL_VISIT,SR005,2356.78
T000587,C0026,CAMP012,2024-10-09,EMAIL,SR004,1692.66
T000588,C0026,CAMP013,2024-10-04,EMAIL,SR004,1344.22
T000589,C0027,CAMP005,2024-11-20,CONFERENCE,SR002,1880.18
T000590,C0005,CAMP004,2024-10-11,ONLINE,SR006,988.84
T000591,C0005,CAMP006,2024-10-26,ONLINE,SR006,291.77
T000592,C0001,CAMP010,2024-10-15,ONLINE,SR003,2120.3
T000593,C0019,CAMP001,2024-11-12,ONLINE,SR003,2143.11
T000594,C0019,CAMP012,2024-11-04,EMAIL,SR003,1771.17
T000595,C0010,CAMP011,2024-11-11,CONFERENCE,SR001,2366.5
T000596,C0010,CAMP014,2024-10-26,EMAIL,SR001,1403.45
T000597,C0010,CAMP010,2024-11-15,ONLINE,SR004,1917.94
T000598,C0056,CAMP012,2024-10-18,CONFERENCE,SR012,2328.2
T000599,C0056,CAMP004,2024-11-08,CONFERENCE,SR012,2378.33
T000600,C0047,CAMP010,2024-11-22,CONFERENCE,SR009,385.98
T000601,C0056,CAMP007,2024-10-16,EMAIL,SR008,482.39
T000602,C0051,CAMP006,2024-11-17,ONLINE,SR010,2923.55
T000603,C0043,CAMP009,2024-10-15,CONFERENCE,SR007,2934.48
T000604,C0043,CAMP014,2024-10-19,ONLINE,SR007,252.76
T000605,C0033,CAMP012,2024-09-28,CONFERENCE,SR009,1337.43
T000606,C0050,CAMP004,2024-10-26,EMAIL,SR012,1524.62
T000607,C0042,CAMP011,2024-10-04,CONFERENCE,SR008,1679.21
T000608,C0042,CAMP010,2024-10-31,ONLINE,SR008,1346.08
T000609,C0049,CAMP001,2024-11-03,HOSPITAL_VISIT,SR009,1458.12
T000610,C0059,CAMP006,2024-10-05,EMAIL,SR011,1234.77
T000611,C0041,CAMP014,2024-11-13,CONFERENCE,SR011,883.31
T000612,C0051,CAMP005,2024-10-27,ONLINE,SR010,1492.62
T000613,C0038,CAMP009,2024-11-09,HOSPITAL_VISIT,SR009,777.9
T000614,C0078,CAMP006,2024-10-13,EMAIL,SR014,2091.26
T000615,C0076,CAMP006,2024-10-15,ONLINE,SR018,2137.03
T000616,C0086,CAMP003,2024-10-19,EMAIL,SR014,2054.99
T000617,C0074,CAMP004,2024-10-10,ONLINE,SR016,2430.88
T000618,C0074,CAMP003,2024-11-01,EMAIL,SR016,1224.94
T000619,C0067,CAMP009,2024-10-28,HOSPITAL_VISIT,SR014,1038.99
T000620,C0067,CAMP004,2024-11-02,EMAIL,SR014,2664.48
T000621,C0085,CAMP005,2024-10-24,CONFERENCE,SR018,1278.86
T000622,C0085,CAMP013,2024-11-10,EMAIL,SR018,1239.1
T000623,C0075,CAMP003,2024-10-23,ONLINE,SR018,2981.38
T000624,C0075,CAMP004,2024-10-04,EMAIL,SR018,1835.92
T000625,C0068,CAMP009,2024-10-22,HOSPITAL_VISIT,SR018,2326.4
T000626,C0068,CAMP008,2024-10-21,CONFERENCE,SR018,2850.69
T000627,C0068,CAMP003,2024-10-01,CONFERENCE,SR016,2487.44
T000628,C0068,CAMP012,2024-10-27,CONFERENCE,SR016,2612.87
T000629,C0063,CAMP007,2024-10-20,CONFERENCE,SR014,2313.08
T000630,C0071,CAMP003,2024-10-06,HOSPITAL_VISIT,SR017,2895.4
T000631,C0067,CAMP015,2024-10-27,HOSPITAL_VISIT,SR018,1818.59
T000632,C0067,CAMP012,2024-10-26,CONFERENCE,SR018,2705.95
T000633,C0115,CAMP008,2024-10-30,ONLINE,SR024,1416.94
T000634,C0115,CAMP015,2024-11-15,CONFERENCE,SR024,2130.31
T000635,C0095,CAMP002,2024-10-26,EMAIL,SR019,1103.17
T000636,C0097,CAMP010,2024-11-06,EMAIL,SR023,1876.43
T000637,C0097,CAMP006,2024-10-31,CONFERENCE,SR023,1111.48
T000638,C0110,CAMP011,2024-10-01,HOSPITAL_VISIT,SR019,2086.54
T000639,C0109,CAMP001,2024-10-03,ONLINE,SR024,842.39
T000640,C0109,CAMP004,2024-09-26,EMAIL,SR024,255.98
T000641,C0008,CAMP005,2024-11-22,EMAIL,SR005,2163.04
T000642,C0008,CAMP013,2024-12-03,HOSPITAL_VISIT,SR003,2132.11
T000643,C0008,CAMP006,2024-11-06,CONFERENCE,SR003,1448.15
T000644,C0021,CAMP013,2024-12-02,EMAIL,SR003,1460.94
T000645,C0021,CAMP013,2024-11-08,HOSPITAL_VISIT,SR003,1572.53
T000646,C0027,CAMP005,2024-11-11,CONFERENCE,SR006,2698.53
T000647,C0027,CAMP015,2024-11-09,CONFERENCE,SR006,1776.19
T000648,C0008,CAMP012,2024-11-16,EMAIL,SR001,1015.84
T000649,C0008,CAMP014,2024-11-15,CONFERENCE,SR001,1319.55
T000650,C0023,CAMP009,2024-11-05,EMAIL,SR004,436.24
T000651,C0023,CAMP010,2024-11-11,CONFERENCE,SR004,518.68
T000652,C0009,CAMP010,2024-11-25,HOSPITAL_VISIT,SR005,451.77
T000653,C0028,CAMP015,2024-11-26,CONFERENCE,SR005,802.21
T000654,C0023,CAMP003,2024-11-23,CONFERENCE,SR003,654.43
T000655,C0028,CAMP015,2024-12-11,CONFERENCE,SR006,2001.82
T000656,C0028,CAMP006,2024-12-12,EMAIL,SR006,2156.52
T000657,C0004,CAMP007,2024-12-01,ONLINE,SR002,1059.78
T000658,C0028,CAMP012,2024-11-02,EMAIL,SR005,2202.56
T000659,C0028,CAMP007,2024-11-20,EMAIL,SR005,2404.09
T000660,C0024,CAMP005,2024-12-13,ONLINE,SR005,2141.22
T000661,C0026,CAMP007,2024-11-17,HOSPITAL_VISIT,SR003,2575.08
T000662,C0026,CAMP014,2024-10-28,CONFERENCE,SR003,2595.12
T000663,C0018,CAMP005,2024-11-02,ONLINE,SR005,696.03
T000664,C0018,CAMP001,2024-11-25,CONFERENCE,SR005,2949.2
T000665,C0003,CAMP009,2024-11-22,CONFERENCE,SR003,1795.24
T000666,C0003,CAMP003,2024-11-22,EMAIL,SR003,533.86
T000667,C0028,CAMP011,2024-11-29,ONLINE,SR003,900.04
T000668,C0020,CAMP005,2024-11-18,EMAIL,SR002,2198.74
T000669,C0001,CAMP001,2024-12-10,CONFERENCE,SR003,2659.07
T000670,C0052,CAMP005,2024-11-12,EMAIL,SR008,1947.37
T000671,C0039,CAMP013,2024-11-10,HOSPITAL_VISIT,SR007,2034.73
T000672,C0039,CAMP010,2024-11-13,HOSPITAL_VISIT,SR007,2036.18
T000673,C0057,CAMP011,2024-11-27,CONFERENCE,SR009,1395.32
T000674,C0057,CAMP003,2024-10-29,CONFERENCE,SR009,2546.32
T000675,C0037,CAMP013,2024-11-08,EMAIL,SR007,2708.74
T000676,C0043,CAMP013,2024-12-09,HOSPITAL_VISIT,SR009,336.45
T000677,C0052,CAMP004,2024-11-23,ONLINE,SR012,2475.27
T000678,C0052,CAMP010,2024-11-22,CONFERENCE,SR012,1896.53
T000679,C0046,CAMP004,2024-11-17,HOSPITAL_VISIT,SR012,1915.38
T000680,C0047,CAMP007,2024-10-31,ONLINE,SR012,2943.04
T000681,C0047,CAMP003,2024-12-03,CONFERENCE,SR012,1356.45
T000682,C0045,CAMP004,2024-12-23,CONFERENCE,SR012,1017.1
T000683,C0045,CAMP014,2024-12-21,CONFERENCE,SR012,2186.72
T000684,C0046,CAMP002,2024-12-18,HOSPITAL_VISIT,SR007,430.75
T000685,C0046,CAMP004,2024-11-23,CONFERENCE,SR007,228.6
T000686,C0031,CAMP003,2024-10-26,HOSPITAL_VISIT,SR011,2400.83
T000687,C0031,CAMP015,2024-11-02,HOSPITAL_VISIT,SR011,1578.77
T000688,C0044,CAMP015,2024-11-16,ONLINE,SR012,904.44
T000689,C0044,CAMP014,2024-11-09,EMAIL,SR012,1627.49
T000690,C0042,CAMP008,2024-11-26,HOSPITAL_VISIT,SR007,2760.14
T000691,C0042,CAMP013,2024-11-03,HOSPITAL_VISIT,SR007,1162.33
T000692,C0053,CAMP008,2024-11-21,ONLINE,SR007,259.94
T000693,C0053,CAMP014,2024-11-24,CONFERENCE,SR007,2669.7
T000694,C0038,CAMP014,2024-11-23,HOSPITAL_VISIT,SR008,223.86
T000695,C0078,CAMP011,2024-12-02,HOSPITAL_VISIT,SR017,2597.96
T000696,C0082,CAMP015,2024-10-29,CONFERENCE,SR016,1484.61
T000697,C0082,CAMP013,2024-11-16,HOSPITAL_VISIT,SR016,2037.59
T000698,C0089,CAMP005,2024-11-10,CONFERENCE,SR015,863.46
T000699,C0089,CAMP001,2024-11-07,HOSPITAL_VISIT,SR013,202.57
T000700,C0089,CAMP002,2024-11-14,CONFERENCE,SR013,1375.08
T000701,C0077,CAMP010,2024-12-08,HOSPITAL_VISIT,SR013,2612.6
T000702,C0089,CAMP010,2024-11-27,CONFERENCE,SR018,222.82
T000703,C0089,CAMP008,2024-11-22,ONLINE,SR018,664.21
T000704,C0087,CAMP010,2024-11-17,CONFERENCE,SR018,2850.56
T000705,C0087,CAMP008,2024-10-27,ONLINE,SR018,883.81
T000706,C0089,CAMP001,2024-12-02,HOSPITAL_VISIT,SR018,1234.64
T000707,C0089,CAMP001,2024-12-03,HOSPITAL_VISIT,SR018,557.64
T000708,C0074,CAMP008,2024-11-28,CONFERENCE,SR017,2474.93
T000709,C0074,CAMP010,2024-11-12,EMAIL,SR017,2709.39
T000710,C0072,CAMP006,2024-12-10,HOSPITAL_VISIT,SR014,2433.38
T000711,C0072,CAMP013,2024-11-26,HOSPITAL_VISIT,SR014,2868.7
T000712,C0073,CAMP014,2024-11-13,ONLINE,SR018,2126.48
T000713,C0073,CAMP014,2024-11-17,CONFERENCE,SR018,1423.8
T000714,C0077,CAMP006,2024-11-29,HOSPITAL_VISIT,SR015,2365.78
T000715,C0077,CAMP002,2024-12-02,HOSPITAL_VISIT,SR015,2674.04
T000716,C0099,CAMP002,2024-12-04,HOSPITAL_VISIT,SR019,2387.09
T000717,C0105,CAMP003,2024-12-12,HOSPITAL_VISIT,SR022,1381.84
T000718,C0105,CAMP005,2024-11-30,EMAIL,SR022,1334.28
T000719,C0115,CAMP013,2024-11-16,CONFERENCE,SR023,1848.0
T000720,C0096,CAMP004,2024-11-09,ONLINE,SR019,244.12
T000721,C0096,CAMP007,2024-12-04,EMAIL,SR019,2539.94
T000722,C0011,CAMP009,2025-01-04,CONFERENCE,SR004,2919.09
T000723,C0011,CAMP015,2025-01-13,HOSPITAL_VISIT,SR004,1896.85
T000724,C0011,CAMP014,2025-01-02,EMAIL,SR004,1534.79
T000725,C0029,CAMP002,2024-12-15,ONLINE,SR001,1636.57
T000726,C0018,CAMP008,2024-12-12,ONLINE,SR003,2710.05
T000727,C0014,CAMP007,2024-12-18,EMAIL,SR001,1247.35
T000728,C0020,CAMP009,2024-12-05,HOSPITAL_VISIT,SR004,2357.0
T000729,C0020,CAMP001,2024-12-06,CONFERENCE,SR004,2310.15
T000730,C0012,CAMP005,2024-12-20,CONFERENCE,SR005,1343.83
T000731,C0005,CAMP002,2025-01-14,CONFERENCE,SR005,2000.87
T000732,C0001,CAMP007,2024-12-24,CONFERENCE,SR002,685.08
T000733,C0003,CAMP001,2024-12-27,ONLINE,SR005,2562.45
T000734,C0003,CAMP012,2025-01-08,EMAIL,SR005,871.76
T000735,C0028,CAMP002,2025-01-22,ONLINE,SR001,1188.91
T000736,C0028,CAMP001,2024-12-19,HOSPITAL_VISIT,SR001,1944.35
T000737,C0008,CAMP006,2024-12-19,ONLINE,SR006,1688.62
T000738,C0014,CAMP010,2024-12-31,EMAIL,SR006,1726.91
T000739,C0014,CAMP009,2025-01-07,ONLINE,SR006,2604.25
T000740,C0009,CAMP012,2024-12-14,EMAIL,SR005,1006.98
T000741,C0012,CAMP005,2025-01-06,EMAIL,SR003,1972.65
T000742,C0009,CAMP010,2024-12-17,EMAIL,SR002,1841.09
T000743,C0009,CAMP014,2024-12-10,CONFERENCE,SR002,2931.11
T000744,C0024,CAMP002,2024-12-21,HOSPITAL_VISIT,SR005,2690.52
T000745,C0051,CAMP008,2024-12-10,CONFERENCE,SR009,2116.28
T000746,C0036,CAMP006,2025-01-13,CONFERENCE,SR010,2978.24
T000747,C0043,CAMP003,2024-12-07,CONFERENCE,SR007,2876.75
T000748,C0043,CAMP012,2024-12-31,HOSPITAL_VISIT,SR007,994.98
T000749,C0056,CAMP011,2025-01-10,ONLINE,SR011,221.93
T000750,C0053,CAMP015,2024-12-17,EMAIL,SR011,1780.89
T000751,C0047,CAMP009,2024-12-14,EMAIL,SR007,1913.88
T000752,C0047,CAMP003,2025-01-15,CONFERENCE,SR007,1334.58
T000753,C0040,CAMP014,2024-12-20,CONFERENCE,SR008,252.65
T000754,C0040,CAMP009,2024-12-07,EMAIL,SR008,863.52
T000755,C0047,CAMP012,2024-12-08,ONLINE,SR011,2693.65
T000756,C0055,CAMP006,2024-12-22,CONFERENCE,SR011,1456.45
T000757,C0059,CAMP014,2025-01-09,HOSPITAL_VISIT,SR009,2276.56
T000758,C0059,CAMP006,2024-12-24,HOSPITAL_VISIT,SR009,2843.06
T000759,C0041,CAMP009,2024-12-18,EMAIL,SR009,2189.92
T000760,C0041,CAMP008,2025-01-20,ONLINE,SR012,1899.25
T000761,C0041,CAMP003,2024-12-28,CONFERENCE,SR012,974.81
T000762,C0035,CAMP009,2024-12-19,ONLINE,SR012,2506.28
T000763,C0035,CAMP013,2024-12-22,CONFERENCE,SR012,1290.46
T000764,C0050,CAMP002,2024-11-25,ONLINE,SR008,2909.55
T000765,C0045,CAMP008,2024-12-20,ONLINE,SR007,2599.99
T000766,C0039,CAMP003,2025-01-09,EMAIL,SR012,2398.81
T000767,C0039,CAMP013,2025-01-13,HOSPITAL_VISIT,SR012,2949.07
T000768,C0069,CAMP007,2024-12-31,ONLINE,SR015,1616.67
T000769,C0072,CAMP012,2024-11-29,HOSPITAL_VISIT,SR016,244.55
T000770,C0061,CAMP009,2025-01-15,HOSPITAL_VISIT,SR015,334.54
T000771,C0061,CAMP007,2025-01-16,EMAIL,SR015,1036.84
T000772,C0082,CAMP001,2024-12-07,CONFERENCE,SR015,2359.21
T000773,C0082,CAMP015,2024-11-28,ONLINE,SR015,1981.84
T000774,C0072,CAMP004,2025-01-06,CONFERENCE,SR013,2785.93
T000775,C0072,CAMP015,2024-12-24,HOSPITAL_VISIT,SR013,1168.19
T000776,C0070,CAMP006,2024-11-27,EMAIL,SR017,2924.86
T000777,C0074,CAMP002,2024-11-29,CONFERENCE,SR014,2511.19
T000778,C0063,CAMP001,2025-01-05,EMAIL,SR016,957.87
T000779,C0063,CAMP002,2024-12-26,HOSPITAL_VISIT,SR016,2475.67
T000780,C0064,CAMP013,2024-12-16,CONFERENCE,SR018,754.24
T000781,C0064,CAMP001,2024-12-18,CONFERENCE,SR018,696.84
T000782,C0082,CAMP009,2025-01-09,HOSPITAL_VISIT,SR013,2905.5
T000783,C0120,CAMP002,2024-12-14,CONFERENCE,SR020,2805.66
T000784,C0105,CAMP010,2025-01-01,EMAIL,SR019,2523.35
T000785,C0105,CAMP002,2024-12-29,CONFERENCE,SR019,2354.64
T000786,C0120,CAMP012,2024-12-13,CONFERENCE,SR021,1212.3
T000787,C0101,CAMP015,2024-12-30,CONFERENCE,SR019,652.94
T000788,C0101,CAMP005,2025-01-18,HOSPITAL_VISIT,SR019,285.72
T000789,C0113,CAMP004,2025-01-11,ONLINE,SR019,2396.23
T000790,C0113,CAMP003,2024-12-28,HOSPITAL_VISIT,SR019,670.93
T000791,C0104,CAMP015,2024-12-30,EMAIL,SR020,977.41
T000792,C0101,CAMP015,2024-12-07,CONFERENCE,SR020,2418.95
T000793,C0101,CAMP010,2024-12-26,EMAIL,SR020,849.95
T000794,C0110,CAMP008,2024-11-27,HOSPITAL_VISIT,SR019,2920.28
T000795,C0009,CAMP003,2025-02-15,HOSPITAL_VISIT,SR002,1523.76
T000796,C0009,CAMP002,2025-01-19,HOSPITAL_VISIT,SR002,2800.42
T000797,C0025,CAMP014,2025-01-27,HOSPITAL_VISIT,SR005,1118.46
T000798,C0016,CAMP005,2025-01-24,HOSPITAL_VISIT,SR001,941.24
T000799,C0029,CAMP005,2025-01-14,CONFERENCE,SR001,468.22
T000800,C0029,CAMP005,2025-02-09,EMAIL,SR001,1453.61
T000801,C0016,CAMP004,2024-12-25,EMAIL,SR004,1822.41
T000802,C0006,CAMP013,2025-01-09,EMAIL,SR004,2121.49
T000803,C0006,CAMP015,2025-01-27,CONFERENCE,SR004,1122.56
T000804,C0012,CAMP002,2025-01-26,HOSPITAL_VISIT,SR003,2432.73
T000805,C0012,CAMP004,2025-01-22,CONFERENCE,SR003,2208.89
T000806,C0005,CAMP012,2025-02-07,CONFERENCE,SR005,2896.95
T000807,C0003,CAMP015,2025-01-26,ONLINE,SR002,942.03
T000808,C0003,CAMP006,2025-02-21,EMAIL,SR002,263.12
T000809,C0017,CAMP007,2025-01-24,EMAIL,SR006,2704.24
T000810,C0017,CAMP005,2025-02-04,CONFERENCE,SR006,936.5
T000811,C0023,CAMP005,2025-02-19,EMAIL,SR003,922.46
T000812,C0023,CAMP009,2025-02-03,EMAIL,SR003,781.54
T000813,C0019,CAMP009,2025-01-28,CONFERENCE,SR003,340.9
T000814,C0019,CAMP011,2025-02-23,EMAIL,SR003,867.77
T000815,C0019,CAMP006,2025-02-17,CONFERENCE,SR003,682.92
T000816,C0019,CAMP013,2025-01-20,ONLINE,SR003,1462.74
T000817,C0004,CAMP009,2025-01-22,HOSPITAL_VISIT,SR005,2287.14
T000818,C0004,CAMP006,2025-02-15,EMAIL,SR005,2293.27
T000819,C0020,CAMP002,2025-02-04,CONFERENCE,SR003,1110.53
T000820,C0007,CAMP012,2025-01-21,EMAIL,SR001,992.53
T000821,C0004,CAMP005,2025-01-16,EMAIL,SR001,1446.39
T000822,C0051,CAMP001,2025-01-18,ONLINE,SR012,2678.07
T000823,C0051,CAMP010,2025-01-27,ONLINE,SR012,2437.47
T000824,C0041,CAMP010,2025-02-12,CONFERENCE,SR012,2554.49
T000825,C0041,CAMP001,2025-02-04,HOSPITAL_VISIT,SR012,1766.58
T000826,C0043,CAMP002,2024-12-31,EMAIL,SR010,1059.4
T000827,C0043,CAMP014,2025-01-14,CONFERENCE,SR010,2879.7
T000828,C0059,CAMP001,2025-02-04,ONLINE,SR011,2781.04
T000829,C0048,CAMP004,2025-02-03,HOSPITAL_VISIT,SR011,437.18
T000830,C0048,CAMP011,2025-01-05,EMAIL,SR011,1600.93
T000831,C0035,CAMP005,2025-01-21,HOSPITAL_VISIT,SR009,2875.76
T000832,C0035,CAMP009,2025-01-21,EMAIL,SR009,1240.77
T000833,C0049,CAMP011,2025-01-03,CONFERENCE,SR009,1369.68
T000834,C0038,CAMP001,2025-02-03,ONLINE,SR012,1930.17
T000835,C0036,CAMP012,2025-01-29,HOSPITAL_VISIT,SR010,992.29
T000836,C0036,CAMP010,2025-02-08,CONFERENCE,SR010,2788.26
T000837,C0047,CAMP001,2025-02-11,EMAIL,SR012,2531.46
T000838,C0047,CAMP003,2025-01-15,HOSPITAL_VISIT,SR012,257.07
T000839,C0059,CAMP011,2025-01-28,EMAIL,SR009,2961.35
T000840,C0039,CAMP008,2025-01-24,ONLINE,SR007,1238.91
T000841,C0055,CAMP015,2025-01-30,ONLINE,SR008,1798.53
T000842,C0055,CAMP007,2025-01-20,CONFERENCE,SR008,2862.22
T000843,C0082,CAMP013,2025-01-14,CONFERENCE,SR018,2443.85
T000844,C0062,CAMP013,2025-01-20,ONLINE,SR014,817.11
T000845,C0062,CAMP001,2025-02-04,CONFERENCE,SR014,1891.27
T000846,C0074,CAMP006,2025-01-16,HOSPITAL_VISIT,SR015,947.1
T000847,C0074,CAMP004,2025-02-02,EMAIL,SR015,1623.05
T000848,C0067,CAMP006,2025-01-15,EMAIL,SR017,374.16
T000849,C0067,CAMP014,2025-01-26,ONLINE,SR017,1924.65
T000850,C0090,CAMP010,2025-02-07,CONFERENCE,SR018,1775.91
T000851,C0090,CAMP005,2025-01-09,CONFERENCE,SR018,1150.79
T000852,C0090,CAMP012,2025-01-14,CONFERENCE,SR017,678.03
T000853,C0120,CAMP007,2025-02-06,EMAIL,SR022,2935.9
T000854,C0120,CAMP014,2025-02-03,CONFERENCE,SR022,337.4
T000855,C0116,CAMP011,2025-02-06,ONLINE,SR021,780.67
T000856,C0107,CAMP004,2025-01-20,CONFERENCE,SR023,2120.94
T000857,C0011,CAMP011,2025-02-10,EMAIL,SR005,2279.39
T000858,C0011,CAMP001,2025-02-13,ONLINE,SR005,2350.99
T000859,C0002,CAMP013,2025-02-20,CONFERENCE,SR003,2834.12
T000860,C0002,CAMP004,2025-03-05,HOSPITAL_VISIT,SR003,725.94
T000861,C0019,CAMP006,2025-03-04,EMAIL,SR006,1514.9
T000862,C0022,CAMP002,2025-03-05,HOSPITAL_VISIT,SR004,509.26
T000863,C0022,CAMP009,2025-03-10,CONFERENCE,SR004,2652.93
T000864,C0010,CAMP009,2025-03-10,HOSPITAL_VISIT,SR001,2683.2
T000865,C0018,CAMP002,2025-02-01,HOSPITAL_VISIT,SR001,1470.07
T000866,C0018,CAMP014,2025-02-15,CONFERENCE,SR001,503.19
T000867,C0029,CAMP009,2025-03-24,HOSPITAL_VISIT,SR003,1859.31
T000868,C0029,CAMP012,2025-02-16,EMAIL,SR003,781.32
T000869,C0020,CAMP006,2025-02-28,CONFERENCE,SR006,1378.03
T000870,C0020,CAMP013,2025-03-06,ONLINE,SR006,2143.69
T000871,C0027,CAMP014,2025-03-14,HOSPITAL_VISIT,SR001,1981.8
T000872,C0016,CAMP011,2025-03-16,CONFERENCE,SR005,246.98
T000873,C0009,CAMP010,2025-02-23,EMAIL,SR002,1706.95
T000874,C0009,CAMP002,2025-03-18,EMAIL,SR002,2220.01
T000875,C0029,CAMP010,2025-03-14,ONLINE,SR003,1582.46
T000876,C0003,CAMP011,2025-02-25,ONLINE,SR005,686.96
T000877,C0016,CAMP005,2025-02-10,ONLINE,SR006,610.4
T000878,C0026,CAMP005,2025-02-22,CONFERENCE,SR005,1237.28
T000879,C0026,CAMP008,2025-02-15,EMAIL,SR005,2493.84
T000880,C0057,CAMP015,2025-02-22,CONFERENCE,SR010,2124.27
T000881,C0036,CAMP012,2025-02-05,ONLINE,SR011,2812.38
T000882,C0040,CAMP002,2025-02-13,ONLINE,SR008,663.02
T000883,C0047,CAMP013,2025-02-12,HOSPITAL_VISIT,SR008,1333.27
T000884,C0043,CAMP008,2025-02-17,HOSPITAL_VISIT,SR010,1088.22
T000885,C0043,CAMP011,2025-02-06,EMAIL,SR010,619.44
T000886,C0060,CAMP013,2025-03-12,CONFERENCE,SR008,2706.39
T000887,C0060,CAMP012,2025-03-05,ONLINE,SR008,1923.74
T000888,C0053,CAMP010,2025-02-27,CONFERENCE,SR009,2365.24
T000889,C0053,CAMP015,2025-02-24,ONLINE,SR009,1677.21
T000890,C0043,CAMP012,2025-02-19,EMAIL,SR012,1803.79
T000891,C0047,CAMP007,2025-03-01,HOSPITAL_VISIT,SR009,2036.77
T000892,C0049,CAMP010,2025-02-13,ONLINE,SR007,1830.87
T000893,C0049,CAMP015,2025-03-01,EMAIL,SR007,2961.22
T000894,C0044,CAMP010,2025-02-13,ONLINE,SR010,301.0
T000895,C0044,CAMP013,2025-03-12,HOSPITAL_VISIT,SR010,1026.47
T000896,C0044,CAMP007,2025-02-25,ONLINE,SR008,2052.34
T000897,C0050,CAMP011,2025-02-11,HOSPITAL_VISIT,SR012,1951.53
T000898,C0035,CAMP010,2025-03-25,HOSPITAL_VISIT,SR010,2667.22
T000899,C0059,CAMP010,2025-02-28,EMAIL,SR011,2652.68
T000900,C0035,CAMP013,2025-02-17,HOSPITAL_VISIT,SR007,704.18
T000901,C0035,CAMP001,2025-02-10,ONLINE,SR007,296.2
T000902,C0031,CAMP008,2025-02-12,HOSPITAL_VISIT,SR009,1510.28
T000903,C0060,CAMP001,2025-03-01,EMAIL,SR008,2695.46
T000904,C0082,CAMP011,2025-03-19,ONLINE,SR014,2040.48
T000905,C0076,CAMP004,2025-03-06,HOSPITAL_VISIT,SR018,244.62
T000906,C0069,CAMP004,2025-02-25,HOSPITAL_VISIT,SR014,2497.27
T000907,C0069,CAMP012,2025-03-11,EMAIL,SR014,1049.38
T000908,C0062,CAMP004,2025-03-01,ONLINE,SR017,1714.79
T000909,C0062,CAMP009,2025-02-16,CONFERENCE,SR017,477.9
T000910,C0062,CAMP002,2025-02-18,CONFERENCE,SR014,1069.58
T000911,C0086,CAMP012,2025-02-19,HOSPITAL_VISIT,SR013,2234.18
T000912,C0086,CAMP002,2025-03-02,HOSPITAL_VISIT,SR013,1493.42
T000913,C0065,CAMP010,2025-02-28,HOSPITAL_VISIT,SR013,2789.2
T000914,C0066,CAMP004,2025-02-16,ONLINE,SR018,1403.96
T000915,C0064,CAMP005,2025-02-22,HOSPITAL_VISIT,SR017,2179.48
T000916,C0064,CAMP009,2025-03-08,ONLINE,SR013,2051.94
T000917,C0064,CAMP014,2025-03-22,EMAIL,SR013,1898.73
T000918,C0071,CAMP009,2025-03-02,EMAIL,SR018,847.76
T000919,C0071,CAMP011,2025-03-15,EMAIL,SR018,331.36
T000920,C0107,CAMP012,2025-02-23,ONLINE,SR021,835.83
T000921,C0120,CAMP001,2025-03-11,CONFERENCE,SR024,2067.07
T000922,C0120,CAMP015,2025-02-13,CONFERENCE,SR024,1546.88
T000923,C0113,CAMP005,2025-02-25,HOSPITAL_VISIT,SR022,1560.54
T000924,C0113,CAMP004,2025-02-22,CONFERENCE,SR022,1930.98
T000925,C0102,CAMP014,2025-02-18,EMAIL,SR024,2420.0
T000926,C0120,CAMP005,2025-02-21,CONFERENCE,SR020,2427.28
T000927,C0120,CAMP014,2025-02-22,EMAIL,SR020,621.12
T000928,C0111,CAMP004,2025-02-02,HOSPITAL_VISIT,SR019,2812.36
T000929,C0111,CAMP001,2025-02-19,HOSPITAL_VISIT,SR019,2406.48
T000930,C0103,CAMP003,2025-02-21,CONFERENCE,SR021,2939.66
T000931,C0109,CAMP005,2025-02-27,HOSPITAL_VISIT,SR021,1357.61
T000932,C0003,CAMP001,2025-03-31,EMAIL,SR001,1847.27
T000933,C0003,CAMP009,2025-03-10,EMAIL,SR001,888.42
T000934,C0029,CAMP013,2025-03-22,CONFERENCE,SR001,1048.53
T000935,C0029,CAMP001,2025-03-24,CONFERENCE,SR001,247.23
T000936,C0018,CAMP002,2025-03-29,CONFERENCE,SR002,1214.04
T000937,C0018,CAMP010,2025-04-01,EMAIL,SR002,710.06
T000938,C0010,CAMP008,2025-02-28,ONLINE,SR001,291.49
T000939,C0025,CAMP010,2025-04-06,HOSPITAL_VISIT,SR001,817.48
T000940,C0003,CAMP010,2025-04-06,ONLINE,SR006,2645.34
T000941,C0009,CAMP012,2025-03-23,ONLINE,SR003,497.63
T000942,C0009,CAMP013,2025-04-17,ONLINE,SR003,1379.44
T000943,C0002,CAMP011,2025-03-09,ONLINE,SR002,637.09
T000944,C0002,CAMP013,2025-03-05,HOSPITAL_VISIT,SR002,2168.56
T000945,C0019,CAMP006,2025-03-25,CONFERENCE,SR005,2346.7
T000946,C0019,CAMP001,2025-03-16,ONLINE,SR005,2150.48
T000947,C0007,CAMP002,2025-03-18,ONLINE,SR002,2304.42
T000948,C0007,CAMP001,2025-03-25,ONLINE,SR002,1324.72
T000949,C0017,CAMP004,2025-03-25,ONLINE,SR001,2172.13
T000950,C0010,CAMP003,2025-04-15,EMAIL,SR002,2040.09
T000951,C0010,CAMP001,2025-03-23,HOSPITAL_VISIT,SR002,2178.28
T000952,C0029,CAMP009,2025-03-24,ONLINE,SR005,541.98
T000953,C0018,CAMP013,2025-03-05,EMAIL,SR003,1960.96
T000954,C0018,CAMP010,2025-04-07,HOSPITAL_VISIT,SR003,781.7
T000955,C0030,CAMP009,2025-03-14,HOSPITAL_VISIT,SR001,1711.64
T000956,C0005,CAMP006,2025-03-02,HOSPITAL_VISIT,SR003,2997.83
T000957,C0013,CAMP009,2025-04-15,ONLINE,SR001,2357.29
T000958,C0013,CAMP013,2025-04-12,EMAIL,SR001,2690.27
T000959,C0006,CAMP002,2025-03-01,ONLINE,SR001,2717.39
T000960,C0009,CAMP009,2025-03-21,HOSPITAL_VISIT,SR001,791.32
T000961,C0009,CAMP001,2025-04-09,CONFERENCE,SR001,219.76
T000962,C0004,CAMP005,2025-03-17,ONLINE,SR006,1874.08
T000963,C0004,CAMP004,2025-03-28,CONFERENCE,SR006,298.07
T000964,C0004,CAMP001,2025-03-29,CONFERENCE,SR001,2993.85
T000965,C0026,CAMP004,2025-04-01,ONLINE,SR005,1023.48
T000966,C0026,CAMP002,2025-04-10,CONFERENCE,SR005,1398.51
T000967,C0004,CAMP015,2025-03-07,CONFERENCE,SR006,1773.59
T000968,C0004,CAMP009,2025-03-11,CONFERENCE,SR006,2577.68
T000969,C0043,CAMP007,2025-03-25,HOSPITAL_VISIT,SR007,820.71
T000970,C0031,CAMP002,2025-04-19,ONLINE,SR010,2518.36
T000971,C0060,CAMP006,2025-03-17,CONFERENCE,SR009,1558.06
T000972,C0060,CAMP012,2025-03-23,HOSPITAL_VISIT,SR009,1540.52
T000973,C0055,CAMP009,2025-04-04,ONLINE,SR012,671.02
T000974,C0033,CAMP012,2025-03-10,ONLINE,SR010,2794.43
T000975,C0056,CAMP012,2025-03-22,ONLINE,SR011,2011.6
T000976,C0059,CAMP008,2025-02-27,EMAIL,SR011,541.69
T000977,C0059,CAMP005,2025-03-20,EMAIL,SR011,2348.35
T000978,C0035,CAMP007,2025-03-02,HOSPITAL_VISIT,SR009,2616.6
T000979,C0035,CAMP006,2025-03-21,EMAIL,SR009,1341.37
T000980,C0043,CAMP014,2025-03-18,HOSPITAL_VISIT,SR007,2039.62
T000981,C0058,CAMP003,2025-04-02,EMAIL,SR008,2629.52
T000982,C0058,CAMP015,2025-03-06,ONLINE,SR008,1743.14
T000983,C0054,CAMP007,2025-03-11,HOSPITAL_VISIT,SR009,1392.69
T000984,C0054,CAMP006,2025-03-11,ONLINE,SR009,2081.5
T000985,C0042,CAMP002,2025-04-13,ONLINE,SR008,1006.35
T000986,C0042,CAMP003,2025-04-13,CONFERENCE,SR008,1693.15
T000987,C0055,CAMP009,2025-03-26,EMAIL,SR012,2495.68
T000988,C0055,CAMP009,2025-03-07,HOSPITAL_VISIT,SR012,2865.55
T000989,C0058,CAMP010,2025-04-08,HOSPITAL_VISIT,SR012,2438.21
T000990,C0060,CAMP012,2025-03-31,ONLINE,SR010,1848.56
T000991,C0060,CAMP010,2025-03-25,HOSPITAL_VISIT,SR010,1560.15
T000992,C0060,CAMP001,2025-04-05,HOSPITAL_VISIT,SR009,494.16
T000993,C0031,CAMP002,2025-03-28,EMAIL,SR012,1780.26
T000994,C0031,CAMP015,2025-03-16,HOSPITAL_VISIT,SR012,288.9
T000995,C0060,CAMP005,2025-04-07,CONFERENCE,SR007,656.77
T000996,C0039,CAMP009,2025-03-31,CONFERENCE,SR011,1624.4
T000997,C0069,CAMP005,2025-02-23,EMAIL,SR016,359.59
T000998,C0069,CAMP014,2025-03-31,CONFERENCE,SR016,383.57
T000999,C0072,CAMP007,2025-03-07,CONFERENCE,SR016,2088.06
T001000,C0062,CAMP012,2025-04-19,HOSPITAL_VISIT,SR018,1159.39
T001001,C0062,CAMP011,2025-04-05,ONLINE,SR018,1525.43
T001002,C0063,CAMP001,2025-03-27,HOSPITAL_VISIT,SR018,1110.01
T001003,C0090,CAMP012,2025-03-30,HOSPITAL_VISIT,SR018,2061.64
T001004,C0070,CAMP006,2025-03-22,CONFERENCE,SR014,1067.3
T001005,C0082,CAMP004,2025-03-16,EMAIL,SR013,2032.09
T001006,C0082,CAMP015,2025-03-30,EMAIL,SR013,2305.87
T001007,C0071,CAMP007,2025-03-06,ONLINE,SR014,1630.61
T001008,C0071,CAMP014,2025-03-11,CONFERENCE,SR014,1591.24
T001009,C0086,CAMP008,2025-03-13,EMAIL,SR015,2063.26
T001010,C0086,CAMP007,2025-03-23,HOSPITAL_VISIT,SR015,2217.02
T001011,C0102,CAMP009,2025-02-25,CONFERENCE,SR023,968.88
T001012,C0102,CAMP011,2025-03-11,CONFERENCE,SR023,2729.53
T001013,C0114,CAMP006,2025-04-09,CONFERENCE,SR020,992.96
T001014,C0114,CAMP004,2025-03-26,CONFERENCE,SR024,2568.78
T001015,C0114,CAMP001,2025-03-13,CONFERENCE,SR024,894.26
T001016,C0108,CAMP012,2025-04-15,HOSPITAL_VISIT,SR019,1759.38
T001017,C0113,CAMP009,2025-03-02,EMAIL,SR024,1782.67
T001018,C0113,CAMP013,2025-03-22,CONFERENCE,SR024,1228.79
T001019,C0106,CAMP003,2025-04-06,EMAIL,SR019,361.87
T001020,C0106,CAMP001,2025-03-18,EMAIL,SR019,399.27
T001021,C0106,CAMP010,2025-03-19,HOSPITAL_VISIT,SR023,637.16
T001022,C0106,CAMP005,2025-03-11,HOSPITAL_VISIT,SR023,2080.92
T001023,C0116,CAMP014,2025-03-25,EMAIL,SR021,1154.83
T001024,C0091,CAMP004,2025-03-18,HOSPITAL_VISIT,SR019,1869.24
T001025,C0091,CAMP002,2025-04-01,HOSPITAL_VISIT,SR019,2351.11
T001026,C0099,CAMP008,2025-03-23,ONLINE,SR021,1241.65
T001027,C0099,CAMP001,2025-03-28,EMAIL,SR021,459.95
T001028,C0109,CAMP006,2025-03-04,HOSPITAL_VISIT,SR024,628.17
T001029,C0109,CAMP010,2025-03-26,CONFERENCE,SR024,1877.76
T001030,C0010,CAMP012,2025-05-19,EMAIL,SR002,1984.04
T001031,C0010,CAMP012,2025-04-20,EMAIL,SR002,1625.63
T001032,C0011,CAMP015,2025-04-20,ONLINE,SR002,586.38
T001033,C0011,CAMP010,2025-04-17,ONLINE,SR002,2680.21
T001034,C0025,CAMP003,2025-04-19,EMAIL,SR005,2367.81
T001035,C0025,CAMP001,2025-04-12,HOSPITAL_VISIT,SR005,946.36
T001036,C0009,CAMP009,2025-05-18,EMAIL,SR001,2217.44
T001037,C0009,CAMP002,2025-04-25,EMAIL,SR001,2149.56
T001038,C0019,CAMP015,2025-05-02,HOSPITAL_VISIT,SR001,2331.06
T001039,C0019,CAMP012,2025-05-05,CONFERENCE,SR001,1227.68
T001040,C0020,CAMP013,2025-05-22,CONFERENCE,SR003,288.09
T001041,C0028,CAMP007,2025-04-02,EMAIL,SR004,2169.94
T001042,C0028,CAMP008,2025-04-21,HOSPITAL_VISIT,SR004,1191.79
T001043,C0009,CAMP003,2025-04-10,CONFERENCE,SR004,2828.49
T001044,C0015,CAMP009,2025-04-12,ONLINE,SR002,1537.44
T001045,C0015,CAMP013,2025-05-03,EMAIL,SR002,2228.83
T001046,C0019,CAMP001,2025-04-19,EMAIL,SR005,433.73
T001047,C0016,CAMP010,2025-04-14,ONLINE,SR004,1296.67
T001048,C0016,CAMP010,2025-05-05,EMAIL,SR004,2679.65
T001049,C0003,CAMP009,2025-05-11,CONFERENCE,SR002,1728.73
T001050,C0003,CAMP006,2025-04-17,HOSPITAL_VISIT,SR002,1186.65
T001051,C0030,CAMP011,2025-05-02,ONLINE,SR002,2731.14
T001052,C0030,CAMP014,2025-04-25,HOSPITAL_VISIT,SR002,1254.27
T001053,C0007,CAMP002,2025-05-01,ONLINE,SR003,1655.7
T001054,C0006,CAMP011,2025-03-28,ONLINE,SR004,2297.53
T001055,C0006,CAMP006,2025-04-23,CONFERENCE,SR004,2626.88
T001056,C0007,CAMP003,2025-04-12,HOSPITAL_VISIT,SR006,1641.27
T001057,C0020,CAMP013,2025-04-22,HOSPITAL_VISIT,SR002,2985.79
T001058,C0020,CAMP005,2025-05-03,EMAIL,SR002,537.0
T001059,C0030,CAMP008,2025-04-21,ONLINE,SR002,2064.9
T001060,C0030,CAMP002,2025-05-04,CONFERENCE,SR002,235.27
T001061,C0007,CAMP011,2025-05-01,HOSPITAL_VISIT,SR004,1087.56
T001062,C0026,CAMP001,2025-04-23,EMAIL,SR002,1109.23
T001063,C0026,CAMP005,2025-04-23,CONFERENCE,SR006,1430.47
T001064,C0012,CAMP005,2025-03-30,ONLINE,SR003,1346.23
T001065,C0015,CAMP004,2025-05-04,CONFERENCE,SR006,1307.83
T001066,C0055,CAMP009,2025-04-12,ONLINE,SR009,363.75
T001067,C0041,CAMP005,2025-04-20,ONLINE,SR008,2649.92
T001068,C0040,CAMP001,2025-04-19,CONFERENCE,SR008,436.7
T001069,C0031,CAMP012,2025-05-06,CONFERENCE,SR010,1825.82
T001070,C0033,CAMP009,2025-03-24,EMAIL,SR011,2580.13
T001071,C0048,CAMP003,2025-04-21,EMAIL,SR011,555.03
T001072,C0056,CAMP007,2025-04-22,CONFERENCE,SR009,409.11
T001073,C0056,CAMP011,2025-04-24,EMAIL,SR009,807.6
T001074,C0045,CAMP005,2025-04-07,HOSPITAL_VISIT,SR012,2219.64
T001075,C0045,CAMP009,2025-04-01,CONFERENCE,SR012,854.25
T001076,C0037,CAMP006,2025-05-12,EMAIL,SR007,1533.91
T001077,C0058,CAMP001,2025-04-26,CONFERENCE,SR007,849.85
T001078,C0058,CAMP005,2025-04-04,HOSPITAL_VISIT,SR007,2573.49
T001079,C0031,CAMP005,2025-05-21,ONLINE,SR009,2925.52
T001080,C0031,CAMP004,2025-05-03,ONLINE,SR009,1776.91
T001081,C0050,CAMP013,2025-04-09,EMAIL,SR007,2278.33
T001082,C0047,CAMP006,2025-05-17,CONFERENCE,SR011,2424.07
T001083,C0047,CAMP013,2025-05-11,EMAIL,SR011,576.26
T001084,C0054,CAMP006,2025-03-30,EMAIL,SR007,679.56
T001085,C0054,CAMP001,2025-04-30,EMAIL,SR007,2116.86
T001086,C0035,CAMP011,2025-04-18,HOSPITAL_VISIT,SR007,505.23
T001087,C0035,CAMP011,2025-04-11,HOSPITAL_VISIT,SR007,1214.38
T001088,C0072,CAMP011,2025-04-16,ONLINE,SR017,1533.53
T001089,C0087,CAMP002,2025-04-30,CONFERENCE,SR017,1488.89
T001090,C0087,CAMP006,2025-05-04,EMAIL,SR017,505.24
T001091,C0077,CAMP010,2025-04-18,EMAIL,SR014,2971.83
T001092,C0077,CAMP010,2025-04-04,EMAIL,SR014,1986.48
T001093,C0076,CAMP010,2025-04-13,ONLINE,SR013,2359.85
T001094,C0062,CAMP011,2025-04-15,ONLINE,SR015,568.71
T001095,C0077,CAMP015,2025-04-19,HOSPITAL_VISIT,SR015,731.58
T001096,C0083,CAMP003,2025-04-20,EMAIL,SR014,2755.98
T001097,C0088,CAMP011,2025-04-18,EMAIL,SR018,2980.3
T001098,C0082,CAMP015,2025-04-21,EMAIL,SR015,2225.96
T001099,C0082,CAMP012,2025-04-20,ONLINE,SR015,2114.15
T001100,C0064,CAMP010,2025-04-27,ONLINE,SR017,1675.46
T001101,C0064,CAMP015,2025-05-11,EMAIL,SR017,939.77
T001102,C0094,CAMP007,2025-04-15,ONLINE,SR023,950.79
T001103,C0120,CAMP001,2025-04-22,ONLINE,SR020,2273.09
T001104,C0110,CAMP001,2025-04-19,EMAIL,SR021,1572.22
T001105,C0110,CAMP008,2025-04-29,CONFERENCE,SR021,935.41
T001106,C0109,CAMP006,2025-04-17,CONFERENCE,SR019,2103.2
T001107,C0109,CAMP001,2025-04-08,CONFERENCE,SR019,1021.71
T001108,C0099,CAMP004,2025-04-19,ONLINE,SR019,2293.57
T001109,C0099,CAMP013,2025-05-09,ONLINE,SR019,1269.45
T001110,C0116,CAMP006,2025-04-11,ONLINE,SR024,2539.37
T001111,C0116,CAMP006,2025-04-23,CONFERENCE,SR024,724.42
T001112,C0093,CAMP002,2025-04-20,HOSPITAL_VISIT,SR019,2029.83
T001113,C0109,CAMP003,2025-04-14,HOSPITAL_VISIT,SR024,332.0
T001114,C0019,CAMP015,2025-06-16,CONFERENCE,SR004,1407.78
T001115,C0016,CAMP015,2025-06-23,HOSPITAL_VISIT,SR004,1502.69
T001116,C0016,CAMP009,2025-06-02,EMAIL,SR004,1588.88
T001117,C0010,CAMP007,2025-06-05,ONLINE,SR002,295.26
T001118,C0010,CAMP005,2025-06-08,CONFERENCE,SR002,543.26
T001119,C0010,CAMP005,2025-06-02,EMAIL,SR005,422.75
T001120,C0011,CAMP014,2025-05-20,CONFERENCE,SR005,867.67
T001121,C0014,CAMP011,2025-05-27,ONLINE,SR004,358.65
T001122,C0014,CAMP005,2025-06-03,ONLINE,SR004,2244.14
T001123,C0027,CAMP008,2025-05-23,HOSPITAL_VISIT,SR003,946.71
T001124,C0009,CAMP006,2025-05-29,HOSPITAL_VISIT,SR004,1961.77
T001125,C0009,CAMP006,2025-05-29,EMAIL,SR004,894.12
T001126,C0004,CAMP007,2025-06-03,EMAIL,SR005,1866.71
T001127,C0004,CAMP006,2025-06-05,EMAIL,SR005,1182.93
T001128,C0013,CAMP010,2025-05-22,CONFERENCE,SR003,1408.52
T001129,C0013,CAMP002,2025-05-20,CONFERENCE,SR003,299.61
T001130,C0005,CAMP005,2025-06-05,CONFERENCE,SR005,993.78
T001131,C0005,CAMP010,2025-05-26,ONLINE,SR005,1253.71
T001132,C0013,CAMP001,2025-05-14,ONLINE,SR006,1186.3
T001133,C0013,CAMP005,2025-06-02,EMAIL,SR006,2582.44
T001134,C0006,CAMP005,2025-06-01,ONLINE,SR006,2779.68
T001135,C0006,CAMP012,2025-05-24,HOSPITAL_VISIT,SR006,1348.03
T001136,C0010,CAMP008,2025-05-24,CONFERENCE,SR001,2254.76
T001137,C0036,CAMP003,2025-06-04,ONLINE,SR008,410.23
T001138,C0057,CAMP015,2025-06-10,CONFERENCE,SR007,2114.74
T001139,C0057,CAMP010,2025-06-11,CONFERENCE,SR007,989.08
T001140,C0033,CAMP003,2025-05-20,HOSPITAL_VISIT,SR007,2870.16
T001141,C0033,CAMP007,2025-05-16,EMAIL,SR007,913.41
T001142,C0055,CAMP014,2025-05-18,EMAIL,SR007,1155.52
T001143,C0048,CAMP001,2025-05-17,ONLINE,SR012,1999.54
T001144,C0043,CAMP005,2025-05-21,ONLINE,SR009,1338.25
T001145,C0043,CAMP014,2025-05-28,HOSPITAL_VISIT,SR009,1595.05
T001146,C0045,CAMP010,2025-05-24,HOSPITAL_VISIT,SR008,2368.35
T001147,C0041,CAMP008,2025-06-03,EMAIL,SR008,2285.61
T001148,C0054,CAMP006,2025-05-19,CONFERENCE,SR012,1304.69
T001149,C0050,CAMP013,2025-05-17,CONFERENCE,SR012,2868.69
T001150,C0050,CAMP010,2025-04-29,CONFERENCE,SR008,1287.56
T001151,C0050,CAMP009,2025-05-07,CONFERENCE,SR008,2637.99
T001152,C0048,CAMP002,2025-05-16,HOSPITAL_VISIT,SR012,1515.71
T001153,C0039,CAMP006,2025-06-09,HOSPITAL_VISIT,SR009,1928.42
T001154,C0039,CAMP004,2025-06-19,EMAIL,SR009,1290.38
T001155,C0072,CAMP006,2025-05-30,ONLINE,SR013,1446.6
T001156,C0087,CAMP006,2025-04-28,ONLINE,SR016,1242.16
T001157,C0082,CAMP006,2025-05-23,ONLINE,SR018,967.4
T001158,C0082,CAMP007,2025-05-30,EMAIL,SR018,2743.88
T001159,C0087,CAMP001,2025-06-01,CONFERENCE,SR016,1180.19
T001160,C0087,CAMP006,2025-05-16,CONFERENCE,SR016,2910.61
T001161,C0074,CAMP007,2025-06-12,EMAIL,SR017,1126.34
T001162,C0088,CAMP007,2025-05-20,CONFERENCE,SR018,2948.97
T001163,C0088,CAMP006,2025-05-21,CONFERENCE,SR018,767.59
T001164,C0063,CAMP010,2025-06-15,EMAIL,SR018,1516.86
T001165,C0063,CAMP013,2025-05-18,EMAIL,SR018,1379.75
T001166,C0071,CAMP010,2025-05-21,EMAIL,SR018,297.32
T001167,C0071,CAMP014,2025-05-03,EMAIL,SR018,2552.14
T001168,C0063,CAMP012,2025-05-23,HOSPITAL_VISIT,SR014,1710.65
T001169,C0063,CAMP007,2025-05-05,CONFERENCE,SR014,760.83
T001170,C0073,CAMP009,2025-06-14,ONLINE,SR015,788.53
T001171,C0073,CAMP007,2025-06-14,ONLINE,SR015,541.59
T001172,C0066,CAMP002,2025-05-28,ONLINE,SR014,1570.93
T001173,C0115,CAMP010,2025-05-10,EMAIL,SR021,1377.54
T001174,C0094,CAMP015,2025-05-11,HOSPITAL_VISIT,SR019,1428.5
T001175,C0115,CAMP014,2025-05-24,CONFERENCE,SR022,2796.88
T001176,C0095,CAMP011,2025-05-03,ONLINE,SR022,2485.76
T001177,C0118,CAMP009,2025-05-19,EMAIL,SR021,2088.05
T001178,C0111,CAMP003,2025-05-30,HOSPITAL_VISIT,SR023,1992.11
T001179,C0111,CAMP011,2025-05-07,ONLINE,SR023,2594.45
T001180,C0104,CAMP006,2025-06-21,CONFERENCE,SR022,1260.69
T001181,C0011,CAMP005,2025-07-05,HOSPITAL_VISIT,SR001,1020.67
T001182,C0009,CAMP009,2025-06-22,ONLINE,SR001,2010.7
T001183,C0009,CAMP011,2025-06-04,HOSPITAL_VISIT,SR001,431.36
T001184,C0029,CAMP007,2025-06-28,CONFERENCE,SR003,449.41
T001185,C0002,CAMP005,2025-06-16,CONFERENCE,SR003,426.19
T001186,C0019,CAMP011,2025-07-14,EMAIL,SR002,1090.14
T001187,C0005,CAMP005,2025-06-03,EMAIL,SR003,2106.46
T001188,C0005,CAMP004,2025-06-13,CONFERENCE,SR003,763.35
T001189,C0015,CAMP010,2025-07-12,ONLINE,SR004,1507.54
T001190,C0024,CAMP003,2025-06-20,CONFERENCE,SR002,1047.83
T001191,C0001,CAMP003,2025-06-27,ONLINE,SR002,726.55
T001192,C0001,CAMP015,2025-06-06,EMAIL,SR002,2130.85
T001193,C0016,CAMP010,2025-07-11,EMAIL,SR003,2452.96
T001194,C0020,CAMP009,2025-06-05,EMAIL,SR002,1671.75
T001195,C0028,CAMP015,2025-06-29,EMAIL,SR005,1007.64
T001196,C0012,CAMP009,2025-06-14,EMAIL,SR003,368.17
T001197,C0014,CAMP006,2025-06-13,ONLINE,SR003,2032.81
T001198,C0014,CAMP014,2025-06-25,ONLINE,SR003,1904.51
T001199,C0006,CAMP003,2025-06-25,EMAIL,SR001,1634.4
T001200,C0021,CAMP006,2025-07-03,CONFERENCE,SR003,1109.33
T001201,C0024,CAMP004,2025-07-08,HOSPITAL_VISIT,SR002,2784.84
T001202,C0040,CAMP012,2025-06-22,ONLINE,SR010,1594.98
T001203,C0060,CAMP008,2025-07-02,EMAIL,SR009,1442.0
T001204,C0043,CAMP011,2025-07-03,EMAIL,SR008,2380.29
T001205,C0059,CAMP010,2025-07-02,ONLINE,SR012,1287.06
T001206,C0056,CAMP001,2025-06-26,ONLINE,SR010,2892.65
T001207,C0054,CAMP007,2025-06-30,ONLINE,SR009,694.08
T001208,C0054,CAMP014,2025-06-26,CONFERENCE,SR009,2908.13
T001209,C0033,CAMP009,2025-06-18,ONLINE,SR007,1545.68
T001210,C0039,CAMP014,2025-06-21,ONLINE,SR011,819.48
T001211,C0039,CAMP010,2025-07-04,ONLINE,SR011,2849.56
T001212,C0039,CAMP010,2025-06-08,HOSPITAL_VISIT,SR009,2124.03
T001213,C0039,CAMP013,2025-06-21,CONFERENCE,SR009,2811.27
T001214,C0059,CAMP015,2025-06-14,HOSPITAL_VISIT,SR011,1460.87
T001215,C0059,CAMP003,2025-06-15,CONFERENCE,SR011,1765.11
T001216,C0037,CAMP003,2025-06-26,ONLINE,SR011,2019.99
T001217,C0037,CAMP015,2025-07-02,ONLINE,SR011,430.87
T001218,C0048,CAMP001,2025-06-23,CONFERENCE,SR008,2095.11
T001219,C0077,CAMP010,2025-06-04,ONLINE,SR017,2031.03
T001220,C0062,CAMP001,2025-06-21,HOSPITAL_VISIT,SR014,1461.16
T001221,C0074,CAMP009,2025-06-23,EMAIL,SR018,2332.79
T001222,C0077,CAMP014,2025-06-14,EMAIL,SR015,2950.78
T001223,C0081,CAMP003,2025-05-29,HOSPITAL_VISIT,SR015,2900.95
T001224,C0068,CAMP006,2025-07-16,ONLINE,SR016,295.45
T001225,C0068,CAMP008,2025-06-22,ONLINE,SR016,2643.08
T001226,C0065,CAMP008,2025-06-18,ONLINE,SR016,2525.4
T001227,C0065,CAMP010,2025-07-08,CONFERENCE,SR016,2614.39
T001228,C0063,CAMP012,2025-05-27,CONFERENCE,SR017,1747.52
T001229,C0087,CAMP009,2025-07-05,ONLINE,SR018,1406.67
T001230,C0068,CAMP015,2025-06-28,CONFERENCE,SR016,902.86
T001231,C0068,CAMP011,2025-06-05,ONLINE,SR016,977.35
T001232,C0112,CAMP011,2025-05-29,ONLINE,SR024,2253.0
T001233,C0105,CAMP005,2025-06-19,ONLINE,SR022,1683.84
T001234,C0094,CAMP003,2025-06-27,CONFERENCE,SR021,1544.56
T001235,C0116,CAMP012,2025-06-01,HOSPITAL_VISIT,SR019,1828.18
T001236,C0112,CAMP008,2025-06-30,HOSPITAL_VISIT,SR019,2939.16
T001237,C0109,CAMP001,2025-06-25,CONFERENCE,SR024,1364.74
T001238,C0109,CAMP008,2025-07-12,HOSPITAL_VISIT,SR024,853.85
T001239,C0103,CAMP006,2025-06-08,ONLINE,SR021,1786.96
T001240,C0103,CAMP002,2025-05-25,EMAIL,SR021,2516.09
T001241,C0095,CAMP008,2025-06-11,ONLINE,SR023,654.98
T001242,C0095,CAMP005,2025-06-13,CONFERENCE,SR023,761.46
T001243,C0003,CAMP009,2025-08-09,ONLINE,SR005,2572.1
T001244,C0003,CAMP010,2025-08-05,EMAIL,SR002,982.34
T001245,C0022,CAMP002,2025-07-19,EMAIL,SR001,2886.46
T001246,C0016,CAMP012,2025-07-26,CONFERENCE,SR006,2456.34
T001247,C0002,CAMP002,2025-08-08,EMAIL,SR001,2876.44
T001248,C0011,CAMP012,2025-08-08,EMAIL,SR005,1591.66
T001249,C0012,CAMP012,2025-07-24,ONLINE,SR001,2269.95
T001250,C0027,CAMP010,2025-07-04,EMAIL,SR004,2061.83
T001251,C0027,CAMP015,2025-07-26,ONLINE,SR004,401.3
T001252,C0014,CAMP008,2025-07-26,ONLINE,SR004,1271.91
T001253,C0014,CAMP004,2025-08-12,EMAIL,SR004,1263.06
T001254,C0019,CAMP012,2025-07-18,HOSPITAL_VISIT,SR004,2269.01
T001255,C0019,CAMP009,2025-07-10,CONFERENCE,SR004,1103.23
T001256,C0004,CAMP010,2025-07-03,ONLINE,SR003,974.49
T001257,C0004,CAMP008,2025-07-24,HOSPITAL_VISIT,SR003,475.02
T001258,C0019,CAMP002,2025-07-11,CONFERENCE,SR001,2923.83
T001259,C0023,CAMP008,2025-07-22,CONFERENCE,SR005,1181.67
T001260,C0023,CAMP003,2025-08-04,ONLINE,SR005,1813.35
T001261,C0029,CAMP002,2025-06-27,ONLINE,SR004,2539.03
T001262,C0029,CAMP012,2025-06-30,CONFERENCE,SR004,348.06
T001263,C0019,CAMP001,2025-08-01,CONFERENCE,SR003,436.15
T001264,C0019,CAMP010,2025-08-03,ONLINE,SR003,2841.8
T001265,C0028,CAMP006,2025-08-18,EMAIL,SR001,1363.8
T001266,C0028,CAMP015,2025-08-07,ONLINE,SR001,579.42
T001267,C0025,CAMP009,2025-07-15,HOSPITAL_VISIT,SR002,695.83
T001268,C0028,CAMP008,2025-07-15,CONFERENCE,SR006,2463.52
T001269,C0028,CAMP014,2025-08-02,ONLINE,SR006,522.04
T001270,C0009,CAMP014,2025-07-30,EMAIL,SR004,568.32
T001271,C0009,CAMP003,2025-07-22,EMAIL,SR004,1607.67
T001272,C0012,CAMP011,2025-08-05,ONLINE,SR001,2431.71
T001273,C0057,CAMP007,2025-07-23,EMAIL,SR008,878.36
T001274,C0057,CAMP014,2025-07-29,EMAIL,SR008,437.95
T001275,C0040,CAMP008,2025-07-08,EMAIL,SR009,1426.44
T001276,C0040,CAMP011,2025-07-09,HOSPITAL_VISIT,SR009,2646.33
T001277,C0033,CAMP014,2025-07-03,EMAIL,SR010,2244.4
T001278,C0035,CAMP001,2025-07-10,ONLINE,SR008,1938.83
T001279,C0035,CAMP009,2025-07-23,CONFERENCE,SR011,2362.63
T001280,C0035,CAMP002,2025-08-02,HOSPITAL_VISIT,SR011,1672.28
T001281,C0032,CAMP006,2025-08-07,ONLINE,SR011,346.88
T001282,C0031,CAMP009,2025-08-01,HOSPITAL_VISIT,SR011,2653.39
T001283,C0031,CAMP001,2025-08-11,HOSPITAL_VISIT,SR011,1766.03
T001284,C0046,CAMP006,2025-08-07,ONLINE,SR011,1680.92
T001285,C0046,CAMP004,2025-07-04,EMAIL,SR011,2542.87
T001286,C0052,CAMP010,2025-07-28,ONLINE,SR012,825.44
T001287,C0050,CAMP002,2025-07-21,EMAIL,SR007,230.73
T001288,C0035,CAMP003,2025-07-01,CONFERENCE,SR009,1972.45
T001289,C0035,CAMP013,2025-08-04,ONLINE,SR009,2847.53
T001290,C0056,CAMP009,2025-07-16,ONLINE,SR009,2186.75
T001291,C0056,CAMP003,2025-07-13,EMAIL,SR009,1864.09
T001292,C0045,CAMP009,2025-07-17,ONLINE,SR010,1971.14
T001293,C0077,CAMP009,2025-07-07,HOSPITAL_VISIT,SR013,2608.27
T001294,C0082,CAMP008,2025-07-20,ONLINE,SR013,221.07
T001295,C0082,CAMP008,2025-07-28,ONLINE,SR013,1694.77
T001296,C0065,CAMP004,2025-06-30,ONLINE,SR016,2200.95
T001297,C0065,CAMP012,2025-07-25,ONLINE,SR016,2349.06
T001298,C0077,CAMP013,2025-07-13,ONLINE,SR018,1313.84
T001299,C0081,CAMP014,2025-07-14,HOSPITAL_VISIT,SR013,633.87
T001300,C0081,CAMP011,2025-07-09,EMAIL,SR013,693.89
T001301,C0071,CAMP005,2025-07-18,CONFERENCE,SR014,1793.84
T001302,C0063,CAMP011,2025-07-30,EMAIL,SR014,2569.13
T001303,C0079,CAMP011,2025-08-01,HOSPITAL_VISIT,SR014,2174.23
T001304,C0078,CAMP014,2025-07-23,HOSPITAL_VISIT,SR016,712.56
T001305,C0089,CAMP004,2025-08-06,EMAIL,SR016,1534.36
T001306,C0082,CAMP006,2025-07-26,CONFERENCE,SR017,2888.95
T001307,C0082,CAMP004,2025-07-23,CONFERENCE,SR017,1429.51
T001308,C0086,CAMP009,2025-06-23,ONLINE,SR016,258.39
T001309,C0098,CAMP007,2025-07-09,EMAIL,SR023,2407.11
T001310,C0118,CAMP009,2025-07-30,EMAIL,SR021,1407.32
T001311,C0118,CAMP014,2025-07-22,EMAIL,SR021,809.45
T001312,C0111,CAMP003,2025-08-03,ONLINE,SR023,1303.86
T001313,C0111,CAMP014,2025-07-04,EMAIL,SR023,529.39
T001314,C0092,CAMP007,2025-08-15,EMAIL,SR020,2596.82
T001315,C0092,CAMP011,2025-08-18,CONFERENCE,SR020,2163.1
T001316,C0016,CAMP005,2025-09-01,ONLINE,SR002,1802.71
T001317,C0016,CAMP003,2025-08-19,EMAIL,SR002,840.38
T001318,C0027,CAMP004,2025-08-20,HOSPITAL_VISIT,SR002,2948.54
T001319,C0009,CAMP002,2025-09-01,HOSPITAL_VISIT,SR002,1098.77
T001320,C0018,CAMP003,2025-08-09,HOSPITAL_VISIT,SR005,1184.84
T001321,C0018,CAMP006,2025-09-07,HOSPITAL_VISIT,SR005,2657.54
T001322,C0009,CAMP003,2025-08-09,EMAIL,SR003,527.18
T001323,C0009,CAMP010,2025-08-10,ONLINE,SR003,2512.07
T001324,C0027,CAMP001,2025-09-09,ONLINE,SR001,1546.47
T001325,C0015,CAMP007,2025-08-24,EMAIL,SR003,605.65
T001326,C0027,CAMP011,2025-08-06,CONFERENCE,SR002,399.5
T001327,C0027,CAMP005,2025-08-08,ONLINE,SR002,2228.56
T001328,C0027,CAMP003,2025-09-08,CONFERENCE,SR003,630.76
T001329,C0016,CAMP010,2025-09-05,ONLINE,SR002,244.81
T001330,C0016,CAMP001,2025-08-30,CONFERENCE,SR003,2873.41
T001331,C0016,CAMP010,2025-08-30,HOSPITAL_VISIT,SR003,862.19
T001332,C0003,CAMP014,2025-08-28,EMAIL,SR002,2205.07
T001333,C0010,CAMP011,2025-08-15,CONFERENCE,SR006,206.04
T001334,C0030,CAMP004,2025-08-12,EMAIL,SR002,441.99
T001335,C0030,CAMP001,2025-08-05,CONFERENCE,SR002,1113.25
T001336,C0003,CAMP015,2025-08-20,ONLINE,SR003,1559.98
T001337,C0003,CAMP007,2025-08-21,HOSPITAL_VISIT,SR003,2533.28
T001338,C0018,CAMP006,2025-08-21,ONLINE,SR002,692.23
T001339,C0016,CAMP006,2025-09-01,CONFERENCE,SR002,1068.94
T001340,C0016,CAMP013,2025-07-27,CONFERENCE,SR002,2936.27
T001341,C0028,CAMP002,2025-08-02,ONLINE,SR006,1807.6
T001342,C0028,CAMP010,2025-08-08,ONLINE,SR006,1708.08
T001343,C0006,CAMP008,2025-08-21,ONLINE,SR002,2309.19
T001344,C0006,CAMP006,2025-09-08,EMAIL,SR002,846.51
T001345,C0030,CAMP013,2025-08-20,ONLINE,SR004,690.08
T001346,C0030,CAMP011,2025-08-29,EMAIL,SR004,1902.41
T001347,C0020,CAMP015,2025-08-27,ONLINE,SR001,2410.01
T001348,C0007,CAMP006,2025-08-30,HOSPITAL_VISIT,SR001,2519.62
T001349,C0007,CAMP006,2025-08-19,CONFERENCE,SR001,360.26
T001350,C0004,CAMP007,2025-09-13,ONLINE,SR006,1583.27
T001351,C0004,CAMP001,2025-08-09,HOSPITAL_VISIT,SR006,1760.91
T001352,C0004,CAMP013,2025-09-05,HOSPITAL_VISIT,SR006,2191.88
T001353,C0015,CAMP005,2025-08-29,EMAIL,SR002,1050.07
T001354,C0015,CAMP014,2025-08-19,EMAIL,SR002,2942.48
T001355,C0033,CAMP005,2025-08-10,EMAIL,SR011,2520.49
T001356,C0033,CAMP015,2025-08-20,HOSPITAL_VISIT,SR011,2634.8
T001357,C0058,CAMP005,2025-08-29,EMAIL,SR011,967.48
T001358,C0058,CAMP008,2025-08-25,CONFERENCE,SR011,2486.27
T001359,C0043,CAMP001,2025-08-16,EMAIL,SR012,1036.54
T001360,C0043,CAMP014,2025-09-11,EMAIL,SR012,2330.02
T001361,C0031,CAMP002,2025-09-10,CONFERENCE,SR007,267.28
T001362,C0031,CAMP009,2025-09-01,ONLINE,SR007,2203.58
T001363,C0047,CAMP003,2025-08-05,EMAIL,SR009,1965.57
T001364,C0047,CAMP009,2025-08-19,CONFERENCE,SR009,257.52
T001365,C0036,CAMP004,2025-09-07,EMAIL,SR007,1578.06
T001366,C0036,CAMP006,2025-09-16,ONLINE,SR007,2213.89
T001367,C0033,CAMP008,2025-08-23,HOSPITAL_VISIT,SR008,2656.0
T001368,C0059,CAMP001,2025-08-29,EMAIL,SR007,1350.58
T001369,C0035,CAMP001,2025-08-18,HOSPITAL_VISIT,SR011,2705.0
T001370,C0043,CAMP012,2025-08-23,EMAIL,SR009,1199.6
T001371,C0043,CAMP013,2025-08-26,EMAIL,SR009,1825.63
T001372,C0038,CAMP002,2025-09-08,ONLINE,SR011,1046.84
T001373,C0049,CAMP007,2025-08-30,HOSPITAL_VISIT,SR008,1005.01
T001374,C0049,CAMP010,2025-09-02,CONFERENCE,SR008,1883.48
T001375,C0038,CAMP012,2025-08-30,EMAIL,SR010,2002.15
T001376,C0042,CAMP002,2025-08-31,EMAIL,SR012,2776.73
T001377,C0042,CAMP005,2025-08-23,CONFERENCE,SR012,881.86
T001378,C0046,CAMP004,2025-09-22,ONLINE,SR010,2721.45
T001379,C0043,CAMP009,2025-09-13,CONFERENCE,SR012,2244.16
T001380,C0031,CAMP011,2025-08-20,ONLINE,SR007,2712.37
T001381,C0031,CAMP007,2025-08-08,HOSPITAL_VISIT,SR007,2828.1
T001382,C0032,CAMP008,2025-09-05,HOSPITAL_VISIT,SR012,2680.17
T001383,C0032,CAMP008,2025-08-29,EMAIL,SR012,1154.72
T001384,C0032,CAMP006,2025-09-07,ONLINE,SR011,1567.46
T001385,C0032,CAMP007,2025-08-22,HOSPITAL_VISIT,SR011,573.66
T001386,C0052,CAMP001,2025-09-16,HOSPITAL_VISIT,SR011,2571.02
T001387,C0052,CAMP009,2025-08-31,CONFERENCE,SR011,2785.87
T001388,C0045,CAMP006,2025-08-04,EMAIL,SR007,1963.87
T001389,C0037,CAMP014,2025-08-13,CONFERENCE,SR009,2691.66
T001390,C0037,CAMP010,2025-09-03,ONLINE,SR009,654.95
T001391,C0069,CAMP002,2025-08-22,HOSPITAL_VISIT,SR014,1471.78
T001392,C0069,CAMP015,2025-08-10,HOSPITAL_VISIT,SR014,2382.5
T001393,C0068,CAMP009,2025-09-06,CONFERENCE,SR015,2491.89
T001394,C0072,CAMP011,2025-08-29,HOSPITAL_VISIT,SR017,2891.11
T001395,C0072,CAMP010,2025-08-09,ONLINE,SR017,2545.63
T001396,C0076,CAMP008,2025-08-24,ONLINE,SR013,1394.18
T001397,C0079,CAMP008,2025-08-06,ONLINE,SR018,770.25
T001398,C0079,CAMP013,2025-09-05,HOSPITAL_VISIT,SR018,213.03
T001399,C0065,CAMP015,2025-09-13,CONFERENCE,SR018,1711.69
T001400,C0065,CAMP001,2025-08-16,CONFERENCE,SR018,2790.35
T001401,C0084,CAMP011,2025-08-18,HOSPITAL_VISIT,SR016,994.5
T001402,C0084,CAMP011,2025-08-26,EMAIL,SR016,816.36
T001403,C0067,CAMP008,2025-09-14,CONFERENCE,SR016,952.45
T001404,C0067,CAMP001,2025-09-20,CONFERENCE,SR016,2617.63
T001405,C0083,CAMP006,2025-08-26,ONLINE,SR018,1565.18
T001406,C0070,CAMP005,2025-09-16,CONFERENCE,SR015,2540.46
T001407,C0070,CAMP012,2025-09-16,EMAIL,SR015,1221.73
T001408,C0085,CAMP008,2025-09-18,ONLINE,SR016,242.67
T001409,C0085,CAMP010,2025-09-03,EMAIL,SR016,1151.91
T001410,C0086,CAMP015,2025-08-12,EMAIL,SR018,398.42
T001411,C0086,CAMP007,2025-09-10,ONLINE,SR013,1882.88
T001412,C0086,CAMP003,2025-08-27,HOSPITAL_VISIT,SR013,1510.99
T001413,C0095,CAMP004,2025-07-24,EMAIL,SR024,369.92
T001414,C0120,CAMP004,2025-08-19,CONFERENCE,SR023,1824.42
T001415,C0120,CAMP015,2025-08-13,ONLINE,SR023,983.96
T001416,C0102,CAMP012,2025-08-28,CONFERENCE,SR020,2982.82
T001417,C0102,CAMP005,2025-08-25,ONLINE,SR020,2426.08
T001418,C0110,CAMP006,2025-09-03,ONLINE,SR020,677.24
T001419,C0110,CAMP010,2025-09-12,EMAIL,SR020,1703.38
T001420,C0111,CAMP007,2025-08-22,ONLINE,SR024,436.33
T001421,C0111,CAMP007,2025-09-18,CONFERENCE,SR024,2900.34
T001422,C0092,CAMP012,2025-09-13,EMAIL,SR019,1620.18
T001423,C0115,CAMP015,2025-08-13,HOSPITAL_VISIT,SR023,353.5
T001424,C0115,CAMP011,2025-09-08,HOSPITAL_VISIT,SR023,1594.15
T001425,C0099,CAMP003,2025-08-08,EMAIL,SR019,1816.73
T001426,C0099,CAMP005,2025-08-21,CONFERENCE,SR019,475.34
T001427,C0100,CAMP007,2025-09-01,EMAIL,SR023,1888.01
T001428,C0100,CAMP008,2025-09-02,ONLINE,SR023,2081.57
T001429,C0018,CAMP006,2025-09-27,EMAIL,SR006,1049.75
T001430,C0029,CAMP007,2025-09-29,CONFERENCE,SR005,2499.3
T001431,C0029,CAMP010,2025-09-12,ONLINE,SR005,2660.52
T001432,C0009,CAMP015,2025-09-30,CONFERENCE,SR004,2483.63
T001433,C0005,CAMP012,2025-09-25,HOSPITAL_VISIT,SR005,687.56
T001434,C0020,CAMP007,2025-09-14,EMAIL,SR001,301.19
T001435,C0020,CAMP012,2025-09-22,ONLINE,SR001,1001.97
T001436,C0015,CAMP006,2025-10-15,HOSPITAL_VISIT,SR004,1279.2
T001437,C0006,CAMP006,2025-09-14,HOSPITAL_VISIT,SR002,284.97
T001438,C0018,CAMP007,2025-09-13,HOSPITAL_VISIT,SR005,840.32
T001439,C0018,CAMP010,2025-09-23,ONLINE,SR005,1027.95
T001440,C0018,CAMP005,2025-09-10,CONFERENCE,SR003,1435.23
T001441,C0007,CAMP010,2025-09-12,CONFERENCE,SR003,1532.4
T001442,C0007,CAMP004,2025-09-11,EMAIL,SR005,980.64
T001443,C0013,CAMP009,2025-09-25,EMAIL,SR005,2266.47
T001444,C0013,CAMP003,2025-10-07,HOSPITAL_VISIT,SR005,2218.21
T001445,C0023,CAMP011,2025-08-30,EMAIL,SR002,2825.15
T001446,C0023,CAMP005,2025-09-18,CONFERENCE,SR002,1567.31
T001447,C0030,CAMP004,2025-10-11,CONFERENCE,SR003,2530.8
T001448,C0014,CAMP015,2025-08-31,HOSPITAL_VISIT,SR004,493.6
T001449,C0021,CAMP014,2025-09-22,HOSPITAL_VISIT,SR002,2416.74
T001450,C0004,CAMP007,2025-09-10,ONLINE,SR005,321.69
T001451,C0004,CAMP003,2025-09-10,ONLINE,SR005,1795.29
T001452,C0009,CAMP015,2025-10-09,EMAIL,SR005,563.99
T001453,C0004,CAMP002,2025-10-03,ONLINE,SR001,1308.5
T001454,C0043,CAMP013,2025-10-10,HOSPITAL_VISIT,SR008,2990.04
T001455,C0031,CAMP002,2025-10-06,HOSPITAL_VISIT,SR012,2287.97
T001456,C0057,CAMP014,2025-08-30,CONFERENCE,SR012,798.6
T001457,C0057,CAMP004,2025-09-24,HOSPITAL_VISIT,SR012,1310.2
T001458,C0031,CAMP005,2025-09-26,ONLINE,SR007,602.56
T001459,C0043,CAMP005,2025-09-17,ONLINE,SR011,2092.48
T001460,C0043,CAMP008,2025-10-02,CONFERENCE,SR011,2450.72
T001461,C0056,CAMP008,2025-09-23,HOSPITAL_VISIT,SR010,1365.27
T001462,C0056,CAMP012,2025-09-21,CONFERENCE,SR010,381.55
T001463,C0038,CAMP003,2025-09-28,EMAIL,SR008,1684.13
T001464,C0049,CAMP015,2025-10-15,EMAIL,SR010,740.41
T001465,C0045,CAMP010,2025-10-09,EMAIL,SR010,2728.11
T001466,C0045,CAMP009,2025-10-18,ONLINE,SR010,1768.11
T001467,C0040,CAMP004,2025-10-09,EMAIL,SR008,2028.41
T001468,C0040,CAMP008,2025-10-21,HOSPITAL_VISIT,SR008,2916.77
T001469,C0044,CAMP005,2025-09-06,EMAIL,SR007,2211.57
T001470,C0044,CAMP002,2025-09-13,ONLINE,SR007,946.52
T001471,C0044,CAMP009,2025-09-20,EMAIL,SR008,1860.45
T001472,C0044,CAMP011,2025-09-10,HOSPITAL_VISIT,SR008,2996.59
T001473,C0060,CAMP013,2025-09-16,EMAIL,SR008,952.9
T001474,C0056,CAMP010,2025-09-17,CONFERENCE,SR009,1409.92
T001475,C0055,CAMP004,2025-10-02,EMAIL,SR011,334.18
T001476,C0055,CAMP011,2025-10-14,EMAIL,SR011,1701.83
T001477,C0056,CAMP007,2025-10-04,EMAIL,SR007,342.8
T001478,C0069,CAMP008,2025-10-19,CONFERENCE,SR018,2735.56
T001479,C0085,CAMP006,2025-09-29,EMAIL,SR018,1091.44
T001480,C0087,CAMP011,2025-10-06,HOSPITAL_VISIT,SR017,2185.97
T001481,C0087,CAMP001,2025-09-19,ONLINE,SR017,2057.03
T001482,C0062,CAMP009,2025-09-20,HOSPITAL_VISIT,SR013,526.41
T001483,C0071,CAMP015,2025-09-10,EMAIL,SR014,2664.65
T001484,C0071,CAMP003,2025-09-19,ONLINE,SR014,2043.88
T001485,C0071,CAMP013,2025-10-05,EMAIL,SR016,809.4
T001486,C0077,CAMP008,2025-09-27,EMAIL,SR013,1371.6
T001487,C0077,CAMP015,2025-09-18,CONFERENCE,SR014,872.26
T001488,C0077,CAMP014,2025-10-03,ONLINE,SR014,2121.51
T001489,C0079,CAMP010,2025-09-23,EMAIL,SR016,1817.59
T001490,C0074,CAMP003,2025-08-28,ONLINE,SR014,511.72
T001491,C0089,CAMP001,2025-10-08,HOSPITAL_VISIT,SR013,690.69
T001492,C0089,CAMP012,2025-09-19,HOSPITAL_VISIT,SR013,768.26
T001493,C0102,CAMP012,2025-09-27,CONFERENCE,SR023,1168.62
T001494,C0102,CAMP015,2025-10-07,CONFERENCE,SR023,2729.83
T001495,C0120,CAMP011,2025-09-20,HOSPITAL_VISIT,SR021,510.5
T001496,C0120,CAMP005,2025-09-15,CONFERENCE,SR021,2720.47
T001497,C0095,CAMP003,2025-08-30,ONLINE,SR019,2730.53
T001498,C0106,CAMP003,2025-09-20,ONLINE,SR021,1059.39
T001499,C0097,CAMP010,2025-09-09,HOSPITAL_VISIT,SR021,1336.73
T001500,C0011,CAMP005,2025-09-28,ONLINE,SR004,2544.96
T001501,C0003,CAMP010,2025-11-05,ONLINE,SR006,2379.8
T001502,C0029,CAMP003,2025-10-20,CONFERENCE,SR002,1759.15
T001503,C0003,CAMP002,2025-10-11,EMAIL,SR003,1616.37
T001504,C0003,CAMP012,2025-10-21,ONLINE,SR003,1819.8
T001505,C0022,CAMP002,2025-10-16,CONFERENCE,SR006,2904.14
T001506,C0022,CAMP002,2025-10-12,CONFERENCE,SR006,1689.7
T001507,C0016,CAMP011,2025-11-20,EMAIL,SR004,343.81
T001508,C0003,CAMP004,2025-10-29,CONFERENCE,SR005,1541.1
T001509,C0002,CAMP006,2025-11-18,CONFERENCE,SR004,1366.2
T001510,C0012,CAMP004,2025-11-16,HOSPITAL_VISIT,SR003,2960.12
T001511,C0012,CAMP005,2025-11-11,CONFERENCE,SR003,243.02
T001512,C0015,CAMP008,2025-11-01,EMAIL,SR006,464.4
T001513,C0015,CAMP007,2025-10-09,CONFERENCE,SR006,2370.14
T001514,C0012,CAMP001,2025-10-13,CONFERENCE,SR002,755.92
T001515,C0005,CAMP015,2025-10-04,HOSPITAL_VISIT,SR001,261.6
T001516,C0028,CAMP011,2025-10-03,ONLINE,SR003,2245.17
T001517,C0028,CAMP007,2025-10-11,CONFERENCE,SR003,2233.04
T001518,C0008,CAMP014,2025-11-09,EMAIL,SR002,1039.82
T001519,C0008,CAMP002,2025-10-16,CONFERENCE,SR002,1138.36
T001520,C0017,CAMP005,2025-11-05,CONFERENCE,SR005,931.1
T001521,C0016,CAMP011,2025-10-29,CONFERENCE,SR001,626.94
T001522,C0016,CAMP015,2025-10-09,EMAIL,SR001,2795.08
T001523,C0010,CAMP009,2025-10-08,CONFERENCE,SR006,578.28
T001524,C0010,CAMP009,2025-11-06,ONLINE,SR006,2404.78
T001525,C0013,CAMP014,2025-09-24,CONFERENCE,SR004,732.46
T001526,C0006,CAMP012,2025-11-05,CONFERENCE,SR002,1443.3
T001527,C0006,CAMP004,2025-10-27,EMAIL,SR002,1169.9
T001528,C0020,CAMP005,2025-11-04,ONLINE,SR004,1024.11
T001529,C0013,CAMP001,2025-11-10,ONLINE,SR003,2087.8
T001530,C0013,CAMP002,2025-11-16,ONLINE,SR003,1564.74
T001531,C0014,CAMP003,2025-11-11,ONLINE,SR005,1041.99
T001532,C0006,CAMP002,2025-11-12,HOSPITAL_VISIT,SR003,2596.72
T001533,C0012,CAMP010,2025-09-27,EMAIL,SR004,205.01
T001534,C0012,CAMP012,2025-10-04,HOSPITAL_VISIT,SR004,1524.3
T001535,C0015,CAMP012,2025-11-11,CONFERENCE,SR001,2664.72
T001536,C0015,CAMP009,2025-11-13,HOSPITAL_VISIT,SR001,1330.85
T001537,C0009,CAMP011,2025-10-16,EMAIL,SR005,1305.27
T001538,C0026,CAMP010,2025-10-27,EMAIL,SR004,1432.85
T001539,C0026,CAMP007,2025-10-10,EMAIL,SR004,2584.9
T001540,C0009,CAMP013,2025-11-10,ONLINE,SR001,2858.94
T001541,C0009,CAMP004,2025-10-28,EMAIL,SR001,1061.25
T001542,C0033,CAMP004,2025-10-24,ONLINE,SR009,1026.7
T001543,C0047,CAMP012,2025-10-21,EMAIL,SR010,1998.97
T001544,C0047,CAMP001,2025-10-28,HOSPITAL_VISIT,SR010,2222.5
T001545,C0055,CAMP002,2025-11-08,EMAIL,SR010,1634.44
T001546,C0036,CAMP008,2025-11-03,HOSPITAL_VISIT,SR007,2953.56
T001547,C0036,CAMP009,2025-10-15,ONLINE,SR007,353.95
T001548,C0031,CAMP003,2025-11-14,HOSPITAL_VISIT,SR011,2419.88
T001549,C0031,CAMP004,2025-10-21,HOSPITAL_VISIT,SR011,1069.76
T001550,C0031,CAMP006,2025-11-12,HOSPITAL_VISIT,SR009,1503.65
T001551,C0051,CAMP015,2025-10-21,ONLINE,SR012,472.12
T001552,C0056,CAMP002,2025-11-13,HOSPITAL_VISIT,SR009,1517.25
T001553,C0056,CAMP003,2025-11-02,CONFERENCE,SR009,2968.39
T001554,C0053,CAMP006,2025-10-18,EMAIL,SR008,2808.28
T001555,C0045,CAMP008,2025-10-10,EMAIL,SR008,1036.86
T001556,C0037,CAMP009,2025-10-21,CONFERENCE,SR008,2731.79
T001557,C0047,CAMP010,2025-10-10,HOSPITAL_VISIT,SR012,1698.63
T001558,C0032,CAMP007,2025-11-16,ONLINE,SR011,2985.53
T001559,C0044,CAMP008,2025-11-21,CONFERENCE,SR009,769.49
T001560,C0044,CAMP013,2025-10-24,CONFERENCE,SR009,803.86
T001561,C0046,CAMP007,2025-10-29,ONLINE,SR011,1797.62
T001562,C0056,CAMP001,2025-10-17,CONFERENCE,SR010,1430.56
T001563,C0056,CAMP003,2025-10-30,EMAIL,SR010,2725.17
T001564,C0041,CAMP009,2025-11-16,ONLINE,SR012,566.46
T001565,C0041,CAMP012,2025-10-30,HOSPITAL_VISIT,SR012,871.46
T001566,C0036,CAMP008,2025-10-31,HOSPITAL_VISIT,SR010,866.17
T001567,C0036,CAMP011,2025-10-25,ONLINE,SR008,2016.67
T001568,C0048,CAMP005,2025-10-27,HOSPITAL_VISIT,SR010,2441.35
T001569,C0048,CAMP005,2025-10-26,EMAIL,SR010,438.04
T001570,C0031,CAMP013,2025-10-13,CONFERENCE,SR007,747.54
T001571,C0031,CAMP004,2025-11-01,HOSPITAL_VISIT,SR007,2917.06
T001572,C0072,CAMP008,2025-10-25,CONFERENCE,SR014,1710.83
T001573,C0072,CAMP006,2025-11-11,ONLINE,SR014,2554.99
T001574,C0069,CAMP002,2025-10-30,EMAIL,SR015,315.7
T001575,C0069,CAMP015,2025-10-26,ONLINE,SR015,2505.67
T001576,C0089,CAMP006,2025-10-14,ONLINE,SR017,2677.04
T001577,C0089,CAMP001,2025-11-07,HOSPITAL_VISIT,SR017,1425.89
T001578,C0089,CAMP014,2025-11-01,CONFERENCE,SR015,2299.2
T001579,C0089,CAMP012,2025-11-03,HOSPITAL_VISIT,SR015,721.01
T001580,C0066,CAMP004,2025-10-10,HOSPITAL_VISIT,SR017,385.3
T001581,C0090,CAMP007,2025-10-08,ONLINE,SR017,2448.44
T001582,C0090,CAMP007,2025-11-03,EMAIL,SR017,688.4
T001583,C0089,CAMP012,2025-10-10,HOSPITAL_VISIT,SR017,2547.15
T001584,C0089,CAMP005,2025-10-28,EMAIL,SR017,2122.68
T001585,C0068,CAMP005,2025-10-25,CONFERENCE,SR018,1544.27
T001586,C0068,CAMP015,2025-10-15,EMAIL,SR018,406.36
T001587,C0082,CAMP004,2025-10-11,ONLINE,SR015,1735.2
T001588,C0082,CAMP010,2025-10-28,HOSPITAL_VISIT,SR015,2424.73
T001589,C0082,CAMP006,2025-09-25,HOSPITAL_VISIT,SR015,2094.47
T001590,C0082,CAMP009,2025-10-08,CONFERENCE,SR015,1060.46
T001591,C0067,CAMP006,2025-10-12,EMAIL,SR017,1652.02
T001592,C0095,CAMP003,2025-10-30,EMAIL,SR023,325.14
T001593,C0095,CAMP002,2025-10-03,CONFERENCE,SR023,2839.86
T001594,C0105,CAMP006,2025-10-16,EMAIL,SR023,1008.86
T001595,C0105,CAMP009,2025-11-04,ONLINE,SR023,2792.64
T001596,C0110,CAMP012,2025-11-03,EMAIL,SR024,1929.99
T001597,C0095,CAMP005,2025-10-30,ONLINE,SR021,1060.9
T001598,C0095,CAMP001,2025-11-06,CONFERENCE,SR021,1340.67
T001599,C0111,CAMP002,2025-10-21,EMAIL,SR024,2710.0
T001600,C0111,CAMP013,2025-10-24,ONLINE,SR024,1194.25
T001601,C0096,CAMP015,2025-11-06,ONLINE,SR024,2529.7
T001602,C0099,CAMP003,2025-10-17,ONLINE,SR021,1590.0
T001603,C0099,CAMP013,2025-11-18,HOSPITAL_VISIT,SR021,2357.55
T001604,C0091,CAMP006,2025-11-05,EMAIL,SR020,1560.04
T001605,C0010,CAMP012,2025-12-07,ONLINE,SR006,1385.33
T001606,C0010,CAMP005,2025-12-14,HOSPITAL_VISIT,SR006,2055.83
T001607,C0018,CAMP011,2025-11-08,ONLINE,SR006,2172.57
T001608,C0018,CAMP003,2025-11-04,CONFERENCE,SR006,2680.29
T001609,C0018,CAMP004,2025-12-06,CONFERENCE,SR002,245.52
T001610,C0018,CAMP001,2025-12-02,HOSPITAL_VISIT,SR002,2942.15
T001611,C0027,CAMP006,2025-10-30,ONLINE,SR001,1338.17
T001612,C0027,CAMP008,2025-11-06,CONFERENCE,SR006,2862.22
T001613,C0027,CAMP010,2025-11-17,CONFERENCE,SR006,2858.69
T001614,C0029,CAMP008,2025-11-22,ONLINE,SR004,2060.06
T001615,C0029,CAMP006,2025-11-14,HOSPITAL_VISIT,SR004,1129.52
T001616,C0010,CAMP015,2025-11-12,EMAIL,SR002,1588.14
T001617,C0005,CAMP012,2025-11-22,ONLINE,SR001,1409.61
T001618,C0015,CAMP002,2025-12-09,HOSPITAL_VISIT,SR004,1328.57
T001619,C0020,CAMP008,2025-12-16,EMAIL,SR005,223.69
T001620,C0020,CAMP002,2025-12-08,EMAIL,SR005,2855.87
T001621,C0027,CAMP011,2025-12-17,CONFERENCE,SR005,1342.84
T001622,C0006,CAMP002,2025-12-02,HOSPITAL_VISIT,SR003,353.66
T001623,C0030,CAMP006,2025-11-28,HOSPITAL_VISIT,SR006,1205.47
T001624,C0001,CAMP006,2025-11-09,HOSPITAL_VISIT,SR006,1967.58
T001625,C0001,CAMP008,2025-11-08,CONFERENCE,SR006,2338.87
T001626,C0017,CAMP002,2025-12-04,CONFERENCE,SR005,1630.37
T001627,C0024,CAMP001,2025-11-09,EMAIL,SR002,2955.51
T001628,C0024,CAMP005,2025-11-17,EMAIL,SR002,1768.85
T001629,C0023,CAMP012,2025-11-29,HOSPITAL_VISIT,SR004,933.75
T001630,C0013,CAMP003,2025-12-01,CONFERENCE,SR004,2686.3
T001631,C0007,CAMP008,2025-11-10,HOSPITAL_VISIT,SR001,1762.62
T001632,C0007,CAMP007,2025-11-23,EMAIL,SR001,1476.28
T001633,C0025,CAMP002,2025-11-20,CONFERENCE,SR005,865.92
T001634,C0025,CAMP012,2025-12-04,EMAIL,SR005,378.7
T001635,C0020,CAMP008,2025-11-26,CONFERENCE,SR002,582.49
T001636,C0009,CAMP011,2025-11-10,HOSPITAL_VISIT,SR006,364.77
T001637,C0009,CAMP001,2025-12-02,HOSPITAL_VISIT,SR006,1393.25
T001638,C0020,CAMP001,2025-11-24,ONLINE,SR004,2449.38
T001639,C0020,CAMP006,2025-12-07,CONFERENCE,SR004,2528.48
T001640,C0025,CAMP015,2025-11-26,EMAIL,SR005,1328.19
T001641,C0010,CAMP010,2025-11-10,EMAIL,SR005,2490.39
T001642,C0010,CAMP004,2025-12-09,ONLINE,SR005,1987.92
T001643,C0009,CAMP012,2025-12-06,EMAIL,SR006,2669.3
T001644,C0009,CAMP002,2025-12-03,CONFERENCE,SR006,1510.39
T001645,C0031,CAMP011,2025-11-12,EMAIL,SR009,2124.81
T001646,C0055,CAMP006,2025-11-08,ONLINE,SR008,660.8
T001647,C0043,CAMP005,2025-11-15,HOSPITAL_VISIT,SR011,2967.46
T001648,C0057,CAMP008,2025-11-12,CONFERENCE,SR007,365.87
T001649,C0057,CAMP007,2025-11-05,EMAIL,SR007,1561.32
T001650,C0056,CAMP010,2025-11-18,HOSPITAL_VISIT,SR009,1209.48
T001651,C0050,CAMP008,2025-11-18,ONLINE,SR012,2433.8
T001652,C0054,CAMP010,2025-12-03,CONFERENCE,SR008,440.68
T001653,C0055,CAMP008,2025-10-24,EMAIL,SR010,1978.51
T001654,C0052,CAMP015,2025-11-26,ONLINE,SR007,1701.1
T001655,C0055,CAMP006,2025-11-10,CONFERENCE,SR010,2352.7
T001656,C0055,CAMP005,2025-11-09,CONFERENCE,SR010,2505.41
T001657,C0057,CAMP004,2025-11-09,HOSPITAL_VISIT,SR010,2164.47
T001658,C0054,CAMP008,2025-11-25,EMAIL,SR012,1872.97
T001659,C0054,CAMP009,2025-11-19,ONLINE,SR009,614.3
T001660,C0054,CAMP011,2025-11-22,CONFERENCE,SR009,1006.02
T001661,C0060,CAMP013,2025-12-16,EMAIL,SR008,2802.91
T001662,C0060,CAMP012,2025-11-12,ONLINE,SR008,2236.19
T001663,C0031,CAMP002,2025-11-23,ONLINE,SR012,666.4
T001664,C0031,CAMP007,2025-11-27,HOSPITAL_VISIT,SR012,1691.49
T001665,C0060,CAMP015,2025-11-09,HOSPITAL_VISIT,SR009,2540.34
T001666,C0039,CAMP012,2025-11-01,EMAIL,SR008,430.83
T001667,C0039,CAMP015,2025-11-07,CONFERENCE,SR008,1010.76
T001668,C0031,CAMP014,2025-11-07,HOSPITAL_VISIT,SR008,368.53
T001669,C0031,CAMP003,2025-10-31,HOSPITAL_VISIT,SR008,1500.56
T001670,C0036,CAMP014,2025-12-01,HOSPITAL_VISIT,SR008,305.63
T001671,C0079,CAMP011,2025-11-20,HOSPITAL_VISIT,SR018,1228.14
T001672,C0079,CAMP007,2025-12-13,EMAIL,SR018,1632.99
T001673,C0085,CAMP003,2025-11-09,CONFERENCE,SR014,1747.93
T001674,C0085,CAMP010,2025-11-02,EMAIL,SR015,1112.4
T001675,C0083,CAMP002,2025-11-12,HOSPITAL_VISIT,SR015,2344.49
T001676,C0067,CAMP008,2025-11-30,CONFERENCE,SR018,1956.24
T001677,C0067,CAMP008,2025-11-30,EMAIL,SR018,995.08
T001678,C0077,CAMP008,2025-11-08,CONFERENCE,SR014,1182.91
T001679,C0077,CAMP003,2025-11-12,EMAIL,SR014,2309.85
T001680,C0086,CAMP003,2025-11-19,ONLINE,SR014,1387.75
T001681,C0086,CAMP005,2025-11-15,HOSPITAL_VISIT,SR014,513.42
T001682,C0070,CAMP009,2025-12-02,EMAIL,SR018,980.7
T001683,C0070,CAMP005,2025-11-22,HOSPITAL_VISIT,SR018,1550.32
T001684,C0088,CAMP015,2025-11-13,ONLINE,SR014,2869.24
T001685,C0083,CAMP013,2025-11-10,CONFERENCE,SR014,338.87
T001686,C0085,CAMP008,2025-12-07,EMAIL,SR015,1490.47
T001687,C0085,CAMP008,2025-11-12,HOSPITAL_VISIT,SR015,955.54
T001688,C0063,CAMP007,2025-11-22,CONFERENCE,SR013,1319.77
T001689,C0086,CAMP010,2025-11-04,CONFERENCE,SR017,602.12
T001690,C0086,CAMP004,2025-10-31,ONLINE,SR017,1531.87
T001691,C0067,CAMP003,2025-12-12,CONFERENCE,SR015,1057.35
T001692,C0118,CAMP004,2025-10-30,EMAIL,SR020,1406.23
T001693,C0118,CAMP015,2025-12-01,ONLINE,SR020,1378.5
T001694,C0112,CAMP003,2025-12-21,HOSPITAL_VISIT,SR024,695.07
T001695,C0114,CAMP009,2025-11-17,ONLINE,SR024,1862.6
T001696,C0110,CAMP006,2025-10-31,HOSPITAL_VISIT,SR021,608.17
T001697,C0110,CAMP002,2025-11-11,HOSPITAL_VISIT,SR021,1690.18
T001698,C0102,CAMP013,2025-11-16,CONFERENCE,SR023,2262.67
T001699,C0091,CAMP012,2025-11-15,ONLINE,SR023,1410.24
T001700,C0091,CAMP005,2025-11-19,ONLINE,SR023,1323.13
T001701,C0117,CAMP008,2025-11-05,EMAIL,SR020,1855.33
T001702,C0113,CAMP011,2025-11-20,CONFERENCE,SR023,1844.09
T001703,C0099,CAMP008,2025-12-08,CONFERENCE,SR023,2371.17
T001704,C0113,CAMP009,2025-11-11,EMAIL,SR021,548.34
T001705,C0113,CAMP012,2025-11-04,HOSPITAL_VISIT,SR021,2938.29
T001706,C0106,CAMP014,2025-11-25,CONFERENCE,SR021,1028.06
T001707,C0106,CAMP014,2025-11-13,EMAIL,SR021,536.16
T001708,C0107,CAMP008,2025-12-19,EMAIL,SR021,492.26
T001709,C0030,CAMP007,2025-11-27,EMAIL,SR002,351.24
T001710,C0010,CAMP012,2026-01-01,ONLINE,SR002,2352.2
T001711,C0010,CAMP015,2026-01-03,CONFERENCE,SR002,2102.46
T001712,C0013,CAMP005,2026-01-04,CONFERENCE,SR005,1984.01
T001713,C0025,CAMP013,2025-12-12,EMAIL,SR001,1425.19
T001714,C0010,CAMP003,2025-12-24,EMAIL,SR005,1260.49
T001715,C0019,CAMP011,2026-01-03,CONFERENCE,SR004,1984.4
T001716,C0018,CAMP013,2025-12-22,HOSPITAL_VISIT,SR006,1974.18
T001717,C0001,CAMP002,2025-12-30,ONLINE,SR004,1785.9
T001718,C0001,CAMP001,2025-12-27,CONFERENCE,SR004,1787.48
T001719,C0015,CAMP007,2025-12-24,EMAIL,SR001,2796.14
T001720,C0015,CAMP012,2025-12-28,HOSPITAL_VISIT,SR001,2322.3
T001721,C0030,CAMP003,2025-12-02,ONLINE,SR002,224.86
T001722,C0030,CAMP002,2025-11-23,ONLINE,SR002,2863.34
T001723,C0017,CAMP015,2025-12-27,HOSPITAL_VISIT,SR002,1116.17
T001724,C0017,CAMP012,2026-01-22,CONFERENCE,SR002,236.01
T001725,C0013,CAMP012,2025-12-14,CONFERENCE,SR005,2558.5
T001726,C0013,CAMP006,2025-12-08,CONFERENCE,SR005,1442.21
T001727,C0008,CAMP002,2025-12-21,CONFERENCE,SR003,1127.58
T001728,C0010,CAMP001,2026-01-06,CONFERENCE,SR005,2499.38
T001729,C0015,CAMP001,2025-12-21,CONFERENCE,SR001,521.33
T001730,C0015,CAMP009,2025-12-21,CONFERENCE,SR001,1135.09
T001731,C0003,CAMP013,2026-01-08,ONLINE,SR005,1551.85
T001732,C0025,CAMP004,2025-12-11,HOSPITAL_VISIT,SR004,1525.76
T001733,C0025,CAMP014,2025-12-18,EMAIL,SR004,1539.63
T001734,C0002,CAMP004,2025-12-09,EMAIL,SR006,2469.03
T001735,C0002,CAMP001,2025-11-30,HOSPITAL_VISIT,SR006,2156.8
T001736,C0025,CAMP002,2026-01-05,ONLINE,SR002,2384.63
T001737,C0025,CAMP012,2025-12-24,EMAIL,SR002,1303.78
T001738,C0012,CAMP012,2025-12-10,EMAIL,SR005,2166.3
T001739,C0015,CAMP005,2025-12-19,ONLINE,SR004,627.36
T001740,C0015,CAMP015,2025-11-29,CONFERENCE,SR004,2389.92
T001741,C0018,CAMP014,2026-01-08,CONFERENCE,SR005,1806.67
T001742,C0018,CAMP004,2025-12-23,HOSPITAL_VISIT,SR005,1269.93
T001743,C0022,CAMP005,2026-01-01,ONLINE,SR004,2652.48
T001744,C0025,CAMP007,2025-12-27,EMAIL,SR001,1534.1
T001745,C0054,CAMP002,2025-12-19,ONLINE,SR007,1403.39
T001746,C0054,CAMP009,2025-12-27,EMAIL,SR007,824.08
T001747,C0047,CAMP004,2025-12-31,HOSPITAL_VISIT,SR008,2292.75
T001748,C0043,CAMP013,2025-12-31,HOSPITAL_VISIT,SR012,338.9
T001749,C0043,CAMP011,2025-12-19,ONLINE,SR012,2864.0
T001750,C0056,CAMP007,2026-01-05,ONLINE,SR007,1588.68
T001751,C0046,CAMP006,2026-01-06,CONFERENCE,SR007,1371.14
T001752,C0040,CAMP002,2025-12-02,ONLINE,SR008,2576.24
T001753,C0040,CAMP009,2025-12-19,EMAIL,SR008,1743.45
T001754,C0039,CAMP011,2025-12-27,HOSPITAL_VISIT,SR010,1046.64
T001755,C0039,CAMP012,2025-11-26,HOSPITAL_VISIT,SR010,394.98
T001756,C0055,CAMP002,2025-12-23,HOSPITAL_VISIT,SR008,2393.15
T001757,C0057,CAMP004,2025-12-15,CONFERENCE,SR010,2870.23
T001758,C0038,CAMP007,2026-01-12,HOSPITAL_VISIT,SR011,1650.53
T001759,C0038,CAMP012,2026-01-01,ONLINE,SR011,2647.89
T001760,C0058,CAMP005,2025-12-19,EMAIL,SR011,1455.83
T001761,C0058,CAMP015,2025-12-03,EMAIL,SR011,1735.17
T001762,C0059,CAMP008,2025-12-19,EMAIL,SR010,466.41
T001763,C0059,CAMP010,2026-01-11,HOSPITAL_VISIT,SR010,2238.73
T001764,C0034,CAMP009,2025-12-16,CONFERENCE,SR009,726.94
T001765,C0034,CAMP009,2026-01-06,EMAIL,SR009,2723.98
T001766,C0059,CAMP008,2026-01-10,EMAIL,SR007,2768.38
T001767,C0033,CAMP003,2026-01-05,HOSPITAL_VISIT,SR010,2007.78
T001768,C0053,CAMP009,2026-01-13,ONLINE,SR011,1423.75
T001769,C0053,CAMP014,2026-01-17,HOSPITAL_VISIT,SR011,721.34
T001770,C0040,CAMP004,2025-12-27,EMAIL,SR012,1031.84
T001771,C0044,CAMP003,2026-01-05,HOSPITAL_VISIT,SR009,1396.49
T001772,C0044,CAMP008,2026-01-07,ONLINE,SR009,711.39
T001773,C0042,CAMP002,2025-12-13,HOSPITAL_VISIT,SR007,2582.41
T001774,C0042,CAMP008,2026-01-19,EMAIL,SR012,1663.68
T001775,C0042,CAMP011,2026-01-19,ONLINE,SR012,1352.53
T001776,C0041,CAMP010,2025-12-25,CONFERENCE,SR007,464.06
T001777,C0041,CAMP009,2025-12-31,CONFERENCE,SR007,2122.17
T001778,C0047,CAMP003,2025-12-11,HOSPITAL_VISIT,SR010,2677.64
T001779,C0067,CAMP003,2025-12-29,CONFERENCE,SR016,426.9
T001780,C0067,CAMP010,2025-12-23,EMAIL,SR016,1826.51
T001781,C0067,CAMP012,2025-12-22,ONLINE,SR015,548.35
T001782,C0085,CAMP008,2025-11-28,CONFERENCE,SR016,2032.39
T001783,C0085,CAMP008,2025-12-05,EMAIL,SR016,1502.72
T001784,C0079,CAMP012,2026-01-02,EMAIL,SR016,975.2
T001785,C0079,CAMP008,2025-12-29,ONLINE,SR016,2006.13
T001786,C0079,CAMP010,2026-01-05,ONLINE,SR015,2277.12
T001787,C0079,CAMP006,2025-12-18,EMAIL,SR015,2921.57
T001788,C0074,CAMP005,2026-01-12,CONFERENCE,SR017,207.61
T001789,C0074,CAMP012,2026-01-13,CONFERENCE,SR017,1071.27
T001790,C0084,CAMP010,2025-12-16,HOSPITAL_VISIT,SR016,1670.72
T001791,C0079,CAMP007,2025-12-19,ONLINE,SR016,2639.49
T001792,C0083,CAMP006,2025-12-18,EMAIL,SR014,871.14
T001793,C0084,CAMP011,2025-12-08,HOSPITAL_VISIT,SR016,2223.6
T001794,C0084,CAMP012,2025-12-25,ONLINE,SR016,300.84
T001795,C0096,CAMP009,2025-12-29,ONLINE,SR019,1072.6
T001796,C0100,CAMP003,2025-12-09,HOSPITAL_VISIT,SR024,1238.59
T001797,C0115,CAMP009,2025-12-29,CONFERENCE,SR023,286.31
T001798,C0117,CAMP008,2026-01-02,CONFERENCE,SR020,1115.74
T001799,C0117,CAMP011,2025-12-15,EMAIL,SR020,856.74
T001800,C0117,CAMP004,2025-12-11,EMAIL,SR019,2372.49
T001801,C0117,CAMP014,2026-01-06,HOSPITAL_VISIT,SR023,992.14
T001802,C0117,CAMP009,2025-12-13,HOSPITAL_VISIT,SR023,1049.17
T001803,C0116,CAMP007,2025-12-03,HOSPITAL_VISIT,SR021,206.57
T001804,C0116,CAMP008,2025-12-29,ONLINE,SR021,1601.96
T001805,C0094,CAMP002,2025-12-31,ONLINE,SR019,2165.88
T001806,C0094,CAMP011,2025-11-26,EMAIL,SR019,2409.29
T001807,C0119,CAMP002,2025-11-25,HOSPITAL_VISIT,SR022,489.97
T001808,C0119,CAMP002,2025-12-09,HOSPITAL_VISIT,SR022,1653.7
T001809,C0116,CAMP011,2025-12-23,EMAIL,SR024,228.63
T001810,C0093,CAMP008,2025-12-30,ONLINE,SR019,2820.01
T001811,C0093,CAMP008,2025-12-05,HOSPITAL_VISIT,SR019,2585.34
T001812,C0107,CAMP005,2025-12-22,CONFERENCE,SR023,448.96
T001813,C0117,CAMP008,2026-01-04,CONFERENCE,SR022,558.91
T001814,C0114,CAMP006,2025-12-14,HOSPITAL_VISIT,SR024,2407.94
T001815,C0114,CAMP014,2025-12-26,CONFERENCE,SR024,946.34
T001816,C0020,CAMP014,2026-01-03,EMAIL,SR001,989.84
T001817,C0020,CAMP006,2025-12-28,CONFERENCE,SR001,352.13
T001818,C0010,CAMP013,2026-01-09,EMAIL,SR001,1490.85
T001819,C0010,CAMP012,2025-12-31,ONLINE,SR001,452.25
T001820,C0003,CAMP010,2026-02-08,CONFERENCE,SR003,244.46
T001821,C0027,CAMP009,2026-01-04,ONLINE,SR005,2445.57
T001822,C0013,CAMP013,2026-01-12,HOSPITAL_VISIT,SR002,394.11
T001823,C0013,CAMP015,2026-02-04,HOSPITAL_VISIT,SR002,1054.02
T001824,C0020,CAMP008,2025-12-26,EMAIL,SR001,417.89
T001825,C0027,CAMP002,2026-01-04,ONLINE,SR005,646.8
T001826,C0017,CAMP015,2026-01-30,EMAIL,SR005,1474.73
T001827,C0017,CAMP014,2026-02-11,ONLINE,SR005,1904.0
T001828,C0013,CAMP012,2026-02-18,HOSPITAL_VISIT,SR006,478.24
T001829,C0013,CAMP005,2026-01-29,HOSPITAL_VISIT,SR006,2520.08
T001830,C0013,CAMP013,2026-02-13,EMAIL,SR002,2659.66
T001831,C0007,CAMP012,2026-01-21,HOSPITAL_VISIT,SR002,2091.62
T001832,C0001,CAMP012,2026-01-27,HOSPITAL_VISIT,SR006,2526.37
T001833,C0003,CAMP007,2026-01-13,CONFERENCE,SR003,1703.61
T001834,C0004,CAMP011,2026-01-26,HOSPITAL_VISIT,SR001,2717.02
T001835,C0004,CAMP013,2026-02-09,ONLINE,SR001,1062.86
T001836,C0021,CAMP007,2026-02-05,HOSPITAL_VISIT,SR001,2257.31
T001837,C0029,CAMP014,2026-01-30,CONFERENCE,SR004,1831.12
T001838,C0005,CAMP006,2026-01-13,EMAIL,SR001,313.11
T001839,C0025,CAMP011,2026-01-15,HOSPITAL_VISIT,SR003,1827.12
T001840,C0025,CAMP003,2026-02-07,HOSPITAL_VISIT,SR003,867.04
T001841,C0003,CAMP003,2026-02-15,CONFERENCE,SR003,2107.28
T001842,C0016,CAMP014,2026-01-14,CONFERENCE,SR001,897.44
T001843,C0056,CAMP014,2026-01-17,HOSPITAL_VISIT,SR011,375.25
T001844,C0047,CAMP001,2026-01-28,CONFERENCE,SR010,2797.25
T001845,C0047,CAMP009,2026-01-31,HOSPITAL_VISIT,SR010,959.57
T001846,C0040,CAMP007,2026-01-15,ONLINE,SR010,512.86
T001847,C0059,CAMP008,2026-02-03,EMAIL,SR012,1237.46
T001848,C0055,CAMP003,2026-01-15,ONLINE,SR007,2592.77
T001849,C0055,CAMP006,2026-02-02,HOSPITAL_VISIT,SR007,2759.53
T001850,C0056,CAMP012,2026-01-07,HOSPITAL_VISIT,SR011,361.69
T001851,C0056,CAMP013,2026-01-27,HOSPITAL_VISIT,SR011,2591.87
T001852,C0048,CAMP002,2026-01-07,ONLINE,SR008,665.38
T001853,C0048,CAMP010,2026-01-12,HOSPITAL_VISIT,SR008,415.22
T001854,C0032,CAMP007,2026-01-21,CONFERENCE,SR008,1022.74
T001855,C0056,CAMP007,2026-02-05,ONLINE,SR012,364.45
T001856,C0033,CAMP009,2026-01-19,ONLINE,SR008,2596.22
T001857,C0033,CAMP002,2026-02-15,ONLINE,SR008,353.97
T001858,C0055,CAMP006,2026-02-02,CONFERENCE,SR008,1018.78
T001859,C0050,CAMP013,2026-02-09,CONFERENCE,SR011,690.56
T001860,C0050,CAMP005,2026-01-10,HOSPITAL_VISIT,SR008,1774.21
T001861,C0043,CAMP004,2026-01-17,ONLINE,SR008,866.31
T001862,C0046,CAMP007,2026-01-13,CONFERENCE,SR012,1502.45
T001863,C0060,CAMP008,2026-01-26,EMAIL,SR009,1425.56
T001864,C0032,CAMP012,2026-01-31,HOSPITAL_VISIT,SR009,1194.46
T001865,C0032,CAMP001,2026-01-21,CONFERENCE,SR009,642.81
T001866,C0031,CAMP010,2025-12-29,ONLINE,SR009,2084.74
T001867,C0031,CAMP014,2026-01-27,ONLINE,SR009,2614.09
T001868,C0045,CAMP009,2026-01-14,EMAIL,SR008,2343.8
T001869,C0032,CAMP008,2026-02-11,ONLINE,SR012,945.99
T001870,C0032,CAMP001,2026-01-22,CONFERENCE,SR012,244.0
T001871,C0050,CAMP008,2026-01-01,HOSPITAL_VISIT,SR012,1396.26
T001872,C0040,CAMP002,2026-01-09,EMAIL,SR011,2933.04
T001873,C0054,CAMP012,2026-01-03,HOSPITAL_VISIT,SR010,927.06
T001874,C0054,CAMP005,2026-01-01,HOSPITAL_VISIT,SR010,1505.02
T001875,C0076,CAMP009,2026-01-27,HOSPITAL_VISIT,SR017,1178.87
T001876,C0067,CAMP004,2026-01-29,EMAIL,SR013,1827.5
T001877,C0067,CAMP002,2026-01-11,ONLINE,SR013,992.92
T001878,C0062,CAMP013,2026-02-02,EMAIL,SR015,1622.91
T001879,C0079,CAMP013,2026-01-09,EMAIL,SR014,324.55
T001880,C0072,CAMP002,2026-01-05,HOSPITAL_VISIT,SR013,822.26
T001881,C0072,CAMP013,2026-01-23,CONFERENCE,SR013,926.21
T001882,C0078,CAMP011,2026-02-06,CONFERENCE,SR017,244.91
T001883,C0102,CAMP013,2026-01-05,EMAIL,SR019,1193.77
T001884,C0102,CAMP011,2026-01-11,CONFERENCE,SR019,1945.15
T001885,C0096,CAMP013,2026-01-02,EMAIL,SR022,837.82
T001886,C0096,CAMP003,2026-01-12,HOSPITAL_VISIT,SR022,2721.82
T001887,C0115,CAMP011,2026-01-24,HOSPITAL_VISIT,SR021,2596.89
T001888,C0115,CAMP005,2026-02-13,ONLINE,SR021,640.92
T001889,C0109,CAMP011,2026-01-19,CONFERENCE,SR024,300.92
T001890,C0112,CAMP015,2026-01-22,ONLINE,SR023,2259.77
T001891,C0112,CAMP006,2026-01-03,EMAIL,SR023,2803.11
T001892,C0099,CAMP004,2026-02-05,ONLINE,SR020,1237.6
T001893,C0117,CAMP003,2026-02-19,EMAIL,SR020,2838.36
T001894,C0117,CAMP011,2026-02-13,ONLINE,SR020,2429.52
T001895,C0117,CAMP007,2026-01-08,CONFERENCE,SR021,339.83
T001896,C0110,CAMP015,2026-01-25,CONFERENCE,SR021,2746.6
T001897,C0024,CAMP012,2026-02-24,EMAIL,SR001,2932.59
T001898,C0019,CAMP005,2026-01-25,HOSPITAL_VISIT,SR002,1909.76
T001899,C0013,CAMP015,2026-02-20,CONFERENCE,SR004,2836.97
T001900,C0013,CAMP004,2026-02-11,HOSPITAL_VISIT,SR004,267.62
T001901,C0014,CAMP013,2026-02-01,CONFERENCE,SR005,1366.73
T001902,C0022,CAMP008,2026-03-04,CONFERENCE,SR005,1441.3
T001903,C0013,CAMP012,2026-02-12,CONFERENCE,SR006,1224.87
T001904,C0024,CAMP008,2026-02-25,CONFERENCE,SR005,2528.79
T001905,C0024,CAMP008,2026-02-17,EMAIL,SR005,1502.52
T001906,C0014,CAMP014,2026-03-17,EMAIL,SR002,2585.95
T001907,C0014,CAMP002,2026-02-22,HOSPITAL_VISIT,SR002,2786.99
T001908,C0029,CAMP005,2026-02-22,EMAIL,SR004,1383.12
T001909,C0029,CAMP005,2026-02-18,ONLINE,SR004,2586.63
T001910,C0005,CAMP007,2026-03-13,HOSPITAL_VISIT,SR006,2821.57
T001911,C0010,CAMP015,2026-02-18,HOSPITAL_VISIT,SR004,2151.11
T001912,C0010,CAMP014,2026-02-06,ONLINE,SR004,2591.62
T001913,C0017,CAMP005,2026-03-07,ONLINE,SR002,2332.0
T001914,C0013,CAMP004,2026-02-26,EMAIL,SR001,1270.86
T001915,C0013,CAMP013,2026-02-21,ONLINE,SR001,353.69
T001916,C0008,CAMP009,2026-02-11,CONFERENCE,SR004,1826.52
T001917,C0008,CAMP005,2026-02-23,CONFERENCE,SR004,1560.21
T001918,C0022,CAMP005,2026-02-17,ONLINE,SR002,1758.35
T001919,C0017,CAMP002,2026-02-01,ONLINE,SR003,322.83
T001920,C0003,CAMP010,2026-02-06,HOSPITAL_VISIT,SR003,516.72
T001921,C0018,CAMP002,2026-03-11,EMAIL,SR006,2220.47
T001922,C0010,CAMP014,2026-02-14,ONLINE,SR006,2465.86
T001923,C0028,CAMP009,2026-02-04,EMAIL,SR005,2572.1
T001924,C0028,CAMP002,2026-02-12,EMAIL,SR002,469.54
T001925,C0028,CAMP012,2026-02-01,EMAIL,SR002,2785.37
T001926,C0028,CAMP013,2026-03-08,HOSPITAL_VISIT,SR003,506.7
T001927,C0003,CAMP010,2026-02-04,HOSPITAL_VISIT,SR001,430.91
T001928,C0003,CAMP001,2026-02-05,ONLINE,SR001,1449.92
T001929,C0025,CAMP005,2026-02-27,ONLINE,SR002,2883.06
T001930,C0016,CAMP015,2026-03-10,CONFERENCE,SR005,1712.85
T001931,C0016,CAMP015,2026-02-16,ONLINE,SR005,362.47
T001932,C0035,CAMP011,2026-02-08,EMAIL,SR011,306.65
T001933,C0035,CAMP007,2026-02-23,ONLINE,SR011,1088.88
T001934,C0057,CAMP003,2026-02-11,EMAIL,SR010,1374.69
T001935,C0057,CAMP004,2026-02-14,HOSPITAL_VISIT,SR010,1895.26
T001936,C0057,CAMP007,2026-02-17,ONLINE,SR009,1795.17
T001937,C0032,CAMP001,2026-03-04,HOSPITAL_VISIT,SR010,251.3
T001938,C0057,CAMP004,2026-03-16,ONLINE,SR008,493.62
T001939,C0057,CAMP004,2026-02-26,EMAIL,SR008,2774.32
T001940,C0043,CAMP015,2026-01-25,HOSPITAL_VISIT,SR008,1701.71
T001941,C0043,CAMP006,2026-01-31,ONLINE,SR008,2842.91
T001942,C0057,CAMP004,2026-02-19,HOSPITAL_VISIT,SR008,1753.09
T001943,C0057,CAMP007,2026-03-01,HOSPITAL_VISIT,SR008,436.34
T001944,C0054,CAMP008,2026-03-16,HOSPITAL_VISIT,SR007,2905.26
T001945,C0054,CAMP003,2026-02-28,HOSPITAL_VISIT,SR007,2569.88
T001946,C0055,CAMP003,2026-03-02,EMAIL,SR009,2620.87
T001947,C0040,CAMP007,2026-02-04,CONFERENCE,SR010,1679.29
T001948,C0046,CAMP012,2026-02-10,HOSPITAL_VISIT,SR012,967.41
T001949,C0046,CAMP012,2026-03-03,ONLINE,SR012,2752.12
T001950,C0032,CAMP004,2026-02-22,CONFERENCE,SR012,1021.36
T001951,C0032,CAMP003,2026-02-06,HOSPITAL_VISIT,SR012,2718.75
T001952,C0059,CAMP004,2026-02-07,HOSPITAL_VISIT,SR008,298.27
T001953,C0059,CAMP013,2026-02-10,EMAIL,SR008,2947.6
T001954,C0041,CAMP002,2026-03-11,HOSPITAL_VISIT,SR010,1448.48
T001955,C0057,CAMP012,2026-03-22,ONLINE,SR008,719.92
T001956,C0041,CAMP006,2026-02-24,EMAIL,SR007,2540.08
T001957,C0041,CAMP004,2026-03-03,ONLINE,SR007,1391.96
T001958,C0040,CAMP010,2026-02-10,HOSPITAL_VISIT,SR009,1142.47
T001959,C0040,CAMP003,2026-02-24,EMAIL,SR009,1152.28
T001960,C0055,CAMP005,2026-02-28,CONFERENCE,SR011,2163.39
T001961,C0055,CAMP008,2026-03-02,ONLINE,SR011,2369.9
T001962,C0049,CAMP011,2026-03-02,EMAIL,SR007,1514.08
T001963,C0049,CAMP011,2026-02-19,EMAIL,SR007,1445.9
T001964,C0046,CAMP006,2026-02-10,CONFERENCE,SR010,601.33
T001965,C0046,CAMP009,2026-02-12,EMAIL,SR010,1691.96
T001966,C0031,CAMP002,2026-03-05,EMAIL,SR008,423.98
T001967,C0031,CAMP015,2026-03-09,CONFERENCE,SR008,1359.12
T001968,C0052,CAMP006,2026-01-29,ONLINE,SR011,524.74
T001969,C0052,CAMP010,2026-02-02,ONLINE,SR011,2954.0
T001970,C0035,CAMP008,2026-02-19,HOSPITAL_VISIT,SR012,2728.54
T001971,C0035,CAMP005,2026-02-21,ONLINE,SR012,2328.84
T001972,C0052,CAMP014,2026-02-21,ONLINE,SR007,1758.13
T001973,C0052,CAMP009,2026-02-17,ONLINE,SR007,720.47
T001974,C0044,CAMP015,2026-01-30,HOSPITAL_VISIT,SR008,886.06
T001975,C0050,CAMP014,2026-02-06,HOSPITAL_VISIT,SR009,1667.54
T001976,C0033,CAMP012,2026-03-01,ONLINE,SR012,933.28
T001977,C0033,CAMP014,2026-02-12,CONFERENCE,SR012,2147.17
T001978,C0037,CAMP015,2026-02-20,HOSPITAL_VISIT,SR008,2548.88
T001979,C0052,CAMP005,2026-03-12,ONLINE,SR007,2804.45
T001980,C0052,CAMP005,2026-02-17,CONFERENCE,SR007,321.09
T001981,C0065,CAMP004,2026-01-26,ONLINE,SR014,1203.67
T001982,C0075,CAMP003,2026-03-05,HOSPITAL_VISIT,SR015,1934.16
T001983,C0075,CAMP010,2026-03-09,ONLINE,SR015,1856.43
T001984,C0067,CAMP007,2026-02-12,EMAIL,SR015,2764.63
T001985,C0062,CAMP011,2026-02-10,EMAIL,SR013,1656.75
T001986,C0074,CAMP010,2026-03-03,CONFERENCE,SR014,988.85
T001987,C0065,CAMP002,2026-02-11,ONLINE,SR016,389.47
T001988,C0065,CAMP007,2026-02-02,EMAIL,SR016,2631.37
T001989,C0087,CAMP009,2026-03-20,CONFERENCE,SR016,1415.93
T001990,C0087,CAMP006,2026-02-27,ONLINE,SR016,1354.07
T001991,C0071,CAMP008,2026-02-20,CONFERENCE,SR018,1351.63
T001992,C0075,CAMP008,2026-02-09,EMAIL,SR017,2526.54
T001993,C0086,CAMP004,2026-03-09,CONFERENCE,SR016,1884.35
T001994,C0072,CAMP007,2026-02-14,EMAIL,SR014,2763.55
T001995,C0072,CAMP015,2026-02-14,HOSPITAL_VISIT,SR014,2952.27
T001996,C0061,CAMP002,2026-03-10,EMAIL,SR017,471.17
T001997,C0095,CAMP012,2026-02-12,EMAIL,SR022,2642.94
T001998,C0119,CAMP009,2026-02-19,ONLINE,SR022,1816.82
T001999,C0102,CAMP007,2026-03-01,ONLINE,SR024,2118.44
T002000,C0102,CAMP007,2026-02-12,CONFERENCE,SR024,1870.58
T002001,C0095,CAMP007,2026-02-09,HOSPITAL_VISIT,SR023,1625.58
T002002,C0100,CAMP014,2026-03-13,HOSPITAL_VISIT,SR024,2234.46
T002003,C0100,CAMP013,2026-03-02,HOSPITAL_VISIT,SR024,934.45
T002004,C0100,CAMP015,2026-02-16,CONFERENCE,SR023,465.73
T002005,C0098,CAMP013,2026-02-11,EMAIL,SR024,394.52
T002006,C0098,CAMP006,2026-03-04,HOSPITAL_VISIT,SR024,1130.01
T002007,C0114,CAMP014,2026-02-12,EMAIL,SR023,1237.59
T002008,C0114,CAMP008,2026-02-26,ONLINE,SR023,425.66
T002009,C0111,CAMP004,2026-02-06,CONFERENCE,SR024,212.41
T002010,C0095,CAMP005,2026-02-26,ONLINE,SR023,2630.95
T002011,C0095,CAMP014,2026-02-22,HOSPITAL_VISIT,SR023,2368.27
T002012,C0117,CAMP012,2026-03-04,ONLINE,SR019,1504.68
T002013,C0109,CAMP009,2026-02-15,EMAIL,SR020,761.5
T002014,C0109,CAMP007,2026-03-12,EMAIL,SR020,2788.74
T002015,C0119,CAMP014,2026-02-12,EMAIL,SR021,938.0
T002016,C0119,CAMP013,2026-03-01,EMAIL,SR021,1600.32
T002017,C0106,CAMP008,2026-03-01,EMAIL,SR019,657.55
T002018,C0106,CAMP003,2026-03-01,ONLINE,SR019,2061.74
T002019,C0118,CAMP015,2026-02-26,ONLINE,SR021,2399.81
T002020,C0091,CAMP005,2026-02-06,EMAIL,SR022,2240.14
T002021,C0091,CAMP002,2026-01-27,ONLINE,SR022,541.67
T002022,C0117,CAMP011,2026-03-02,CONFERENCE,SR023,1696.87
T002023,C0116,CAMP011,2026-02-24,CONFERENCE,SR024,2185.12
T002024,C0116,CAMP005,2026-02-21,HOSPITAL_VISIT,SR024,2513.03
T002025,C0106,CAMP011,2026-02-12,EMAIL,SR023,424.57
T002026,C0106,CAMP014,2026-02-25,EMAIL,SR023,817.45
T002027,C0023,CAMP009,2026-03-29,EMAIL,SR006,965.92
T002028,C0017,CAMP015,2026-03-29,ONLINE,SR001,1534.63
T002029,C0024,CAMP009,2026-03-10,CONFERENCE,SR002,2037.38
T002030,C0023,CAMP007,2026-03-12,CONFERENCE,SR005,2885.53
T002031,C0022,CAMP007,2026-03-05,CONFERENCE,SR003,609.61
T002032,C0022,CAMP010,2026-03-24,HOSPITAL_VISIT,SR003,2108.38
T002033,C0027,CAMP010,2026-03-19,HOSPITAL_VISIT,SR004,1503.87
T002034,C0019,CAMP007,2026-03-02,EMAIL,SR001,2363.26
T002035,C0022,CAMP007,2026-03-15,ONLINE,SR001,1342.89
T002036,C0029,CAMP009,2026-03-19,ONLINE,SR002,2892.41
T002037,C0029,CAMP008,2026-02-24,HOSPITAL_VISIT,SR001,210.5
T002038,C0029,CAMP007,2026-03-23,CONFERENCE,SR001,1197.7
T002039,C0017,CAMP001,2026-03-16,ONLINE,SR002,1022.76
T002040,C0016,CAMP007,2026-04-07,CONFERENCE,SR002,2438.52
T002041,C0013,CAMP002,2026-03-30,HOSPITAL_VISIT,SR001,432.85
T002042,C0011,CAMP010,2026-04-03,CONFERENCE,SR001,351.93
T002043,C0016,CAMP008,2026-03-02,HOSPITAL_VISIT,SR003,1292.92
T002044,C0011,CAMP002,2026-04-12,CONFERENCE,SR002,2714.93
T002045,C0011,CAMP011,2026-04-21,EMAIL,SR002,273.49
T002046,C0030,CAMP004,2026-03-25,EMAIL,SR002,2468.72
T002047,C0004,CAMP010,2026-03-27,EMAIL,SR006,2237.73
T002048,C0004,CAMP002,2026-03-19,EMAIL,SR006,614.56
T002049,C0008,CAMP002,2026-03-04,HOSPITAL_VISIT,SR002,633.85
T002050,C0008,CAMP007,2026-03-09,CONFERENCE,SR002,398.6
T002051,C0001,CAMP005,2026-04-12,HOSPITAL_VISIT,SR004,1137.0
T002052,C0029,CAMP012,2026-03-12,EMAIL,SR003,2523.33
T002053,C0029,CAMP010,2026-03-10,HOSPITAL_VISIT,SR003,2374.24
T002054,C0003,CAMP002,2026-03-31,CONFERENCE,SR006,2136.05
T002055,C0003,CAMP012,2026-04-03,CONFERENCE,SR006,308.14
T002056,C0024,CAMP014,2026-04-10,EMAIL,SR001,392.53
T002057,C0024,CAMP006,2026-03-26,ONLINE,SR001,2943.28
T002058,C0006,CAMP002,2026-03-15,CONFERENCE,SR004,2350.32
T002059,C0006,CAMP005,2026-03-02,EMAIL,SR004,2444.89
T002060,C0009,CAMP010,2026-03-16,EMAIL,SR001,1784.91
T002061,C0009,CAMP005,2026-04-02,CONFERENCE,SR001,2407.0
T002062,C0025,CAMP009,2026-03-25,EMAIL,SR001,2601.55
T002063,C0006,CAMP012,2026-04-04,HOSPITAL_VISIT,SR002,393.74
T002064,C0006,CAMP011,2026-03-25,HOSPITAL_VISIT,SR002,2892.38
T002065,C0008,CAMP013,2026-04-01,HOSPITAL_VISIT,SR005,2500.0
T002066,C0006,CAMP013,2026-03-23,ONLINE,SR004,2392.61
T002067,C0024,CAMP011,2026-03-06,HOSPITAL_VISIT,SR002,307.98
T002068,C0024,CAMP008,2026-03-30,CONFERENCE,SR002,668.4
T002069,C0044,CAMP012,2026-03-18,EMAIL,SR010,1647.34
T002070,C0044,CAMP014,2026-03-22,CONFERENCE,SR010,2464.0
T002071,C0043,CAMP012,2026-04-01,ONLINE,SR011,2761.88
T002072,C0043,CAMP005,2026-03-29,CONFERENCE,SR011,1892.54
T002073,C0059,CAMP003,2026-03-09,CONFERENCE,SR012,1425.76
T002074,C0059,CAMP004,2026-03-17,ONLINE,SR012,1764.06
T002075,C0042,CAMP005,2026-04-12,HOSPITAL_VISIT,SR008,2116.77
T002076,C0042,CAMP003,2026-03-27,EMAIL,SR008,1935.7
T002077,C0056,CAMP009,2026-03-01,CONFERENCE,SR010,2975.83
T002078,C0046,CAMP009,2026-03-30,CONFERENCE,SR010,1808.7
T002079,C0059,CAMP001,2026-03-26,ONLINE,SR008,2387.59
T002080,C0059,CAMP006,2026-03-24,EMAIL,SR008,2263.75
T002081,C0041,CAMP003,2026-04-10,CONFERENCE,SR008,1629.09
T002082,C0041,CAMP009,2026-04-01,HOSPITAL_VISIT,SR008,1062.14
T002083,C0040,CAMP014,2026-04-03,CONFERENCE,SR012,1001.89
T002084,C0036,CAMP009,2026-03-23,CONFERENCE,SR012,1546.4
T002085,C0033,CAMP007,2026-04-13,EMAIL,SR010,1235.75
T002086,C0033,CAMP008,2026-03-19,HOSPITAL_VISIT,SR010,2327.51
T002087,C0040,CAMP010,2026-04-04,ONLINE,SR011,2952.42
T002088,C0040,CAMP014,2026-03-11,HOSPITAL_VISIT,SR011,2872.06
T002089,C0039,CAMP007,2026-04-07,HOSPITAL_VISIT,SR011,1707.15
T002090,C0039,CAMP002,2026-04-09,EMAIL,SR011,2436.21
T002091,C0047,CAMP004,2026-03-07,ONLINE,SR007,2834.72
T002092,C0047,CAMP014,2026-03-08,HOSPITAL_VISIT,SR007,375.01
T002093,C0046,CAMP006,2026-03-23,ONLINE,SR007,1873.87
T002094,C0046,CAMP008,2026-04-14,CONFERENCE,SR007,866.3
T002095,C0051,CAMP008,2026-03-18,ONLINE,SR007,908.19
T002096,C0035,CAMP001,2026-03-11,EMAIL,SR011,603.38
T002097,C0050,CAMP015,2026-03-30,CONFERENCE,SR007,1398.24
T002098,C0050,CAMP003,2026-03-16,EMAIL,SR007,1149.34
T002099,C0044,CAMP002,2026-04-04,ONLINE,SR012,2278.63
T002100,C0044,CAMP002,2026-03-26,ONLINE,SR012,1362.06
T002101,C0060,CAMP009,2026-04-05,ONLINE,SR009,800.88
T002102,C0060,CAMP004,2026-03-23,ONLINE,SR009,1419.74
T002103,C0053,CAMP011,2026-03-19,EMAIL,SR012,1288.27
T002104,C0043,CAMP009,2026-03-29,ONLINE,SR010,2847.9
T002105,C0043,CAMP015,2026-03-19,HOSPITAL_VISIT,SR010,472.14
T002106,C0051,CAMP007,2026-03-30,HOSPITAL_VISIT,SR012,1748.49
T002107,C0045,CAMP015,2026-03-20,CONFERENCE,SR009,2912.52
T002108,C0045,CAMP008,2026-03-15,EMAIL,SR009,692.9
T002109,C0038,CAMP005,2026-03-15,CONFERENCE,SR009,509.12
T002110,C0038,CAMP002,2026-03-05,HOSPITAL_VISIT,SR009,260.74
T002111,C0041,CAMP005,2026-03-20,CONFERENCE,SR010,425.52
T002112,C0041,CAMP001,2026-03-31,CONFERENCE,SR010,2742.12
T002113,C0041,CAMP012,2026-03-20,EMAIL,SR011,425.89
T002114,C0041,CAMP001,2026-04-11,HOSPITAL_VISIT,SR011,604.56
T002115,C0081,CAMP009,2026-03-26,ONLINE,SR016,2525.33
T002116,C0081,CAMP013,2026-03-16,CONFERENCE,SR016,1940.47
T002117,C0065,CAMP002,2026-04-03,EMAIL,SR018,1524.87
T002118,C0065,CAMP009,2026-03-15,EMAIL,SR018,1073.6
T002119,C0070,CAMP012,2026-04-10,HOSPITAL_VISIT,SR014,275.32
T002120,C0070,CAMP007,2026-04-05,CONFERENCE,SR014,1316.26
T002121,C0067,CAMP013,2026-04-02,CONFERENCE,SR018,572.58
T002122,C0062,CAMP004,2026-03-21,EMAIL,SR016,1840.89
T002123,C0074,CAMP014,2026-03-16,ONLINE,SR014,918.02
T002124,C0074,CAMP005,2026-03-05,CONFERENCE,SR014,1608.02
T002125,C0068,CAMP012,2026-03-29,EMAIL,SR013,1697.9
T002126,C0068,CAMP013,2026-03-01,CONFERENCE,SR013,893.71
T002127,C0063,CAMP011,2026-03-05,HOSPITAL_VISIT,SR016,947.79
T002128,C0071,CAMP002,2026-03-29,EMAIL,SR016,807.5
T002129,C0079,CAMP009,2026-03-31,HOSPITAL_VISIT,SR017,237.93
T002130,C0079,CAMP011,2026-04-09,EMAIL,SR017,326.49
T002131,C0068,CAMP001,2026-04-15,EMAIL,SR014,2408.78
T002132,C0065,CAMP015,2026-03-28,HOSPITAL_VISIT,SR013,1479.2
T002133,C0089,CAMP005,2026-04-11,EMAIL,SR017,2377.68
T002134,C0089,CAMP012,2026-04-19,CONFERENCE,SR017,200.98
T002135,C0090,CAMP012,2026-03-15,CONFERENCE,SR014,1772.98
T002136,C0090,CAMP011,2026-04-10,EMAIL,SR014,2601.66
T002137,C0104,CAMP014,2026-04-02,CONFERENCE,SR022,1403.5
T002138,C0104,CAMP014,2026-04-17,HOSPITAL_VISIT,SR022,2119.97
T002139,C0102,CAMP007,2026-04-07,HOSPITAL_VISIT,SR024,2570.05
T002140,C0093,CAMP012,2026-04-06,ONLINE,SR024,1832.81
T002141,C0093,CAMP013,2026-03-17,ONLINE,SR024,1006.61
T002142,C0098,CAMP001,2026-03-22,HOSPITAL_VISIT,SR020,2923.85
T002143,C0115,CAMP010,2026-04-08,ONLINE,SR020,786.02
T002144,C0115,CAMP010,2026-04-05,HOSPITAL_VISIT,SR019,1795.42
T002145,C0115,CAMP014,2026-04-07,EMAIL,SR019,2505.1
T002146,C0118,CAMP003,2026-03-13,EMAIL,SR024,501.6
T002147,C0118,CAMP001,2026-03-20,EMAIL,SR024,1521.36
T002148,C0117,CAMP002,2026-03-09,EMAIL,SR019,2241.63
T002149,C0117,CAMP004,2026-03-18,HOSPITAL_VISIT,SR019,2137.04
T002150,C0111,CAMP015,2026-03-28,EMAIL,SR022,1518.24
T002151,C0111,CAMP001,2026-04-14,CONFERENCE,SR022,2373.96
T002152,C0094,CAMP010,2026-03-17,HOSPITAL_VISIT,SR020,1296.69
T002153,C0099,CAMP007,2026-04-05,EMAIL,SR021,1809.73
T002154,C0099,CAMP010,2026-04-02,ONLINE,SR021,1102.96
T002155,C0110,CAMP002,2026-04-04,ONLINE,SR023,1219.47
T002156,C0113,CAMP009,2026-03-31,EMAIL,SR024,2279.69
T002157,C0108,CAMP014,2026-03-05,ONLINE,SR021,2759.71
T002158,C0108,CAMP010,2026-03-26,EMAIL,SR021,2750.58
T002159,C0094,CAMP014,2026-04-20,ONLINE,SR021,1601.13
T002160,C0107,CAMP006,2026-03-20,HOSPITAL_VISIT,SR023,411.75
T002161,C0107,CAMP001,2026-03-08,EMAIL,SR023,630.51
T002162,C0105,CAMP004,2026-03-28,EMAIL,SR024,502.47
T002163,C0105,CAMP008,2026-03-05,ONLINE,SR024,2666.62
T002164,C0020,CAMP005,2026-05-01,CONFERENCE,SR004,226.87
T002165,C0020,CAMP002,2026-04-16,HOSPITAL_VISIT,SR004,1379.23
T002166,C0023,CAMP008,2026-04-17,HOSPITAL_VISIT,SR005,497.73
T002167,C0023,CAMP010,2026-04-15,EMAIL,SR005,2171.96
T002168,C0018,CAMP005,2026-04-23,EMAIL,SR006,2217.96
T002169,C0020,CAMP004,2026-05-08,ONLINE,SR003,999.79
T002170,C0020,CAMP015,2026-04-19,HOSPITAL_VISIT,SR003,2934.08
T002171,C0019,CAMP002,2026-04-24,HOSPITAL_VISIT,SR004,1977.46
T002172,C0010,CAMP009,2026-04-02,HOSPITAL_VISIT,SR001,2775.15
T002173,C0010,CAMP008,2026-04-19,EMAIL,SR001,2986.89
T002174,C0017,CAMP003,2026-04-02,HOSPITAL_VISIT,SR005,2775.62
T002175,C0017,CAMP013,2026-04-08,EMAIL,SR005,1664.98
T002176,C0029,CAMP004,2026-04-15,CONFERENCE,SR001,2519.86
T002177,C0005,CAMP002,2026-04-26,HOSPITAL_VISIT,SR006,1052.37
T002178,C0005,CAMP007,2026-04-15,ONLINE,SR006,1150.73
T002179,C0030,CAMP013,2026-04-15,CONFERENCE,SR004,1861.09
T002180,C0018,CAMP007,2026-04-07,CONFERENCE,SR004,953.81
T002181,C0003,CAMP008,2026-04-24,EMAIL,SR003,2013.05
T002182,C0018,CAMP014,2026-04-22,CONFERENCE,SR005,2014.92
T002183,C0003,CAMP008,2026-04-08,ONLINE,SR006,558.79
T002184,C0015,CAMP014,2026-04-27,HOSPITAL_VISIT,SR002,2720.64
T002185,C0029,CAMP009,2026-04-19,EMAIL,SR004,2209.0
T002186,C0029,CAMP010,2026-04-25,ONLINE,SR004,2847.72
T002187,C0020,CAMP010,2026-04-23,EMAIL,SR002,1633.17
T002188,C0020,CAMP006,2026-05-14,CONFERENCE,SR002,1832.33
T002189,C0012,CAMP012,2026-05-12,CONFERENCE,SR001,2595.99
T002190,C0004,CAMP011,2026-05-05,EMAIL,SR006,1928.47
T002191,C0018,CAMP001,2026-05-03,CONFERENCE,SR004,1020.05
T002192,C0018,CAMP009,2026-03-30,ONLINE,SR004,1568.74
T002193,C0012,CAMP002,2026-05-07,CONFERENCE,SR001,2516.26
T002194,C0012,CAMP010,2026-04-28,ONLINE,SR001,726.26
T002195,C0021,CAMP006,2026-05-14,EMAIL,SR004,2930.58
T002196,C0028,CAMP009,2026-04-11,CONFERENCE,SR003,729.09
T002197,C0007,CAMP001,2026-04-14,HOSPITAL_VISIT,SR004,1084.27
T002198,C0022,CAMP004,2026-05-09,EMAIL,SR004,1104.59
T002199,C0006,CAMP006,2026-04-17,HOSPITAL_VISIT,SR002,1446.44
T002200,C0005,CAMP013,2026-04-28,EMAIL,SR001,2107.58
T002201,C0005,CAMP015,2026-05-12,HOSPITAL_VISIT,SR001,1842.86
T002202,C0006,CAMP013,2026-04-14,HOSPITAL_VISIT,SR004,1112.98
T002203,C0006,CAMP013,2026-04-26,HOSPITAL_VISIT,SR004,1375.43
T002204,C0011,CAMP014,2026-04-27,HOSPITAL_VISIT,SR004,1790.93
T002205,C0047,CAMP013,2026-05-07,EMAIL,SR011,2172.21
T002206,C0047,CAMP004,2026-04-13,EMAIL,SR011,657.57
T002207,C0047,CAMP008,2026-04-03,HOSPITAL_VISIT,SR009,1919.08
T002208,C0054,CAMP010,2026-04-20,EMAIL,SR009,2632.25
T002209,C0044,CAMP010,2026-05-05,ONLINE,SR012,590.39
T002210,C0044,CAMP007,2026-04-11,CONFERENCE,SR012,1532.07
T002211,C0059,CAMP011,2026-04-29,HOSPITAL_VISIT,SR009,2741.17
T002212,C0059,CAMP008,2026-04-22,EMAIL,SR009,234.0
T002213,C0046,CAMP015,2026-04-22,HOSPITAL_VISIT,SR011,477.04
T002214,C0056,CAMP003,2026-04-24,ONLINE,SR009,475.44
T002215,C0035,CAMP002,2026-05-03,ONLINE,SR010,2426.96
T002216,C0035,CAMP004,2026-04-18,EMAIL,SR010,2641.6
T002217,C0055,CAMP007,2026-04-17,CONFERENCE,SR009,735.29
T002218,C0055,CAMP008,2026-04-20,EMAIL,SR009,2294.53
T002219,C0042,CAMP001,2026-04-09,EMAIL,SR009,550.07
T002220,C0060,CAMP004,2026-05-08,HOSPITAL_VISIT,SR011,1340.56
T002221,C0036,CAMP013,2026-04-28,EMAIL,SR011,216.14
T002222,C0055,CAMP009,2026-05-03,ONLINE,SR010,2058.28
T002223,C0055,CAMP011,2026-04-23,CONFERENCE,SR010,2236.08
T002224,C0057,CAMP014,2026-04-08,CONFERENCE,SR007,1406.58
T002225,C0057,CAMP011,2026-04-14,CONFERENCE,SR007,1176.51
T002226,C0031,CAMP012,2026-04-15,ONLINE,SR009,1996.23
T002227,C0031,CAMP006,2026-04-03,CONFERENCE,SR009,2127.08
T002228,C0047,CAMP015,2026-05-15,CONFERENCE,SR007,377.12
T002229,C0047,CAMP008,2026-04-27,CONFERENCE,SR007,1477.99
T002230,C0038,CAMP012,2026-05-17,CONFERENCE,SR012,878.2
T002231,C0038,CAMP003,2026-05-05,HOSPITAL_VISIT,SR012,774.18
T002232,C0031,CAMP013,2026-04-17,CONFERENCE,SR011,1027.49
T002233,C0041,CAMP010,2026-04-02,ONLINE,SR009,2779.74
T002234,C0052,CAMP015,2026-04-17,ONLINE,SR008,613.84
T002235,C0035,CAMP007,2026-04-12,ONLINE,SR007,1251.56
T002236,C0033,CAMP005,2026-04-15,EMAIL,SR009,2131.79
T002237,C0033,CAMP003,2026-04-08,ONLINE,SR009,1594.8
T002238,C0032,CAMP014,2026-04-29,CONFERENCE,SR010,335.87
T002239,C0032,CAMP002,2026-04-01,EMAIL,SR010,1349.3
T002240,C0045,CAMP004,2026-04-21,ONLINE,SR009,1610.29
T002241,C0053,CAMP002,2026-04-12,CONFERENCE,SR009,420.92
T002242,C0053,CAMP010,2026-05-01,HOSPITAL_VISIT,SR009,1120.06
T002243,C0053,CAMP001,2026-03-25,EMAIL,SR011,1042.73
T002244,C0053,CAMP009,2026-04-25,HOSPITAL_VISIT,SR010,1184.66
T002245,C0053,CAMP004,2026-04-09,CONFERENCE,SR010,715.56
T002246,C0041,CAMP001,2026-04-06,CONFERENCE,SR009,2093.41
T002247,C0041,CAMP001,2026-04-13,ONLINE,SR009,854.77
T002248,C0061,CAMP014,2026-04-14,HOSPITAL_VISIT,SR015,352.23
T002249,C0061,CAMP015,2026-04-22,HOSPITAL_VISIT,SR015,1817.57
T002250,C0075,CAMP003,2026-04-25,CONFERENCE,SR018,2634.12
T002251,C0075,CAMP001,2026-04-13,HOSPITAL_VISIT,SR018,1250.67
T002252,C0065,CAMP008,2026-05-01,HOSPITAL_VISIT,SR014,2532.52
T002253,C0065,CAMP009,2026-05-03,ONLINE,SR014,1908.17
T002254,C0069,CAMP009,2026-04-26,ONLINE,SR014,338.24
T002255,C0061,CAMP007,2026-04-17,ONLINE,SR014,2887.55
T002256,C0061,CAMP002,2026-05-05,CONFERENCE,SR013,2646.36
T002257,C0061,CAMP010,2026-05-10,ONLINE,SR013,1560.97
T002258,C0074,CAMP006,2026-04-27,EMAIL,SR014,567.5
T002259,C0074,CAMP006,2026-04-18,CONFERENCE,SR014,1136.11
T002260,C0074,CAMP002,2026-04-19,CONFERENCE,SR017,525.92
T002261,C0070,CAMP009,2026-04-19,CONFERENCE,SR014,855.8
T002262,C0070,CAMP003,2026-03-31,HOSPITAL_VISIT,SR014,1667.85
T002263,C0078,CAMP002,2026-04-22,ONLINE,SR016,1560.08
T002264,C0078,CAMP008,2026-05-04,EMAIL,SR016,2672.33
T002265,C0075,CAMP015,2026-05-15,ONLINE,SR017,1125.96
T002266,C0075,CAMP015,2026-04-29,CONFERENCE,SR017,2963.86
T002267,C0110,CAMP009,2026-05-17,EMAIL,SR021,2795.82
T002268,C0110,CAMP001,2026-04-22,EMAIL,SR021,206.7
T002269,C0096,CAMP006,2026-04-07,EMAIL,SR023,2600.22
T002270,C0096,CAMP004,2026-04-19,HOSPITAL_VISIT,SR023,2835.84
T002271,C0110,CAMP015,2026-04-08,CONFERENCE,SR023,1536.1
T002272,C0110,CAMP003,2026-04-22,HOSPITAL_VISIT,SR023,1670.31
T002273,C0117,CAMP006,2026-03-29,CONFERENCE,SR020,1903.2
T002274,C0117,CAMP015,2026-04-21,CONFERENCE,SR020,2627.8
T002275,C0094,CAMP003,2026-04-24,HOSPITAL_VISIT,SR023,2927.12
T002276,C0094,CAMP008,2026-04-10,EMAIL,SR023,1555.89
T002277,C0115,CAMP012,2026-05-03,CONFERENCE,SR024,1197.5
T002278,C0118,CAMP002,2026-04-20,ONLINE,SR023,2544.28
T002279,C0118,CAMP014,2026-04-08,EMAIL,SR023,1971.95
T002280,C0096,CAMP011,2026-04-11,CONFERENCE,SR020,1198.43
T002281,C0096,CAMP005,2026-04-12,EMAIL,SR020,1242.97
T002282,C0119,CAMP007,2026-04-22,ONLINE,SR022,1371.23
T002283,C0119,CAMP007,2026-04-18,EMAIL,SR022,2328.53
T002284,C0099,CAMP013,2026-05-07,EMAIL,SR020,2683.47
T002285,C0099,CAMP010,2026-05-10,ONLINE,SR020,280.45
T002286,C0113,CAMP012,2026-04-06,HOSPITAL_VISIT,SR019,1216.25
T002287,C0113,CAMP004,2026-04-10,ONLINE,SR019,431.89
T002288,C0098,CAMP012,2026-04-22,EMAIL,SR019,373.1
T002289,C0095,CAMP010,2026-04-26,HOSPITAL_VISIT,SR021,1263.67
T002290,C0119,CAMP008,2026-04-09,HOSPITAL_VISIT,SR020,1391.35
T002291,C0023,CAMP005,2026-05-11,CONFERENCE,SR001,553.57
T002292,C0022,CAMP013,2026-06-03,EMAIL,SR005,1877.3
T002293,C0022,CAMP006,2026-06-01,ONLINE,SR005,1655.48
T002294,C0010,CAMP010,2026-05-01,CONFERENCE,SR004,561.6
T002295,C0023,CAMP010,2026-05-31,HOSPITAL_VISIT,SR003,779.86
T002296,C0023,CAMP009,2026-05-24,EMAIL,SR003,2798.56
T002297,C0018,CAMP003,2026-05-05,EMAIL,SR005,2980.3
T002298,C0018,CAMP007,2026-05-21,CONFERENCE,SR005,1348.95
T002299,C0014,CAMP006,2026-06-05,CONFERENCE,SR002,539.51
T002300,C0019,CAMP009,2026-05-22,CONFERENCE,SR005,1910.13
T002301,C0019,CAMP011,2026-05-23,EMAIL,SR005,2313.98
T002302,C0023,CAMP005,2026-05-28,CONFERENCE,SR006,2253.73
T002303,C0005,CAMP007,2026-05-21,ONLINE,SR005,2696.75
T002304,C0005,CAMP010,2026-05-11,CONFERENCE,SR005,1949.65
T002305,C0016,CAMP010,2026-05-19,ONLINE,SR005,2971.86
T002306,C0016,CAMP006,2026-06-10,EMAIL,SR005,1583.37
T002307,C0018,CAMP013,2026-05-16,HOSPITAL_VISIT,SR001,1212.6
T002308,C0030,CAMP001,2026-05-19,ONLINE,SR006,1381.01
T002309,C0013,CAMP005,2026-06-04,CONFERENCE,SR005,426.37
T002310,C0013,CAMP009,2026-06-16,HOSPITAL_VISIT,SR005,2118.84
T002311,C0016,CAMP009,2026-05-10,EMAIL,SR002,391.05
T002312,C0016,CAMP006,2026-05-30,CONFERENCE,SR002,1176.11
T002313,C0006,CAMP003,2026-05-09,HOSPITAL_VISIT,SR001,1885.95
T002314,C0006,CAMP001,2026-06-01,CONFERENCE,SR001,1560.29
T002315,C0001,CAMP006,2026-06-05,HOSPITAL_VISIT,SR001,528.47
T002316,C0022,CAMP011,2026-05-08,EMAIL,SR001,1103.64
T002317,C0022,CAMP015,2026-05-14,CONFERENCE,SR001,516.57
T002318,C0010,CAMP014,2026-05-25,CONFERENCE,SR005,497.75
T002319,C0010,CAMP004,2026-05-31,EMAIL,SR005,499.67
T002320,C0010,CAMP010,2026-05-29,HOSPITAL_VISIT,SR006,2278.26
T002321,C0010,CAMP013,2026-05-08,HOSPITAL_VISIT,SR006,776.82
T002322,C0005,CAMP008,2026-05-19,ONLINE,SR004,1531.45
T002323,C0021,CAMP011,2026-05-19,ONLINE,SR001,2180.62
T002324,C0021,CAMP002,2026-05-07,CONFERENCE,SR001,2119.05
T002325,C0007,CAMP001,2026-05-30,ONLINE,SR004,1781.66
T002326,C0022,CAMP002,2026-05-07,EMAIL,SR004,2880.98
T002327,C0022,CAMP013,2026-05-09,ONLINE,SR004,1360.64
T002328,C0018,CAMP006,2026-05-07,CONFERENCE,SR003,2934.41
T002329,C0018,CAMP008,2026-05-01,EMAIL,SR003,1709.19
T002330,C0008,CAMP013,2026-05-05,ONLINE,SR006,2679.87
T002331,C0018,CAMP009,2026-06-11,ONLINE,SR005,1812.97
T002332,C0018,CAMP012,2026-06-03,EMAIL,SR005,268.51
T002333,C0028,CAMP015,2026-06-10,HOSPITAL_VISIT,SR001,2062.91
T002334,C0028,CAMP015,2026-05-22,CONFERENCE,SR001,2204.52
T002335,C0005,CAMP008,2026-05-27,CONFERENCE,SR002,2857.11
T002336,C0025,CAMP011,2026-05-17,HOSPITAL_VISIT,SR005,1822.66
T002337,C0025,CAMP009,2026-06-08,CONFERENCE,SR005,2388.34
T002338,C0005,CAMP012,2026-06-03,ONLINE,SR002,629.19
T002339,C0005,CAMP002,2026-06-06,CONFERENCE,SR002,1867.09
T002340,C0006,CAMP007,2026-06-02,EMAIL,SR004,774.55
T002341,C0043,CAMP010,2026-05-25,ONLINE,SR007,1422.54
T002342,C0056,CAMP006,2026-05-12,HOSPITAL_VISIT,SR008,2573.25
T002343,C0057,CAMP009,2026-06-05,CONFERENCE,SR009,1346.85
T002344,C0055,CAMP010,2026-05-18,CONFERENCE,SR012,2869.84
T002345,C0040,CAMP006,2026-05-14,ONLINE,SR008,1509.63
T002346,C0038,CAMP009,2026-05-25,ONLINE,SR009,485.77
T002347,C0039,CAMP004,2026-05-20,CONFERENCE,SR009,802.16
T002348,C0039,CAMP014,2026-04-30,CONFERENCE,SR009,789.39
T002349,C0058,CAMP014,2026-05-05,HOSPITAL_VISIT,SR009,1067.01
T002350,C0036,CAMP003,2026-06-12,CONFERENCE,SR008,802.38
T002351,C0034,CAMP009,2026-06-12,HOSPITAL_VISIT,SR011,364.64
T002352,C0040,CAMP010,2026-05-15,HOSPITAL_VISIT,SR012,2752.18
T002353,C0040,CAMP014,2026-06-05,HOSPITAL_VISIT,SR012,2946.09
T002354,C0034,CAMP002,2026-05-20,CONFERENCE,SR010,2267.6
T002355,C0041,CAMP013,2026-06-01,ONLINE,SR012,1888.35
T002356,C0055,CAMP007,2026-05-19,ONLINE,SR009,1101.58
T002357,C0058,CAMP010,2026-05-20,CONFERENCE,SR008,2684.97
T002358,C0058,CAMP012,2026-05-11,ONLINE,SR008,2772.51
T002359,C0043,CAMP009,2026-06-01,HOSPITAL_VISIT,SR009,931.71
T002360,C0043,CAMP007,2026-05-23,HOSPITAL_VISIT,SR009,447.62
T002361,C0031,CAMP014,2026-06-06,CONFERENCE,SR012,1123.15
T002362,C0031,CAMP003,2026-05-08,HOSPITAL_VISIT,SR012,1257.67
T002363,C0046,CAMP005,2026-05-30,ONLINE,SR012,518.85
T002364,C0037,CAMP005,2026-06-11,HOSPITAL_VISIT,SR009,276.84
T002365,C0037,CAMP001,2026-05-18,CONFERENCE,SR009,1969.21
T002366,C0041,CAMP002,2026-04-29,HOSPITAL_VISIT,SR007,2997.82
T002367,C0041,CAMP003,2026-05-13,ONLINE,SR007,2213.37
T002368,C0053,CAMP010,2026-05-11,EMAIL,SR011,580.69
T002369,C0032,CAMP009,2026-05-20,CONFERENCE,SR009,1906.56
T002370,C0032,CAMP006,2026-06-03,CONFERENCE,SR009,799.33
T002371,C0053,CAMP010,2026-06-02,EMAIL,SR010,389.02
T002372,C0041,CAMP003,2026-06-14,EMAIL,SR008,1430.28
T002373,C0041,CAMP010,2026-06-04,EMAIL,SR008,1332.68
T002374,C0079,CAMP015,2026-05-25,CONFERENCE,SR018,2457.89
T002375,C0079,CAMP003,2026-06-01,EMAIL,SR018,1838.3
T002376,C0065,CAMP004,2026-05-16,ONLINE,SR018,890.75
T002377,C0081,CAMP012,2026-06-05,CONFERENCE,SR015,1815.65
T002378,C0075,CAMP005,2026-06-18,ONLINE,SR018,2263.93
T002379,C0075,CAMP009,2026-06-13,EMAIL,SR018,2748.69
T002380,C0078,CAMP014,2026-05-09,EMAIL,SR018,1801.78
T002381,C0069,CAMP011,2026-05-26,EMAIL,SR018,2329.63
T002382,C0069,CAMP002,2026-05-26,EMAIL,SR018,931.36
T002383,C0079,CAMP002,2026-06-06,ONLINE,SR013,1127.64
T002384,C0087,CAMP009,2026-05-26,EMAIL,SR016,2030.78
T002385,C0063,CAMP004,2026-05-20,EMAIL,SR013,1602.65
T002386,C0063,CAMP005,2026-05-30,ONLINE,SR013,737.02
T002387,C0065,CAMP012,2026-06-04,EMAIL,SR015,2581.55
T002388,C0065,CAMP003,2026-05-27,CONFERENCE,SR015,1023.49
T002389,C0061,CAMP008,2026-04-29,CONFERENCE,SR015,1435.07
T002390,C0061,CAMP002,2026-05-19,ONLINE,SR015,1284.09
T002391,C0071,CAMP005,2026-06-24,HOSPITAL_VISIT,SR013,1214.43
T002392,C0110,CAMP015,2026-05-17,CONFERENCE,SR024,2316.67
T002393,C0110,CAMP013,2026-05-22,CONFERENCE,SR024,2742.91
T002394,C0096,CAMP015,2026-06-01,EMAIL,SR020,757.71
T002395,C0096,CAMP001,2026-05-13,CONFERENCE,SR020,2959.27
T002396,C0104,CAMP015,2026-06-09,CONFERENCE,SR020,514.98
T002397,C0119,CAMP004,2026-06-13,CONFERENCE,SR021,1023.34
T002398,C0095,CAMP015,2026-05-22,HOSPITAL_VISIT,SR020,210.49
T002399,C0095,CAMP003,2026-05-13,HOSPITAL_VISIT,SR020,1707.09
T002400,C0095,CAMP010,2026-05-12,HOSPITAL_VISIT,SR023,2841.8
T002401,C0114,CAMP013,2026-05-14,CONFERENCE,SR020,749.22
T002402,C0114,CAMP015,2026-04-25,EMAIL,SR020,1583.61
T002403,C0093,CAMP008,2026-05-20,EMAIL,SR023,1592.18
T002404,C0119,CAMP013,2026-05-22,CONFERENCE,SR021,631.56
T002405,C0119,CAMP015,2026-06-05,CONFERENCE,SR021,2074.02
T002406,C0102,CAMP004,2026-04-24,ONLINE,SR019,1486.74
T002407,C0107,CAMP013,2026-05-13,CONFERENCE,SR024,1385.41
T002408,C0107,CAMP012,2026-05-12,CONFERENCE,SR024,2927.18
T002409,C0103,CAMP002,2026-05-28,EMAIL,SR023,2069.54
T002410,C0103,CAMP014,2026-05-03,HOSPITAL_VISIT,SR023,340.71
T002411,C0118,CAMP015,2026-05-22,HOSPITAL_VISIT,SR019,1512.48
T002412,C0118,CAMP012,2026-05-15,ONLINE,SR019,677.87
T002413,C0098,CAMP014,2026-06-08,CONFERENCE,SR021,1914.24
T002414,C0107,CAMP004,2026-05-28,HOSPITAL_VISIT,SR024,852.57
T002415,C0019,CAMP003,2026-07-06,ONLINE,SR006,358.77
T002416,C0030,CAMP001,2026-06-25,CONFERENCE,SR005,2997.55
T002417,C0030,CAMP004,2026-07-23,CONFERENCE,SR005,1906.36
T002418,C0010,CAMP011,2026-06-15,EMAIL,SR001,939.08
T002419,C0006,CAMP011,2026-07-03,ONLINE,SR003,2432.85
T002420,C0025,CAMP015,2026-07-01,ONLINE,SR003,504.75
T002421,C0025,CAMP004,2026-06-20,HOSPITAL_VISIT,SR003,1259.28
T002422,C0005,CAMP003,2026-07-18,EMAIL,SR001,237.46
T002423,C0010,CAMP007,2026-06-18,CONFERENCE,SR002,1179.79
T002424,C0022,CAMP010,2026-06-08,HOSPITAL_VISIT,SR004,1420.58
T002425,C0019,CAMP001,2026-06-06,ONLINE,SR004,915.55
T002426,C0005,CAMP003,2026-07-23,HOSPITAL_VISIT,SR004,265.77
T002427,C0008,CAMP009,2026-06-18,ONLINE,SR006,981.44
T002428,C0011,CAMP003,2026-06-23,HOSPITAL_VISIT,SR005,1361.48
T002429,C0011,CAMP001,2026-07-06,HOSPITAL_VISIT,SR003,848.97
T002430,C0011,CAMP004,2026-06-23,CONFERENCE,SR003,923.93
T002431,C0008,CAMP012,2026-06-18,CONFERENCE,SR002,1023.67
T002432,C0016,CAMP015,2026-07-05,ONLINE,SR005,518.76
T002433,C0016,CAMP002,2026-06-30,ONLINE,SR005,1578.14
T002434,C0006,CAMP002,2026-05-25,ONLINE,SR006,596.59
T002435,C0021,CAMP004,2026-07-20,HOSPITAL_VISIT,SR005,814.65
T002436,C0005,CAMP003,2026-06-17,CONFERENCE,SR005,1391.17
T002437,C0025,CAMP002,2026-06-29,ONLINE,SR006,799.87
T002438,C0020,CAMP006,2026-06-15,EMAIL,SR003,2820.85
T002439,C0020,CAMP005,2026-07-12,CONFERENCE,SR003,769.02
T002440,C0022,CAMP010,2026-06-19,ONLINE,SR005,2765.57
T002441,C0021,CAMP005,2026-06-13,EMAIL,SR001,2312.38
T002442,C0028,CAMP008,2026-06-25,ONLINE,SR006,2927.97
T002443,C0028,CAMP007,2026-06-28,EMAIL,SR006,2477.84
T002444,C0007,CAMP001,2026-07-01,EMAIL,SR005,2298.04
T002445,C0002,CAMP014,2026-07-05,EMAIL,SR006,1031.45
T002446,C0022,CAMP014,2026-06-14,CONFERENCE,SR004,2158.39
T002447,C0009,CAMP006,2026-07-09,HOSPITAL_VISIT,SR002,1264.92
T002448,C0011,CAMP007,2026-06-23,EMAIL,SR003,2276.09
T002449,C0043,CAMP008,2026-07-02,CONFERENCE,SR012,1013.35
T002450,C0043,CAMP014,2026-06-14,HOSPITAL_VISIT,SR012,2398.57
T002451,C0039,CAMP015,2026-07-02,HOSPITAL_VISIT,SR008,2780.85
T002452,C0039,CAMP001,2026-07-02,CONFERENCE,SR008,2091.63
T002453,C0055,CAMP014,2026-06-11,ONLINE,SR012,698.84
T002454,C0046,CAMP011,2026-06-21,HOSPITAL_VISIT,SR012,1277.85
T002455,C0046,CAMP002,2026-06-25,CONFERENCE,SR012,1221.09
T002456,C0059,CAMP010,2026-06-06,CONFERENCE,SR012,2286.04
T002457,C0040,CAMP010,2026-06-13,EMAIL,SR008,2514.16
T002458,C0040,CAMP002,2026-07-01,CONFERENCE,SR008,1688.03
T002459,C0058,CAMP013,2026-06-07,EMAIL,SR007,861.84
T002460,C0043,CAMP001,2026-06-16,ONLINE,SR009,2595.79
T002461,C0033,CAMP011,2026-06-08,HOSPITAL_VISIT,SR008,2570.27
T002462,C0033,CAMP015,2026-06-11,EMAIL,SR008,2249.41
T002463,C0057,CAMP013,2026-07-05,ONLINE,SR007,2391.39
T002464,C0057,CAMP002,2026-06-13,EMAIL,SR007,2018.78
T002465,C0040,CAMP013,2026-06-29,CONFERENCE,SR010,2194.39
T002466,C0040,CAMP011,2026-06-07,HOSPITAL_VISIT,SR010,2932.39
T002467,C0041,CAMP010,2026-06-08,EMAIL,SR008,2198.62
T002468,C0041,CAMP010,2026-07-08,EMAIL,SR008,870.14
T002469,C0051,CAMP005,2026-06-13,CONFERENCE,SR010,1812.44
T002470,C0041,CAMP006,2026-07-19,EMAIL,SR008,2452.44
T002471,C0035,CAMP001,2026-06-07,HOSPITAL_VISIT,SR011,2490.36
T002472,C0055,CAMP009,2026-06-26,CONFERENCE,SR007,1486.06
T002473,C0041,CAMP004,2026-06-27,CONFERENCE,SR007,775.73
T002474,C0041,CAMP004,2026-07-02,ONLINE,SR007,910.56
T002475,C0060,CAMP012,2026-06-29,EMAIL,SR009,2811.86
T002476,C0060,CAMP011,2026-06-18,HOSPITAL_VISIT,SR009,336.12
T002477,C0053,CAMP007,2026-07-13,ONLINE,SR007,1142.77
T002478,C0053,CAMP005,2026-07-07,EMAIL,SR007,757.13
T002479,C0042,CAMP007,2026-06-24,ONLINE,SR008,1190.77
T002480,C0042,CAMP010,2026-06-30,HOSPITAL_VISIT,SR008,2880.95
T002481,C0041,CAMP009,2026-06-02,EMAIL,SR012,1653.22
T002482,C0033,CAMP009,2026-05-30,HOSPITAL_VISIT,SR007,2744.48
T002483,C0041,CAMP009,2026-06-15,ONLINE,SR007,1182.81
T002484,C0041,CAMP010,2026-06-29,HOSPITAL_VISIT,SR007,2160.49
T002485,C0055,CAMP004,2026-06-22,EMAIL,SR012,2855.76
T002486,C0055,CAMP006,2026-06-23,HOSPITAL_VISIT,SR012,1642.93
T002487,C0089,CAMP014,2026-06-14,HOSPITAL_VISIT,SR016,900.13
T002488,C0078,CAMP003,2026-06-28,HOSPITAL_VISIT,SR016,1807.85
T002489,C0077,CAMP015,2026-06-05,EMAIL,SR015,730.42
T002490,C0070,CAMP003,2026-06-18,CONFERENCE,SR018,2376.52
T002491,C0070,CAMP014,2026-06-27,EMAIL,SR018,1606.05
T002492,C0069,CAMP015,2026-06-16,CONFERENCE,SR013,2002.79
T002493,C0069,CAMP010,2026-07-15,ONLINE,SR013,464.56
T002494,C0066,CAMP013,2026-06-06,HOSPITAL_VISIT,SR017,688.33
T002495,C0074,CAMP008,2026-06-22,EMAIL,SR014,1322.92
T002496,C0081,CAMP001,2026-06-09,HOSPITAL_VISIT,SR017,394.78
T002497,C0085,CAMP011,2026-06-04,ONLINE,SR013,1022.03
T002498,C0085,CAMP012,2026-06-23,CONFERENCE,SR013,2311.09
T002499,C0104,CAMP015,2026-06-23,CONFERENCE,SR024,2119.75
T002500,C0104,CAMP013,2026-07-04,EMAIL,SR024,1024.9
T002501,C0119,CAMP009,2026-07-05,CONFERENCE,SR023,1906.17
T002502,C0119,CAMP010,2026-07-20,HOSPITAL_VISIT,SR023,641.86
T002503,C0118,CAMP001,2026-06-07,EMAIL,SR023,2696.72
T002504,C0116,CAMP005,2026-06-25,ONLINE,SR023,1185.81
T002505,C0116,CAMP014,2026-06-09,HOSPITAL_VISIT,SR023,2064.77
T002506,C0092,CAMP003,2026-06-26,HOSPITAL_VISIT,SR020,1042.98
T002507,C0092,CAMP010,2026-06-25,CONFERENCE,SR020,2924.01
T002508,C0092,CAMP004,2026-07-14,ONLINE,SR020,2074.48
T002509,C0092,CAMP010,2026-06-13,ONLINE,SR020,2898.06
T002510,C0109,CAMP015,2026-07-15,EMAIL,SR021,905.29
T002511,C0109,CAMP001,2026-06-29,EMAIL,SR021,708.35
T002512,C0115,CAMP014,2026-06-19,ONLINE,SR024,1095.24
T002513,C0094,CAMP015,2026-06-13,ONLINE,SR022,2758.26
T002514,C0103,CAMP013,2026-06-13,CONFERENCE,SR019,2556.35
T002515,C0097,CAMP009,2026-06-26,ONLINE,SR021,1157.45
T002516,C0097,CAMP011,2026-07-10,CONFERENCE,SR021,1690.89
T002517,C0108,CAMP004,2026-06-16,EMAIL,SR022,1511.03
T002518,C0108,CAMP010,2026-07-13,EMAIL,SR022,577.51
T002519,C0119,CAMP003,2026-07-17,HOSPITAL_VISIT,SR024,1871.63
T002520,C0119,CAMP005,2026-07-15,CONFERENCE,SR024,2922.7
T002521,C0105,CAMP011,2026-06-28,HOSPITAL_VISIT,SR021,2507.64
T002522,C0105,CAMP004,2026-06-01,ONLINE,SR021,906.35
T002523,C0018,CAMP007,2026-07-13,EMAIL,SR005,1246.48
T002524,C0013,CAMP008,2026-07-28,CONFERENCE,SR005,1603.62
T002525,C0013,CAMP009,2026-07-29,ONLINE,SR005,1186.16
T002526,C0010,CAMP004,2026-07-14,HOSPITAL_VISIT,SR002,1583.94
T002527,C0010,CAMP012,2026-07-25,CONFERENCE,SR002,2808.42
T002528,C0018,CAMP003,2026-08-01,ONLINE,SR006,2298.53
T002529,C0027,CAMP009,2026-07-25,HOSPITAL_VISIT,SR004,2696.37
T002530,C0027,CAMP004,2026-07-23,HOSPITAL_VISIT,SR004,1125.23
T002531,C0020,CAMP014,2026-08-09,CONFERENCE,SR004,2746.29
T002532,C0018,CAMP003,2026-08-06,ONLINE,SR006,1893.27
T002533,C0025,CAMP010,2026-07-16,HOSPITAL_VISIT,SR005,2317.57
T002534,C0003,CAMP012,2026-07-17,ONLINE,SR004,2001.59
T002535,C0003,CAMP009,2026-08-10,ONLINE,SR004,777.82
T002536,C0013,CAMP008,2026-07-20,HOSPITAL_VISIT,SR001,2411.23
T002537,C0029,CAMP002,2026-07-13,HOSPITAL_VISIT,SR006,2162.22
T002538,C0016,CAMP013,2026-07-20,HOSPITAL_VISIT,SR005,533.56
T002539,C0016,CAMP011,2026-07-14,CONFERENCE,SR005,2674.31
T002540,C0018,CAMP008,2026-07-04,EMAIL,SR004,436.04
T002541,C0018,CAMP013,2026-08-09,HOSPITAL_VISIT,SR004,1100.68
T002542,C0015,CAMP003,2026-07-12,EMAIL,SR002,1103.03
T002543,C0015,CAMP012,2026-07-14,EMAIL,SR002,1753.24
T002544,C0007,CAMP013,2026-07-18,ONLINE,SR002,1222.44
T002545,C0007,CAMP012,2026-08-04,EMAIL,SR002,2261.03
T002546,C0008,CAMP007,2026-07-19,EMAIL,SR001,1771.33
T002547,C0018,CAMP012,2026-07-19,HOSPITAL_VISIT,SR006,1072.16
T002548,C0012,CAMP005,2026-08-12,CONFERENCE,SR001,338.49
T002549,C0012,CAMP009,2026-07-29,EMAIL,SR001,1428.52
T002550,C0025,CAMP009,2026-07-19,HOSPITAL_VISIT,SR001,1492.13
T002551,C0005,CAMP013,2026-08-17,ONLINE,SR006,2019.91
T002552,C0005,CAMP002,2026-08-10,EMAIL,SR006,2415.41
T002553,C0008,CAMP013,2026-07-20,HOSPITAL_VISIT,SR003,590.3
T002554,C0008,CAMP011,2026-07-12,HOSPITAL_VISIT,SR003,2920.11
T002555,C0013,CAMP012,2026-08-09,EMAIL,SR003,1040.63
T002556,C0013,CAMP015,2026-08-08,ONLINE,SR003,2074.44
T002557,C0005,CAMP007,2026-07-20,HOSPITAL_VISIT,SR003,988.28
T002558,C0005,CAMP015,2026-08-06,CONFERENCE,SR003,2816.8
T002559,C0019,CAMP012,2026-07-27,ONLINE,SR004,2247.83
T002560,C0019,CAMP011,2026-08-18,ONLINE,SR004,2868.82
T002561,C0006,CAMP008,2026-07-15,EMAIL,SR006,2146.97
T002562,C0054,CAMP015,2026-07-26,CONFERENCE,SR012,2664.14
T002563,C0054,CAMP011,2026-08-02,CONFERENCE,SR012,2172.75
T002564,C0055,CAMP012,2026-07-29,HOSPITAL_VISIT,SR007,2069.91
T002565,C0055,CAMP007,2026-07-30,ONLINE,SR007,2976.5
T002566,C0032,CAMP010,2026-07-26,CONFERENCE,SR011,1142.72
T002567,C0032,CAMP002,2026-07-23,HOSPITAL_VISIT,SR011,2556.47
T002568,C0048,CAMP009,2026-08-04,CONFERENCE,SR009,360.52
T002569,C0042,CAMP015,2026-08-10,CONFERENCE,SR009,2135.25
T002570,C0042,CAMP012,2026-07-15,EMAIL,SR009,427.01
T002571,C0044,CAMP002,2026-07-02,ONLINE,SR011,426.22
T002572,C0038,CAMP015,2026-08-20,HOSPITAL_VISIT,SR010,554.14
T002573,C0038,CAMP012,2026-07-22,CONFERENCE,SR010,1882.69
T002574,C0057,CAMP003,2026-07-22,HOSPITAL_VISIT,SR010,2597.09
T002575,C0057,CAMP007,2026-08-02,ONLINE,SR010,2570.88
T002576,C0059,CAMP013,2026-07-25,EMAIL,SR011,1000.83
T002577,C0059,CAMP013,2026-07-20,EMAIL,SR011,1062.55
T002578,C0058,CAMP004,2026-08-01,CONFERENCE,SR009,2509.01
T002579,C0058,CAMP011,2026-08-17,ONLINE,SR009,1071.21
T002580,C0057,CAMP002,2026-07-04,HOSPITAL_VISIT,SR010,2430.49
T002581,C0057,CAMP009,2026-07-22,HOSPITAL_VISIT,SR010,338.22
T002582,C0041,CAMP007,2026-07-07,CONFERENCE,SR011,2530.16
T002583,C0041,CAMP008,2026-07-11,CONFERENCE,SR011,857.9
T002584,C0055,CAMP006,2026-07-02,EMAIL,SR009,595.69
T002585,C0055,CAMP011,2026-08-09,ONLINE,SR009,2057.29
T002586,C0055,CAMP002,2026-08-16,ONLINE,SR009,2628.07
T002587,C0033,CAMP003,2026-08-02,CONFERENCE,SR007,472.23
T002588,C0057,CAMP011,2026-08-03,CONFERENCE,SR011,457.1
T002589,C0057,CAMP010,2026-07-27,ONLINE,SR011,635.56
T002590,C0050,CAMP014,2026-07-23,CONFERENCE,SR010,1635.62
T002591,C0050,CAMP005,2026-08-14,EMAIL,SR010,2027.37
T002592,C0050,CAMP008,2026-06-30,CONFERENCE,SR007,2849.15
T002593,C0040,CAMP011,2026-07-20,HOSPITAL_VISIT,SR007,463.52
T002594,C0040,CAMP014,2026-08-16,ONLINE,SR007,1231.84
T002595,C0042,CAMP009,2026-08-10,EMAIL,SR007,1943.84
T002596,C0042,CAMP009,2026-07-31,ONLINE,SR007,1756.5
T002597,C0042,CAMP013,2026-07-15,HOSPITAL_VISIT,SR009,905.89
T002598,C0042,CAMP002,2026-07-31,HOSPITAL_VISIT,SR009,239.79
T002599,C0045,CAMP006,2026-07-15,HOSPITAL_VISIT,SR009,1582.99
T002600,C0045,CAMP008,2026-07-28,ONLINE,SR009,493.16
T002601,C0043,CAMP008,2026-07-26,CONFERENCE,SR011,1892.19
T002602,C0043,CAMP005,2026-08-05,CONFERENCE,SR011,1157.35
T002603,C0040,CAMP014,2026-07-04,ONLINE,SR008,1310.24
T002604,C0038,CAMP011,2026-07-12,ONLINE,SR011,2152.39
T002605,C0038,CAMP009,2026-06-24,CONFERENCE,SR011,2440.45
T002606,C0041,CAMP003,2026-07-10,ONLINE,SR012,2093.46
T002607,C0071,CAMP014,2026-07-22,EMAIL,SR014,2515.39
T002608,C0071,CAMP007,2026-07-30,CONFERENCE,SR014,1617.5
T002609,C0070,CAMP002,2026-07-04,EMAIL,SR017,1378.62
T002610,C0061,CAMP010,2026-07-13,HOSPITAL_VISIT,SR015,2938.51
T002611,C0077,CAMP012,2026-07-05,ONLINE,SR017,2766.82
T002612,C0077,CAMP006,2026-07-08,CONFERENCE,SR017,351.78
T002613,C0071,CAMP015,2026-07-20,CONFERENCE,SR014,1685.94
T002614,C0071,CAMP001,2026-07-29,HOSPITAL_VISIT,SR014,2144.71
T002615,C0061,CAMP014,2026-08-02,CONFERENCE,SR013,1882.27
T002616,C0061,CAMP005,2026-07-13,EMAIL,SR013,274.52
T002617,C0074,CAMP013,2026-07-07,CONFERENCE,SR016,2198.23
T002618,C0074,CAMP015,2026-07-18,CONFERENCE,SR016,2266.37
T002619,C0070,CAMP008,2026-07-27,CONFERENCE,SR018,1608.64
T002620,C0074,CAMP001,2026-07-22,HOSPITAL_VISIT,SR014,1664.76
T002621,C0069,CAMP002,2026-07-31,HOSPITAL_VISIT,SR018,1531.99
T002622,C0064,CAMP001,2026-07-23,CONFERENCE,SR016,906.97
T002623,C0064,CAMP005,2026-08-12,EMAIL,SR016,2661.56
T002624,C0063,CAMP001,2026-07-30,HOSPITAL_VISIT,SR016,2505.46
T002625,C0063,CAMP004,2026-06-23,EMAIL,SR016,2369.84
T002626,C0064,CAMP009,2026-08-08,EMAIL,SR015,455.96
T002627,C0064,CAMP012,2026-08-14,CONFERENCE,SR015,2935.59
T002628,C0086,CAMP003,2026-07-09,ONLINE,SR015,2789.07
T002629,C0100,CAMP010,2026-08-01,ONLINE,SR023,1510.76
T002630,C0100,CAMP004,2026-07-10,HOSPITAL_VISIT,SR023,2760.62
T002631,C0116,CAMP015,2026-08-01,ONLINE,SR023,2312.65
T002632,C0102,CAMP003,2026-08-03,ONLINE,SR019,271.33
T002633,C0114,CAMP011,2026-08-10,HOSPITAL_VISIT,SR023,224.49
T002634,C0110,CAMP009,2026-08-10,CONFERENCE,SR022,2912.07
T002635,C0110,CAMP001,2026-07-30,CONFERENCE,SR022,645.45
T002636,C0111,CAMP008,2026-07-28,HOSPITAL_VISIT,SR022,963.78
T002637,C0111,CAMP004,2026-08-20,EMAIL,SR022,2610.89
T002638,C0110,CAMP005,2026-06-29,EMAIL,SR020,1162.12
T002639,C0113,CAMP003,2026-08-06,CONFERENCE,SR024,234.93
T002640,C0097,CAMP003,2026-07-19,EMAIL,SR022,2558.67
T002641,C0119,CAMP006,2026-07-19,HOSPITAL_VISIT,SR019,2696.73
T002642,C0006,CAMP001,2026-08-14,HOSPITAL_VISIT,SR002,786.53
T002643,C0006,CAMP009,2026-08-17,CONFERENCE,SR002,2937.69
T002644,C0017,CAMP014,2026-08-28,ONLINE,SR001,2045.1
T002645,C0010,CAMP006,2026-09-03,HOSPITAL_VISIT,SR004,1085.24
T002646,C0003,CAMP010,2026-08-15,CONFERENCE,SR003,2307.14
T002647,C0014,CAMP002,2026-08-04,HOSPITAL_VISIT,SR003,812.36
T002648,C0006,CAMP002,2026-08-26,CONFERENCE,SR004,1437.79
T002649,C0006,CAMP003,2026-08-25,HOSPITAL_VISIT,SR004,376.1
T002650,C0003,CAMP011,2026-08-26,HOSPITAL_VISIT,SR005,2937.46
T002651,C0003,CAMP013,2026-08-22,HOSPITAL_VISIT,SR005,964.56
T002652,C0011,CAMP009,2026-08-28,EMAIL,SR001,1982.03
T002653,C0011,CAMP007,2026-08-30,CONFERENCE,SR001,1944.07
T002654,C0007,CAMP010,2026-07-28,ONLINE,SR006,2938.35
T002655,C0001,CAMP014,2026-09-11,ONLINE,SR002,1073.28
T002656,C0001,CAMP010,2026-09-05,CONFERENCE,SR002,2941.78
T002657,C0003,CAMP009,2026-08-24,EMAIL,SR005,2865.92
T002658,C0028,CAMP003,2026-08-21,ONLINE,SR005,2066.69
T002659,C0002,CAMP015,2026-08-02,ONLINE,SR005,2061.01
T002660,C0002,CAMP001,2026-09-06,CONFERENCE,SR005,2925.99
T002661,C0018,CAMP002,2026-08-19,HOSPITAL_VISIT,SR004,2271.36
T002662,C0018,CAMP009,2026-08-24,EMAIL,SR004,1123.91
T002663,C0002,CAMP010,2026-08-27,ONLINE,SR006,2223.61
T002664,C0018,CAMP014,2026-08-07,CONFERENCE,SR004,2256.82
T002665,C0018,CAMP007,2026-08-13,ONLINE,SR004,1046.77
T002666,C0022,CAMP012,2026-08-05,HOSPITAL_VISIT,SR002,2400.19
T002667,C0022,CAMP007,2026-08-21,CONFERENCE,SR002,1365.2
T002668,C0022,CAMP003,2026-09-22,EMAIL,SR003,2070.26
T002669,C0022,CAMP001,2026-08-25,CONFERENCE,SR003,2711.64
T002670,C0006,CAMP004,2026-08-24,ONLINE,SR005,2891.16
T002671,C0006,CAMP001,2026-08-16,EMAIL,SR005,1927.44
T002672,C0019,CAMP007,2026-08-31,ONLINE,SR005,2453.17
T002673,C0026,CAMP009,2026-08-28,EMAIL,SR006,1822.77
T002674,C0026,CAMP014,2026-08-13,HOSPITAL_VISIT,SR006,2266.29
T002675,C0035,CAMP002,2026-08-08,HOSPITAL_VISIT,SR007,2004.9
T002676,C0032,CAMP004,2026-08-18,CONFERENCE,SR009,2341.22
T002677,C0039,CAMP002,2026-08-22,ONLINE,SR008,810.34
T002678,C0044,CAMP010,2026-08-19,HOSPITAL_VISIT,SR007,2314.93
T002679,C0046,CAMP009,2026-08-07,CONFERENCE,SR010,1002.39
T002680,C0057,CAMP001,2026-08-20,ONLINE,SR009,2292.5
T002681,C0057,CAMP007,2026-08-19,EMAIL,SR009,2289.34
T002682,C0056,CAMP005,2026-09-03,CONFERENCE,SR010,901.85
T002683,C0043,CAMP010,2026-08-10,EMAIL,SR011,2461.41
T002684,C0048,CAMP013,2026-08-04,CONFERENCE,SR009,1279.41
T002685,C0039,CAMP005,2026-09-19,HOSPITAL_VISIT,SR008,1268.03
T002686,C0032,CAMP006,2026-09-17,EMAIL,SR008,2167.99
T002687,C0032,CAMP002,2026-08-16,CONFERENCE,SR008,853.91
T002688,C0054,CAMP009,2026-08-30,HOSPITAL_VISIT,SR007,1483.91
T002689,C0054,CAMP015,2026-08-10,CONFERENCE,SR007,1732.85
T002690,C0040,CAMP013,2026-08-31,HOSPITAL_VISIT,SR008,1796.17
T002691,C0040,CAMP006,2026-09-07,CONFERENCE,SR008,620.64
T002692,C0060,CAMP007,2026-08-21,CONFERENCE,SR009,868.43
T002693,C0060,CAMP013,2026-08-09,ONLINE,SR009,541.21
T002694,C0050,CAMP001,2026-08-10,HOSPITAL_VISIT,SR009,1448.92
T002695,C0050,CAMP015,2026-08-25,CONFERENCE,SR009,2758.34
T002696,C0058,CAMP005,2026-08-09,CONFERENCE,SR008,2685.2
T002697,C0036,CAMP010,2026-08-26,EMAIL,SR010,1696.37
T002698,C0058,CAMP012,2026-09-07,EMAIL,SR010,2084.51
T002699,C0058,CAMP006,2026-09-22,EMAIL,SR010,2112.3
T002700,C0035,CAMP001,2026-08-29,ONLINE,SR009,2802.58
T002701,C0035,CAMP015,2026-09-01,CONFERENCE,SR009,1481.02
T002702,C0047,CAMP012,2026-09-13,HOSPITAL_VISIT,SR008,2060.24
T002703,C0047,CAMP014,2026-09-17,EMAIL,SR008,1574.39
T002704,C0046,CAMP002,2026-08-22,CONFERENCE,SR011,654.37
T002705,C0041,CAMP005,2026-08-29,CONFERENCE,SR009,2240.58
T002706,C0033,CAMP007,2026-08-31,CONFERENCE,SR007,2545.04
T002707,C0051,CAMP002,2026-07-30,CONFERENCE,SR008,2410.57
T002708,C0038,CAMP011,2026-08-18,ONLINE,SR009,327.17
T002709,C0052,CAMP009,2026-09-24,HOSPITAL_VISIT,SR008,2825.88
T002710,C0053,CAMP012,2026-08-16,CONFERENCE,SR008,694.08
T002711,C0051,CAMP012,2026-09-06,EMAIL,SR008,2603.97
T002712,C0051,CAMP011,2026-09-19,EMAIL,SR008,370.46
T002713,C0053,CAMP015,2026-08-04,HOSPITAL_VISIT,SR009,2234.66
T002714,C0033,CAMP011,2026-08-28,ONLINE,SR012,1203.92
T002715,C0044,CAMP005,2026-08-11,ONLINE,SR009,990.68
T002716,C0044,CAMP012,2026-08-09,EMAIL,SR009,2704.4
T002717,C0044,CAMP005,2026-09-07,ONLINE,SR007,2186.98
T002718,C0059,CAMP001,2026-08-24,EMAIL,SR008,1239.43
T002719,C0059,CAMP001,2026-09-05,EMAIL,SR008,1554.79
T002720,C0040,CAMP013,2026-08-20,HOSPITAL_VISIT,SR012,1427.0
T002721,C0040,CAMP006,2026-08-21,HOSPITAL_VISIT,SR012,228.29
T002722,C0047,CAMP010,2026-09-03,EMAIL,SR008,1341.54
T002723,C0047,CAMP001,2026-07-29,ONLINE,SR008,2295.77
T002724,C0047,CAMP009,2026-08-21,ONLINE,SR012,230.6
T002725,C0047,CAMP007,2026-09-03,EMAIL,SR012,2054.73
T002726,C0077,CAMP001,2026-08-23,CONFERENCE,SR014,1495.12
T002727,C0089,CAMP014,2026-09-06,CONFERENCE,SR018,2491.06
T002728,C0089,CAMP004,2026-08-18,CONFERENCE,SR018,1459.34
T002729,C0061,CAMP001,2026-07-31,CONFERENCE,SR018,537.6
T002730,C0064,CAMP006,2026-09-07,EMAIL,SR014,951.33
T002731,C0064,CAMP003,2026-09-12,ONLINE,SR014,2789.44
T002732,C0074,CAMP008,2026-09-01,CONFERENCE,SR014,2201.67
T002733,C0074,CAMP005,2026-08-20,CONFERENCE,SR014,2331.97
T002734,C0079,CAMP007,2026-08-20,HOSPITAL_VISIT,SR015,2215.11
T002735,C0079,CAMP010,2026-09-14,ONLINE,SR015,409.05
T002736,C0071,CAMP015,2026-08-25,ONLINE,SR013,377.7
T002737,C0078,CAMP002,2026-08-04,EMAIL,SR013,222.83
T002738,C0078,CAMP010,2026-08-12,EMAIL,SR013,346.55
T002739,C0078,CAMP015,2026-08-24,EMAIL,SR013,2529.83
T002740,C0084,CAMP001,2026-09-10,HOSPITAL_VISIT,SR013,2047.88
T002741,C0089,CAMP013,2026-09-03,HOSPITAL_VISIT,SR016,972.06
T002742,C0062,CAMP011,2026-09-10,ONLINE,SR015,2013.98
T002743,C0062,CAMP006,2026-08-24,HOSPITAL_VISIT,SR015,2828.75
T002744,C0100,CAMP011,2026-08-09,EMAIL,SR023,446.74
T002745,C0100,CAMP010,2026-09-03,HOSPITAL_VISIT,SR023,2697.18
T002746,C0119,CAMP008,2026-08-17,EMAIL,SR021,1376.04
T002747,C0119,CAMP010,2026-08-27,EMAIL,SR021,669.22
T002748,C0110,CAMP002,2026-08-24,EMAIL,SR023,2867.46
T002749,C0098,CAMP002,2026-08-17,HOSPITAL_VISIT,SR022,1000.19
T002750,C0098,CAMP015,2026-08-01,EMAIL,SR022,2124.71
T002751,C0116,CAMP013,2026-09-04,ONLINE,SR024,1541.03
T002752,C0100,CAMP007,2026-08-29,EMAIL,SR020,984.37
T002753,C0100,CAMP007,2026-08-16,HOSPITAL_VISIT,SR020,743.25
T002754,C0107,CAMP008,2026-09-07,EMAIL,SR021,1507.39
T002755,C0107,CAMP003,2026-08-04,EMAIL,SR021,2405.47
T002756,C0107,CAMP001,2026-08-15,HOSPITAL_VISIT,SR024,444.45
T002757,C0095,CAMP011,2026-09-13,HOSPITAL_VISIT,SR023,956.74
T002758,C0095,CAMP014,2026-08-29,EMAIL,SR023,2380.07
T002759,C0114,CAMP013,2026-08-12,CONFERENCE,SR023,1988.06
T002760,C0096,CAMP006,2026-09-03,ONLINE,SR024,2011.13
T002761,C0119,CAMP014,2026-08-04,HOSPITAL_VISIT,SR024,1694.82
T002762,C0119,CAMP009,2026-08-28,HOSPITAL_VISIT,SR024,514.7
T002763,C0118,CAMP014,2026-08-09,EMAIL,SR022,535.77
T002764,C0093,CAMP003,2026-08-17,EMAIL,SR022,2980.46
T002765,C0103,CAMP012,2026-08-18,ONLINE,SR024,638.51
T002766,C0103,CAMP002,2026-08-17,HOSPITAL_VISIT,SR024,2147.01
T002767,C0091,CAMP003,2026-08-05,EMAIL,SR022,1577.48
T002768,C0112,CAMP003,2026-09-07,ONLINE,SR020,2306.39
T002769,C0115,CAMP007,2026-08-18,HOSPITAL_VISIT,SR020,1614.95
T002770,C0115,CAMP003,2026-08-06,ONLINE,SR020,1077.01
T002771,C0117,CAMP002,2026-08-27,EMAIL,SR023,1743.66
T002772,C0117,CAMP001,2026-08-17,HOSPITAL_VISIT,SR023,1649.42
T002773,C0020,CAMP002,2026-09-27,HOSPITAL_VISIT,SR003,722.61
T002774,C0020,CAMP013,2026-10-09,CONFERENCE,SR003,1653.42
T002775,C0005,CAMP010,2026-10-09,HOSPITAL_VISIT,SR004,1265.33
T002776,C0017,CAMP008,2026-09-20,EMAIL,SR005,2072.24
T002777,C0022,CAMP015,2026-09-13,HOSPITAL_VISIT,SR005,875.34
T002778,C0022,CAMP011,2026-10-05,HOSPITAL_VISIT,SR005,2484.05
T002779,C0003,CAMP001,2026-09-26,CONFERENCE,SR006,1174.68
T002780,C0030,CAMP005,2026-10-05,CONFERENCE,SR001,2191.23
T002781,C0030,CAMP002,2026-09-15,HOSPITAL_VISIT,SR001,1450.29
T002782,C0017,CAMP013,2026-09-03,ONLINE,SR004,2507.97
T002783,C0010,CAMP007,2026-09-25,ONLINE,SR006,2549.39
T002784,C0010,CAMP004,2026-09-03,CONFERENCE,SR006,2667.52
T002785,C0023,CAMP007,2026-09-23,EMAIL,SR002,298.02
T002786,C0023,CAMP004,2026-09-26,EMAIL,SR002,552.17
T002787,C0024,CAMP008,2026-09-02,ONLINE,SR003,1754.13
T002788,C0005,CAMP001,2026-09-24,EMAIL,SR002,1407.56
T002789,C0005,CAMP012,2026-09-26,HOSPITAL_VISIT,SR002,1829.86
T002790,C0029,CAMP005,2026-09-26,HOSPITAL_VISIT,SR005,2291.72
T002791,C0011,CAMP006,2026-10-08,EMAIL,SR005,1337.48
T002792,C0011,CAMP006,2026-10-02,ONLINE,SR005,2908.77
T002793,C0001,CAMP004,2026-09-27,HOSPITAL_VISIT,SR005,1385.49
T002794,C0030,CAMP009,2026-09-23,ONLINE,SR003,619.36
T002795,C0030,CAMP001,2026-09-19,ONLINE,SR003,757.86
T002796,C0017,CAMP013,2026-09-14,CONFERENCE,SR001,985.74
T002797,C0017,CAMP004,2026-10-10,ONLINE,SR002,2591.15
T002798,C0001,CAMP015,2026-09-17,HOSPITAL_VISIT,SR004,1054.25
T002799,C0015,CAMP015,2026-10-06,HOSPITAL_VISIT,SR006,465.77
T002800,C0028,CAMP011,2026-10-01,ONLINE,SR003,2611.26
T002801,C0017,CAMP012,2026-10-19,CONFERENCE,SR001,2710.25
T002802,C0017,CAMP010,2026-09-21,CONFERENCE,SR001,2774.33
T002803,C0004,CAMP001,2026-09-16,ONLINE,SR001,1971.28
T002804,C0004,CAMP001,2026-10-08,HOSPITAL_VISIT,SR001,928.31
T002805,C0013,CAMP009,2026-09-16,HOSPITAL_VISIT,SR004,2149.48
T002806,C0013,CAMP006,2026-09-27,HOSPITAL_VISIT,SR004,1831.07
T002807,C0018,CAMP002,2026-09-23,HOSPITAL_VISIT,SR004,2226.24
T002808,C0019,CAMP011,2026-09-19,HOSPITAL_VISIT,SR006,624.9
T002809,C0016,CAMP004,2026-10-03,EMAIL,SR001,2618.6
T002810,C0006,CAMP014,2026-09-01,HOSPITAL_VISIT,SR005,2579.04
T002811,C0029,CAMP007,2026-10-04,HOSPITAL_VISIT,SR003,1473.46
T002812,C0035,CAMP013,2026-09-30,HOSPITAL_VISIT,SR011,2234.36
T002813,C0042,CAMP009,2026-09-26,CONFERENCE,SR007,2376.23
T002814,C0044,CAMP003,2026-09-15,EMAIL,SR009,874.25
T002815,C0044,CAMP011,2026-09-25,ONLINE,SR009,972.41
T002816,C0056,CAMP002,2026-09-20,HOSPITAL_VISIT,SR012,673.33
T002817,C0043,CAMP010,2026-09-30,HOSPITAL_VISIT,SR012,2064.86
T002818,C0043,CAMP001,2026-10-17,HOSPITAL_VISIT,SR012,515.48
T002819,C0036,CAMP005,2026-09-21,EMAIL,SR011,333.54
T002820,C0050,CAMP006,2026-09-13,ONLINE,SR010,635.1
T002821,C0050,CAMP005,2026-09-14,EMAIL,SR010,1090.68
T002822,C0036,CAMP009,2026-09-18,ONLINE,SR010,1863.13
T002823,C0036,CAMP007,2026-09-02,CONFERENCE,SR010,2133.2
T002824,C0057,CAMP002,2026-09-30,CONFERENCE,SR010,2359.69
T002825,C0034,CAMP001,2026-09-08,HOSPITAL_VISIT,SR012,2474.34
T002826,C0034,CAMP015,2026-08-31,ONLINE,SR010,2379.8
T002827,C0041,CAMP014,2026-09-05,CONFERENCE,SR007,421.73
T002828,C0034,CAMP002,2026-08-25,CONFERENCE,SR007,1677.06
T002829,C0043,CAMP015,2026-09-05,EMAIL,SR011,244.81
T002830,C0039,CAMP012,2026-10-18,HOSPITAL_VISIT,SR010,1659.41
T002831,C0039,CAMP015,2026-09-27,EMAIL,SR010,2097.18
T002832,C0047,CAMP002,2026-09-27,ONLINE,SR011,2725.4
T002833,C0047,CAMP015,2026-09-08,CONFERENCE,SR011,1640.8
T002834,C0052,CAMP002,2026-10-08,EMAIL,SR011,1618.27
T002835,C0040,CAMP012,2026-09-08,EMAIL,SR012,1750.67
T002836,C0040,CAMP013,2026-08-29,CONFERENCE,SR012,1998.48
T002837,C0047,CAMP002,2026-10-24,CONFERENCE,SR009,579.86
T002838,C0053,CAMP001,2026-09-12,CONFERENCE,SR010,2759.68
T002839,C0044,CAMP005,2026-09-26,HOSPITAL_VISIT,SR010,438.36
T002840,C0044,CAMP006,2026-09-08,CONFERENCE,SR010,2159.37
T002841,C0050,CAMP002,2026-09-15,CONFERENCE,SR012,350.05
T002842,C0033,CAMP015,2026-10-09,HOSPITAL_VISIT,SR009,2981.23
T002843,C0033,CAMP001,2026-09-18,EMAIL,SR009,1668.79
T002844,C0060,CAMP009,2026-09-30,ONLINE,SR009,1705.61
T002845,C0051,CAMP007,2026-09-04,ONLINE,SR012,502.92
T002846,C0040,CAMP006,2026-09-13,HOSPITAL_VISIT,SR008,1023.28
T002847,C0051,CAMP012,2026-09-16,EMAIL,SR011,1251.97
T002848,C0051,CAMP015,2026-10-08,CONFERENCE,SR011,1458.34
T002849,C0062,CAMP003,2026-09-16,EMAIL,SR016,1015.18
T002850,C0062,CAMP013,2026-09-23,ONLINE,SR016,586.54
T002851,C0067,CAMP006,2026-09-07,ONLINE,SR017,203.42
T002852,C0067,CAMP006,2026-09-11,EMAIL,SR017,1665.74
T002853,C0079,CAMP007,2026-09-14,HOSPITAL_VISIT,SR017,1727.5
T002854,C0079,CAMP006,2026-09-23,ONLINE,SR017,1471.03
T002855,C0086,CAMP009,2026-10-01,ONLINE,SR016,996.75
T002856,C0062,CAMP009,2026-08-25,EMAIL,SR014,1814.8
T002857,C0062,CAMP009,2026-09-17,HOSPITAL_VISIT,SR014,543.76
T002858,C0063,CAMP007,2026-09-14,ONLINE,SR018,804.96
T002859,C0063,CAMP008,2026-09-15,CONFERENCE,SR018,307.66
T002860,C0075,CAMP001,2026-10-10,CONFERENCE,SR016,2764.74
T002861,C0075,CAMP015,2026-09-25,EMAIL,SR016,1528.7
T002862,C0085,CAMP001,2026-09-28,EMAIL,SR015,430.88
T002863,C0099,CAMP014,2026-09-26,EMAIL,SR019,264.12
T002864,C0099,CAMP014,2026-09-23,EMAIL,SR019,2229.58
T002865,C0120,CAMP014,2026-09-16,HOSPITAL_VISIT,SR020,2474.74
T002866,C0120,CAMP010,2026-10-02,ONLINE,SR020,2951.8
T002867,C0099,CAMP014,2026-09-06,EMAIL,SR022,794.59
T002868,C0098,CAMP015,2026-08-25,ONLINE,SR024,321.93
T002869,C0107,CAMP007,2026-09-29,HOSPITAL_VISIT,SR024,2009.75
T002870,C0099,CAMP002,2026-09-07,HOSPITAL_VISIT,SR023,1252.15
T002871,C0099,CAMP005,2026-09-11,HOSPITAL_VISIT,SR023,1867.04
T002872,C0107,CAMP003,2026-10-02,HOSPITAL_VISIT,SR020,2339.64
T002873,C0118,CAMP007,2026-10-08,EMAIL,SR019,1482.54
T002874,C0118,CAMP010,2026-09-14,EMAIL,SR019,1670.51
T002875,C0116,CAMP003,2026-10-06,EMAIL,SR020,2750.65
T002876,C0094,CAMP007,2026-09-12,EMAIL,SR022,2714.51
T002877,C0094,CAMP013,2026-09-12,HOSPITAL_VISIT,SR022,1951.68
T002878,C0113,CAMP004,2026-09-30,ONLINE,SR024,1653.1
T002879,C0103,CAMP007,2026-09-13,EMAIL,SR022,673.96
T002880,C0103,CAMP003,2026-09-04,ONLINE,SR022,1019.28
T002881,C0106,CAMP010,2026-09-16,CONFERENCE,SR023,1114.15
T002882,C0117,CAMP010,2026-09-20,HOSPITAL_VISIT,SR022,1927.38
T002883,C0097,CAMP014,2026-09-27,HOSPITAL_VISIT,SR020,1940.55
T002884,C0097,CAMP005,2026-09-26,CONFERENCE,SR020,2915.57
T002885,C0098,CAMP013,2026-09-06,EMAIL,SR023,1184.99
T002886,C0098,CAMP001,2026-09-13,HOSPITAL_VISIT,SR023,2443.45
T002887,C0095,CAMP001,2026-09-21,EMAIL,SR022,2161.4
T002888,C0097,CAMP008,2026-09-27,HOSPITAL_VISIT,SR020,2109.52
T002889,C0114,CAMP006,2026-09-27,EMAIL,SR022,1069.89
T002890,C0114,CAMP007,2026-09-18,EMAIL,SR022,1454.78
T002891,C0020,CAMP008,2026-11-05,ONLINE,SR004,1698.8
T002892,C0020,CAMP013,2026-11-05,EMAIL,SR004,2494.84
T002893,C0020,CAMP008,2026-10-31,EMAIL,SR005,832.16
T002894,C0020,CAMP001,2026-11-20,EMAIL,SR005,343.78
T002895,C0025,CAMP009,2026-10-03,HOSPITAL_VISIT,SR004,1034.52
T002896,C0013,CAMP003,2026-10-09,CONFERENCE,SR001,2347.52
T002897,C0023,CAMP006,2026-11-13,HOSPITAL_VISIT,SR001,1098.58
T002898,C0023,CAMP007,2026-11-02,CONFERENCE,SR001,2831.97
T002899,C0018,CAMP007,2026-10-13,EMAIL,SR006,1641.95
T002900,C0014,CAMP014,2026-10-23,CONFERENCE,SR006,2437.12
T002901,C0020,CAMP009,2026-10-08,ONLINE,SR001,854.48
T002902,C0003,CAMP001,2026-11-12,CONFERENCE,SR003,2872.14
T002903,C0003,CAMP015,2026-11-05,CONFERENCE,SR003,452.23
T002904,C0023,CAMP014,2026-11-03,CONFERENCE,SR002,1061.97
T002905,C0023,CAMP015,2026-11-01,HOSPITAL_VISIT,SR002,2701.82
T002906,C0017,CAMP014,2026-10-13,CONFERENCE,SR002,2525.85
T002907,C0017,CAMP012,2026-10-26,EMAIL,SR002,1254.56
T002908,C0001,CAMP015,2026-10-25,HOSPITAL_VISIT,SR003,657.38
T002909,C0015,CAMP008,2026-10-24,ONLINE,SR006,2284.93
T002910,C0007,CAMP012,2026-10-30,HOSPITAL_VISIT,SR002,2032.55
T002911,C0001,CAMP005,2026-11-10,EMAIL,SR003,1606.82
T002912,C0001,CAMP014,2026-11-08,HOSPITAL_VISIT,SR003,218.49
T002913,C0016,CAMP011,2026-10-06,CONFERENCE,SR006,1107.87
T002914,C0013,CAMP015,2026-10-11,CONFERENCE,SR003,1220.06
T002915,C0013,CAMP004,2026-10-15,HOSPITAL_VISIT,SR003,1733.96
T002916,C0024,CAMP006,2026-11-15,EMAIL,SR004,937.02
T002917,C0024,CAMP001,2026-11-05,HOSPITAL_VISIT,SR004,1516.02
T002918,C0010,CAMP004,2026-10-10,HOSPITAL_VISIT,SR004,833.25
T002919,C0024,CAMP006,2026-11-08,ONLINE,SR003,708.86
T002920,C0017,CAMP004,2026-10-25,ONLINE,SR003,2306.76
T002921,C0017,CAMP006,2026-10-31,HOSPITAL_VISIT,SR003,217.54
T002922,C0025,CAMP011,2026-10-23,CONFERENCE,SR002,1771.49
T002923,C0025,CAMP014,2026-11-02,HOSPITAL_VISIT,SR002,1446.74
T002924,C0018,CAMP009,2026-10-16,ONLINE,SR004,1419.93
T002925,C0018,CAMP005,2026-10-29,ONLINE,SR004,287.79
T002926,C0005,CAMP011,2026-11-13,EMAIL,SR004,2926.95
T002927,C0005,CAMP001,2026-11-04,HOSPITAL_VISIT,SR004,2805.62
T002928,C0009,CAMP001,2026-11-02,HOSPITAL_VISIT,SR004,2668.75
T002929,C0024,CAMP010,2026-11-11,ONLINE,SR004,2401.24
T002930,C0024,CAMP010,2026-11-03,HOSPITAL_VISIT,SR004,2709.04
T002931,C0003,CAMP013,2026-11-19,ONLINE,SR002,1458.37
T002932,C0003,CAMP015,2026-10-20,ONLINE,SR002,1787.28
T002933,C0013,CAMP007,2026-10-02,CONFERENCE,SR002,446.9
T002934,C0013,CAMP003,2026-10-26,EMAIL,SR002,230.74
T002935,C0019,CAMP004,2026-10-17,HOSPITAL_VISIT,SR003,1868.77
T002936,C0019,CAMP009,2026-11-15,HOSPITAL_VISIT,SR003,960.36
T002937,C0019,CAMP013,2026-10-28,CONFERENCE,SR004,1037.05
T002938,C0019,CAMP004,2026-09-30,EMAIL,SR004,2090.38
T002939,C0011,CAMP008,2026-10-28,HOSPITAL_VISIT,SR001,2411.6
T002940,C0057,CAMP015,2026-11-02,EMAIL,SR010,1622.89
T002941,C0057,CAMP005,2026-10-05,CONFERENCE,SR010,1472.97
T002942,C0042,CAMP006,2026-10-25,EMAIL,SR008,301.58
T002943,C0042,CAMP010,2026-10-13,ONLINE,SR008,1127.89
T002944,C0039,CAMP004,2026-10-22,HOSPITAL_VISIT,SR008,2631.09
T002945,C0039,CAMP009,2026-11-10,CONFERENCE,SR008,934.61
T002946,C0032,CAMP004,2026-10-16,EMAIL,SR007,2761.9
T002947,C0058,CAMP009,2026-10-13,HOSPITAL_VISIT,SR009,516.11
T002948,C0035,CAMP010,2026-10-08,ONLINE,SR009,904.22
T002949,C0035,CAMP004,2026-11-03,EMAIL,SR009,852.32
T002950,C0040,CAMP005,2026-11-02,CONFERENCE,SR009,2118.47
T002951,C0032,CAMP003,2026-09-26,HOSPITAL_VISIT,SR011,2031.06
T002952,C0032,CAMP007,2026-10-27,EMAIL,SR011,2734.09
T002953,C0043,CAMP002,2026-11-11,ONLINE,SR007,1373.53
T002954,C0043,CAMP008,2026-10-21,CONFERENCE,SR007,652.29
T002955,C0055,CAMP015,2026-10-25,EMAIL,SR011,1118.25
T002956,C0055,CAMP001,2026-10-13,EMAIL,SR011,2934.52
T002957,C0033,CAMP006,2026-11-03,ONLINE,SR008,679.51
T002958,C0033,CAMP005,2026-10-26,EMAIL,SR008,2103.77
T002959,C0060,CAMP014,2026-11-09,EMAIL,SR011,2534.75
T002960,C0060,CAMP005,2026-10-31,HOSPITAL_VISIT,SR011,843.11
T002961,C0058,CAMP011,2026-10-26,EMAIL,SR011,1785.65
T002962,C0057,CAMP004,2026-11-11,CONFERENCE,SR011,917.89
T002963,C0035,CAMP012,2026-10-17,ONLINE,SR009,266.75
T002964,C0035,CAMP002,2026-10-31,EMAIL,SR009,1383.62
T002965,C0040,CAMP012,2026-10-16,EMAIL,SR011,1940.76
T002966,C0040,CAMP003,2026-11-18,ONLINE,SR011,1006.21
T002967,C0052,CAMP013,2026-10-25,HOSPITAL_VISIT,SR010,646.17
T002968,C0052,CAMP004,2026-10-20,ONLINE,SR010,858.53
T002969,C0032,CAMP014,2026-11-01,HOSPITAL_VISIT,SR009,1310.79
T002970,C0033,CAMP012,2026-10-23,ONLINE,SR008,464.04
T002971,C0033,CAMP014,2026-10-14,ONLINE,SR008,2226.31
T002972,C0032,CAMP013,2026-11-20,CONFERENCE,SR009,1377.69
T002973,C0032,CAMP009,2026-10-28,HOSPITAL_VISIT,SR009,632.96
T002974,C0032,CAMP013,2026-10-10,CONFERENCE,SR012,2037.31
T002975,C0032,CAMP010,2026-11-05,EMAIL,SR012,368.79
T002976,C0038,CAMP014,2026-10-28,CONFERENCE,SR007,2360.32
T002977,C0038,CAMP004,2026-10-13,EMAIL,SR007,1971.87
T002978,C0047,CAMP004,2026-09-29,ONLINE,SR010,885.45
T002979,C0047,CAMP012,2026-10-23,ONLINE,SR010,1921.56
T002980,C0055,CAMP002,2026-10-25,EMAIL,SR008,960.92
T002981,C0040,CAMP006,2026-11-06,CONFERENCE,SR008,2456.51
T002982,C0081,CAMP009,2026-10-17,CONFERENCE,SR018,1164.06
T002983,C0088,CAMP009,2026-10-04,ONLINE,SR014,1635.35
T002984,C0088,CAMP005,2026-10-15,CONFERENCE,SR014,1212.18
T002985,C0075,CAMP008,2026-10-08,ONLINE,SR018,1767.11
T002986,C0075,CAMP001,2026-10-08,ONLINE,SR018,615.55
T002987,C0070,CAMP003,2026-10-29,CONFERENCE,SR016,2592.0
T002988,C0071,CAMP013,2026-10-27,ONLINE,SR018,2132.35
T002989,C0084,CAMP005,2026-10-25,CONFERENCE,SR013,2749.85
T002990,C0071,CAMP009,2026-10-16,HOSPITAL_VISIT,SR013,370.11
T002991,C0072,CAMP011,2026-10-13,CONFERENCE,SR013,1123.72
T002992,C0072,CAMP003,2026-11-08,CONFERENCE,SR013,411.38
T002993,C0069,CAMP014,2026-10-18,ONLINE,SR018,1790.25
T002994,C0069,CAMP003,2026-11-09,HOSPITAL_VISIT,SR018,1169.27
T002995,C0086,CAMP015,2026-11-07,CONFERENCE,SR013,1918.19
T002996,C0086,CAMP014,2026-10-30,CONFERENCE,SR013,1933.24
T002997,C0067,CAMP010,2026-10-17,EMAIL,SR014,1514.97
T002998,C0067,CAMP006,2026-10-12,EMAIL,SR014,751.31
T002999,C0117,CAMP011,2026-11-12,HOSPITAL_VISIT,SR019,1724.35
T003000,C0117,CAMP015,2026-11-17,CONFERENCE,SR019,516.16
T003001,C0110,CAMP014,2026-10-04,ONLINE,SR024,2898.57
T003002,C0110,CAMP003,2026-09-24,HOSPITAL_VISIT,SR024,2082.89
T003003,C0093,CAMP012,2026-10-11,EMAIL,SR020,2277.72
T003004,C0093,CAMP013,2026-11-08,CONFERENCE,SR020,2677.82
T003005,C0120,CAMP004,2026-10-10,EMAIL,SR020,2504.53
T003006,C0120,CAMP009,2026-10-10,HOSPITAL_VISIT,SR020,1335.52
T003007,C0105,CAMP001,2026-10-13,ONLINE,SR020,2719.51
T003008,C0114,CAMP015,2026-10-14,CONFERENCE,SR019,2609.31
T003009,C0114,CAMP012,2026-11-09,CONFERENCE,SR019,1296.06
T003010,C0115,CAMP007,2026-10-24,ONLINE,SR023,440.0
T003011,C0115,CAMP011,2026-10-19,HOSPITAL_VISIT,SR023,2264.43
T003012,C0101,CAMP015,2026-11-04,ONLINE,SR020,1125.13
T003013,C0101,CAMP007,2026-10-05,ONLINE,SR020,1966.39
T003014,C0117,CAMP001,2026-10-28,CONFERENCE,SR024,1103.15
T003015,C0117,CAMP009,2026-10-13,ONLINE,SR024,1560.58
T003016,C0103,CAMP003,2026-10-31,ONLINE,SR019,231.66
T003017,C0099,CAMP004,2026-10-23,EMAIL,SR020,578.28
T003018,C0099,CAMP011,2026-10-17,HOSPITAL_VISIT,SR020,1157.17
T003019,C0118,CAMP010,2026-11-06,ONLINE,SR023,1819.49
T003020,C0107,CAMP005,2026-10-21,ONLINE,SR022,2116.7
T003021,C0094,CAMP008,2026-11-15,EMAIL,SR024,354.89
T003022,C0094,CAMP011,2026-11-08,EMAIL,SR024,1451.99
T003023,C0098,CAMP003,2026-10-17,ONLINE,SR024,2949.02
T003024,C0010,CAMP007,2026-12-01,EMAIL,SR006,2631.28
T003025,C0022,CAMP013,2026-11-04,ONLINE,SR001,2925.91
T003026,C0022,CAMP007,2026-11-05,CONFERENCE,SR001,506.52
T003027,C0013,CAMP006,2026-11-12,ONLINE,SR002,2474.73
T003028,C0013,CAMP001,2026-11-29,HOSPITAL_VISIT,SR002,228.12
T003029,C0017,CAMP013,2026-12-15,HOSPITAL_VISIT,SR005,864.03
T003030,C0017,CAMP007,2026-12-08,ONLINE,SR005,1016.79
T003031,C0014,CAMP006,2026-12-03,EMAIL,SR003,2337.46
T003032,C0014,CAMP006,2026-11-26,HOSPITAL_VISIT,SR003,2992.66
T003033,C0017,CAMP011,2026-11-19,HOSPITAL_VISIT,SR006,1548.93
T003034,C0017,CAMP009,2026-12-08,HOSPITAL_VISIT,SR006,2278.75
T003035,C0020,CAMP005,2026-11-20,HOSPITAL_VISIT,SR006,245.85
T003036,C0020,CAMP013,2026-11-14,CONFERENCE,SR006,2625.42
T003037,C0014,CAMP010,2026-12-16,CONFERENCE,SR001,2407.95
T003038,C0014,CAMP013,2026-11-03,HOSPITAL_VISIT,SR002,2808.6
T003039,C0014,CAMP014,2026-11-19,EMAIL,SR002,1664.16
T003040,C0029,CAMP007,2026-11-23,HOSPITAL_VISIT,SR001,2322.52
T003041,C0029,CAMP002,2026-11-24,ONLINE,SR001,244.93
T003042,C0029,CAMP012,2026-11-18,ONLINE,SR002,1778.49
T003043,C0001,CAMP014,2026-11-29,ONLINE,SR004,514.05
T003044,C0001,CAMP011,2026-11-03,ONLINE,SR004,1929.66
T003045,C0001,CAMP004,2026-11-26,ONLINE,SR002,2183.11
T003046,C0018,CAMP008,2026-12-13,EMAIL,SR006,560.14
T003047,C0018,CAMP014,2026-11-15,HOSPITAL_VISIT,SR006,2314.03
T003048,C0028,CAMP002,2026-12-06,HOSPITAL_VISIT,SR006,1701.12
T003049,C0028,CAMP006,2026-11-16,CONFERENCE,SR006,1622.46
T003050,C0029,CAMP001,2026-11-06,HOSPITAL_VISIT,SR001,1325.01
T003051,C0029,CAMP004,2026-11-29,HOSPITAL_VISIT,SR006,2996.95
T003052,C0005,CAMP004,2026-11-12,CONFERENCE,SR003,1578.02
T003053,C0018,CAMP013,2026-11-28,CONFERENCE,SR002,1589.79
T003054,C0008,CAMP004,2026-11-20,HOSPITAL_VISIT,SR001,1671.21
T003055,C0003,CAMP012,2026-11-13,ONLINE,SR003,277.14
T003056,C0007,CAMP007,2026-11-03,CONFERENCE,SR002,2876.19
T003057,C0007,CAMP009,2026-10-27,EMAIL,SR002,304.46
T003058,C0012,CAMP001,2026-11-13,ONLINE,SR005,2277.9
T003059,C0010,CAMP010,2026-11-17,HOSPITAL_VISIT,SR002,988.52
T003060,C0016,CAMP005,2026-11-21,HOSPITAL_VISIT,SR001,1065.6
T003061,C0016,CAMP015,2026-11-21,CONFERENCE,SR001,705.45
T003062,C0024,CAMP011,2026-12-03,ONLINE,SR001,1930.13
T003063,C0002,CAMP006,2026-11-02,ONLINE,SR001,2251.63
T003064,C0002,CAMP013,2026-11-26,CONFERENCE,SR001,1860.32
T003065,C0013,CAMP008,2026-10-30,ONLINE,SR001,873.54
T003066,C0013,CAMP005,2026-10-28,ONLINE,SR001,1515.94
T003067,C0013,CAMP005,2026-11-22,HOSPITAL_VISIT,SR005,1704.2
T003068,C0024,CAMP009,2026-11-04,CONFERENCE,SR001,1946.35
T003069,C0024,CAMP010,2026-11-30,ONLINE,SR001,491.0
T003070,C0026,CAMP005,2026-11-16,HOSPITAL_VISIT,SR004,1456.15
T003071,C0026,CAMP010,2026-11-28,HOSPITAL_VISIT,SR004,603.04
T003072,C0029,CAMP010,2026-11-07,ONLINE,SR005,435.61
T003073,C0029,CAMP004,2026-12-01,EMAIL,SR005,2492.97
T003074,C0006,CAMP014,2026-11-25,CONFERENCE,SR006,2088.96
T003075,C0042,CAMP002,2026-11-21,HOSPITAL_VISIT,SR009,1908.93
T003076,C0048,CAMP003,2026-11-09,CONFERENCE,SR007,904.11
T003077,C0048,CAMP007,2026-12-05,ONLINE,SR007,202.48
T003078,C0032,CAMP011,2026-12-02,HOSPITAL_VISIT,SR011,2645.95
T003079,C0032,CAMP007,2026-12-03,CONFERENCE,SR011,2352.96
T003080,C0046,CAMP012,2026-12-08,CONFERENCE,SR009,2772.02
T003081,C0058,CAMP001,2026-11-22,ONLINE,SR011,1043.01
T003082,C0058,CAMP015,2026-11-20,HOSPITAL_VISIT,SR011,1304.73
T003083,C0046,CAMP002,2026-11-11,CONFERENCE,SR007,1748.64
T003084,C0046,CAMP003,2026-11-29,ONLINE,SR007,2068.07
T003085,C0054,CAMP011,2026-11-29,ONLINE,SR008,743.25
T003086,C0054,CAMP010,2026-11-23,EMAIL,SR007,282.18
T003087,C0055,CAMP007,2026-11-16,ONLINE,SR009,1617.85
T003088,C0046,CAMP014,2026-11-20,HOSPITAL_VISIT,SR011,498.54
T003089,C0046,CAMP002,2026-12-15,ONLINE,SR011,1518.79
T003090,C0038,CAMP011,2026-10-29,CONFERENCE,SR010,1495.01
T003091,C0050,CAMP015,2026-12-12,HOSPITAL_VISIT,SR007,2844.83
T003092,C0050,CAMP009,2026-11-24,ONLINE,SR007,619.39
T003093,C0059,CAMP003,2026-11-12,HOSPITAL_VISIT,SR012,1572.78
T003094,C0059,CAMP001,2026-11-28,CONFERENCE,SR012,376.38
T003095,C0058,CAMP007,2026-12-12,EMAIL,SR012,2204.14
T003096,C0059,CAMP014,2026-11-18,HOSPITAL_VISIT,SR008,683.63
T003097,C0059,CAMP002,2026-12-02,HOSPITAL_VISIT,SR008,2533.83
T003098,C0060,CAMP013,2026-11-15,EMAIL,SR007,870.73
T003099,C0058,CAMP003,2026-12-02,ONLINE,SR008,2067.16
T003100,C0058,CAMP006,2026-11-19,ONLINE,SR008,2032.64
T003101,C0050,CAMP001,2026-12-02,EMAIL,SR010,267.47
T003102,C0050,CAMP010,2026-12-15,CONFERENCE,SR010,1611.55
T003103,C0058,CAMP001,2026-11-26,CONFERENCE,SR008,1602.41
T003104,C0058,CAMP005,2026-11-13,EMAIL,SR008,1006.65
T003105,C0040,CAMP010,2026-11-17,ONLINE,SR009,2286.83
T003106,C0046,CAMP014,2026-12-16,EMAIL,SR011,1610.39
T003107,C0049,CAMP006,2026-10-29,EMAIL,SR010,1328.38
T003108,C0049,CAMP013,2026-11-23,HOSPITAL_VISIT,SR010,2801.11
T003109,C0052,CAMP010,2026-12-06,EMAIL,SR009,989.06
T003110,C0032,CAMP001,2026-12-20,EMAIL,SR011,991.14
T003111,C0058,CAMP007,2026-12-13,EMAIL,SR007,2108.99
T003112,C0040,CAMP008,2026-11-09,CONFERENCE,SR007,1337.68
T003113,C0035,CAMP001,2026-12-03,EMAIL,SR008,1475.45
T003114,C0035,CAMP015,2026-11-16,ONLINE,SR008,533.01
T003115,C0053,CAMP015,2026-11-20,ONLINE,SR009,2795.65
T003116,C0053,CAMP013,2026-11-30,ONLINE,SR009,1571.29
T003117,C0045,CAMP002,2026-11-27,ONLINE,SR007,1109.18
T003118,C0045,CAMP006,2026-11-14,EMAIL,SR007,2674.33
T003119,C0053,CAMP011,2026-11-18,EMAIL,SR011,1742.68
T003120,C0055,CAMP005,2026-11-28,ONLINE,SR010,2097.0
T003121,C0052,CAMP002,2026-11-29,EMAIL,SR010,2306.99
T003122,C0052,CAMP012,2026-12-01,HOSPITAL_VISIT,SR010,620.27
T003123,C0076,CAMP015,2026-11-30,EMAIL,SR018,2796.24
T003124,C0076,CAMP003,2026-12-23,EMAIL,SR018,948.44
T003125,C0089,CAMP013,2026-12-08,CONFERENCE,SR013,2953.0
T003126,C0088,CAMP015,2026-10-29,EMAIL,SR014,1433.52
T003127,C0062,CAMP012,2026-11-11,HOSPITAL_VISIT,SR013,1514.09
T003128,C0062,CAMP013,2026-11-08,ONLINE,SR013,689.34
T003129,C0074,CAMP015,2026-11-25,HOSPITAL_VISIT,SR016,955.64
T003130,C0075,CAMP012,2026-11-18,EMAIL,SR015,1099.56
T003131,C0075,CAMP005,2026-11-23,EMAIL,SR015,259.11
T003132,C0087,CAMP010,2026-11-13,HOSPITAL_VISIT,SR018,2170.98
T003133,C0087,CAMP006,2026-10-30,HOSPITAL_VISIT,SR018,2526.88
T003134,C0084,CAMP004,2026-11-27,ONLINE,SR014,250.43
T003135,C0069,CAMP011,2026-11-15,EMAIL,SR018,1909.19
T003136,C0069,CAMP014,2026-11-06,CONFERENCE,SR018,2040.48
T003137,C0087,CAMP015,2026-11-30,EMAIL,SR013,1530.7
T003138,C0075,CAMP013,2026-11-07,CONFERENCE,SR015,1864.02
T003139,C0075,CAMP002,2026-11-29,EMAIL,SR015,2143.62
T003140,C0062,CAMP011,2026-12-12,EMAIL,SR018,2844.67
T003141,C0061,CAMP011,2026-11-13,CONFERENCE,SR013,1847.03
T003142,C0061,CAMP004,2026-12-01,HOSPITAL_VISIT,SR013,400.4
T003143,C0071,CAMP001,2026-11-07,CONFERENCE,SR016,1601.92
T003144,C0071,CAMP005,2026-11-25,ONLINE,SR016,961.19
T003145,C0100,CAMP008,2026-11-29,ONLINE,SR021,1130.02
T003146,C0100,CAMP007,2026-11-01,ONLINE,SR021,842.37
T003147,C0116,CAMP005,2026-12-11,EMAIL,SR024,2773.56
T003148,C0116,CAMP002,2026-12-13,HOSPITAL_VISIT,SR024,1852.31
T003149,C0109,CAMP011,2026-11-24,CONFERENCE,SR021,1265.84
T003150,C0100,CAMP002,2026-11-12,EMAIL,SR019,831.17
T003151,C0100,CAMP002,2026-11-24,HOSPITAL_VISIT,SR019,260.52
T003152,C0095,CAMP001,2026-11-23,CONFERENCE,SR024,2605.16
T003153,C0120,CAMP007,2026-11-16,EMAIL,SR024,1507.03
T003154,C0116,CAMP006,2026-11-11,ONLINE,SR023,2716.2
T003155,C0105,CAMP006,2026-11-19,ONLINE,SR023,2162.11
T003156,C0105,CAMP001,2026-11-19,ONLINE,SR023,1433.04
T003157,C0111,CAMP001,2026-12-14,EMAIL,SR019,1889.36
T003158,C0094,CAMP007,2026-11-10,HOSPITAL_VISIT,SR020,2463.78
T003159,C0105,CAMP015,2026-11-14,CONFERENCE,SR022,693.17
T003160,C0105,CAMP015,2026-11-07,HOSPITAL_VISIT,SR022,1638.76
T003161,C0110,CAMP014,2026-12-12,ONLINE,SR021,2757.22
T003162,C0110,CAMP013,2026-11-19,CONFERENCE,SR021,1319.05
T003163,C0106,CAMP004,2026-11-23,HOSPITAL_VISIT,SR024,1416.35
T003164,C0097,CAMP002,2026-12-07,EMAIL,SR022,471.12
T003165,C0097,CAMP011,2026-11-17,EMAIL,SR022,836.46
T003166,C0096,CAMP007,2026-11-08,EMAIL,SR019,646.03
T003167,C0103,CAMP009,2026-11-27,HOSPITAL_VISIT,SR021,1914.82
T003168,C0102,CAMP014,2026-11-18,EMAIL,SR021,1924.97
T003169,C0096,CAMP015,2026-11-04,HOSPITAL_VISIT,SR023,2962.28
T003170,C0096,CAMP001,2026-11-24,ONLINE,SR023,2316.15
T003171,C0119,CAMP005,2026-12-11,ONLINE,SR024,2051.01
T003172,C0119,CAMP011,2026-11-26,ONLINE,SR024,2944.63
T003173,C0112,CAMP007,2026-12-03,EMAIL,SR019,461.77
T003174,C0096,CAMP009,2026-11-19,ONLINE,SR024,421.19
T003175,C0105,CAMP007,2026-12-10,CONFERENCE,SR021,2501.13
T003176,C0119,CAMP013,2026-11-20,CONFERENCE,SR023,1088.62
T003177,C0119,CAMP006,2026-12-23,HOSPITAL_VISIT,SR023,2238.86
